ISO-10303-21;
HEADER;
FILE_DESCRIPTION (( 'STEP AP203' ),
    '1' );
FILE_NAME ('XLF-861+.STEP',
    '2021-04-03T07:50:40',
    ( '' ),
    ( '' ),
    'SwSTEP 2.0',
    'SolidWorks 2018',
    '' );
FILE_SCHEMA (( 'CONFIG_CONTROL_DESIGN' ));
ENDSEC;

DATA;
#1 = VECTOR ( 'NONE', #1678, 1000.000000000000000 ) ;
#2 = CARTESIAN_POINT ( 'NONE',  ( -1.499999999999999778, 0.0000000000000000000, -0.3950000000000000733 ) ) ;
#3 = ORIENTED_EDGE ( 'NONE', *, *, #1566, .F. ) ;
#4 = PLANE ( 'NONE',  #2549 ) ;
#5 = DIRECTION ( 'NONE',  ( -0.0000000000000000000, 1.000000000000000000, -0.0000000000000000000 ) ) ;
#6 = VECTOR ( 'NONE', #370, 1000.000000000000000 ) ;
#7 = CARTESIAN_POINT ( 'NONE',  ( 1.499999999999999556, 0.2000000000000000111, 0.6250000000000000000 ) ) ;
#8 = ORIENTED_EDGE ( 'NONE', *, *, #937, .T. ) ;
#9 = CARTESIAN_POINT ( 'NONE',  ( -0.6250000000000114353, 0.0000000000000000000, -1.089999999999993197 ) ) ;
#10 = EDGE_CURVE ( 'NONE', #1218, #317, #2466, .T. ) ;
#11 = CARTESIAN_POINT ( 'NONE',  ( -1.089999999999999858, 0.0000000000000000000, 0.6250000000000000000 ) ) ;
#12 = ORIENTED_EDGE ( 'NONE', *, *, #717, .T. ) ;
#13 = ADVANCED_FACE ( 'NONE', ( #1459 ), #1935, .F. ) ;
#14 = EDGE_CURVE ( 'NONE', #1762, #2796, #1383, .T. ) ;
#15 = ORIENTED_EDGE ( 'NONE', *, *, #307, .F. ) ;
#16 = CARTESIAN_POINT ( 'NONE',  ( 0.3950000000000038480, 0.2000000000000000111, 1.089999999999998526 ) ) ;
#17 = VERTEX_POINT ( 'NONE', #3552 ) ;
#18 = PERSON_AND_ORGANIZATION ( #751, #3054 ) ;
#19 = DIRECTION ( 'NONE',  ( 1.000000000000000000, 0.0000000000000000000, 0.0000000000000000000 ) ) ;
#20 = ORIENTED_EDGE ( 'NONE', *, *, #10, .T. ) ;
#21 = ORIENTED_EDGE ( 'NONE', *, *, #3808, .T. ) ;
#22 = FACE_OUTER_BOUND ( 'NONE', #3328, .T. ) ;
#23 = DIRECTION ( 'NONE',  ( -0.0000000000000000000, -1.000000000000000000, -0.0000000000000000000 ) ) ;
#24 = PLANE ( 'NONE',  #2381 ) ;
#25 = PERSON_AND_ORGANIZATION ( #751, #3054 ) ;
#26 = ORIENTED_EDGE ( 'NONE', *, *, #2294, .F. ) ;
#27 = DIRECTION ( 'NONE',  ( -1.047444401652940007E-14, -0.0000000000000000000, -1.000000000000000000 ) ) ;
#28 = FACE_OUTER_BOUND ( 'NONE', #4090, .T. ) ;
#29 = PLANE ( 'NONE',  #1665 ) ;
#30 = VERTEX_POINT ( 'NONE', #3525 ) ;
#31 = VECTOR ( 'NONE', #3104, 1000.000000000000000 ) ;
#32 = ADVANCED_FACE ( 'NONE', ( #1693 ), #1615, .F. ) ;
#33 = ORIENTED_EDGE ( 'NONE', *, *, #1198, .F. ) ;
#34 = DIRECTION ( 'NONE',  ( 1.000000000000000000, 0.0000000000000000000, -0.0000000000000000000 ) ) ;
#35 = LINE ( 'NONE', #2012, #3268 ) ;
#36 = ORIENTED_EDGE ( 'NONE', *, *, #3343, .T. ) ;
#37 = PRODUCT ( 'XLF-861+', 'XLF-861+', '', ( #2841 ) ) ;
#38 = DIRECTION ( 'NONE',  ( 0.0000000000000000000, -1.000000000000000000, 0.0000000000000000000 ) ) ;
#39 = ORIENTED_EDGE ( 'NONE', *, *, #1150, .T. ) ;
#40 = CARTESIAN_POINT ( 'NONE',  ( -0.9999999999999995559, 0.8400000000000000799, -1.175000000000000044 ) ) ;
#41 = EDGE_CURVE ( 'NONE', #525, #1033, #2059, .T. ) ;
#42 = AXIS2_PLACEMENT_3D ( 'NONE', #1835, #4102, #2168 ) ;
#43 = ORIENTED_EDGE ( 'NONE', *, *, #1363, .T. ) ;
#44 = DIRECTION ( 'NONE',  ( 0.0000000000000000000, -0.0000000000000000000, -1.000000000000000000 ) ) ;
#45 = ADVANCED_FACE ( 'NONE', ( #2150 ), #320, .F. ) ;
#46 = CARTESIAN_POINT ( 'NONE',  ( -1.499999999999999778, 0.0000000000000000000, -0.3950000000000000733 ) ) ;
#47 = DIRECTION ( 'NONE',  ( -1.000000000000000000, 0.0000000000000000000, -7.592011060113659166E-16 ) ) ;
#48 = LINE ( 'NONE', #1200, #4045 ) ;
#49 = EDGE_CURVE ( 'NONE', #2897, #1112, #1478, .T. ) ;
#50 = DIRECTION ( 'NONE',  ( 0.0000000000000000000, 0.0000000000000000000, -1.000000000000000000 ) ) ;
#51 = AXIS2_PLACEMENT_3D ( 'NONE', #961, #2040, #1074 ) ;
#52 = FACE_OUTER_BOUND ( 'NONE', #1871, .T. ) ;
#53 = CARTESIAN_POINT ( 'NONE',  ( -0.3950000000000157274, 0.0000000000000000000, -1.499999999999995781 ) ) ;
#54 = CARTESIAN_POINT ( 'NONE',  ( -0.9342869680558283374, -0.0000000000000000000, -1.400616594575732288 ) ) ;
#55 = VECTOR ( 'NONE', #2145, 1000.000000000000000 ) ;
#56 = DIRECTION ( 'NONE',  ( 0.0000000000000000000, -0.0000000000000000000, -1.000000000000000000 ) ) ;
#57 = DIRECTION ( 'NONE',  ( -0.0000000000000000000, -1.000000000000000000, -0.0000000000000000000 ) ) ;
#58 = ADVANCED_FACE ( 'NONE', ( #1278 ), #1602, .F. ) ;
#59 = DIRECTION ( 'NONE',  ( 0.0000000000000000000, 0.0000000000000000000, -1.000000000000000000 ) ) ;
#60 = FACE_OUTER_BOUND ( 'NONE', #3460, .T. ) ;
#61 = CARTESIAN_POINT ( 'NONE',  ( -0.6249999999999962252, 0.0000000000000000000, 1.090000000000002078 ) ) ;
#62 = ORIENTED_EDGE ( 'NONE', *, *, #2895, .F. ) ;
#63 = DIRECTION ( 'NONE',  ( -0.0000000000000000000, -1.000000000000000000, -0.0000000000000000000 ) ) ;
#64 = DIRECTION ( 'NONE',  ( -1.000000000000000000, 0.0000000000000000000, 0.0000000000000000000 ) ) ;
#65 = PLANE ( 'NONE',  #1671 ) ;
#66 = ADVANCED_FACE ( 'NONE', ( #4074 ), #2602, .T. ) ;
#67 = ORIENTED_EDGE ( 'NONE', *, *, #2160, .T. ) ;
#68 = EDGE_CURVE ( 'NONE', #2419, #2497, #3923, .T. ) ;
#69 = DIRECTION ( 'NONE',  ( -0.0000000000000000000, -1.000000000000000000, -0.0000000000000000000 ) ) ;
#70 = ORIENTED_EDGE ( 'NONE', *, *, #151, .T. ) ;
#71 = ORIENTED_EDGE ( 'NONE', *, *, #1070, .T. ) ;
#72 = DIRECTION ( 'NONE',  ( 3.437714205441843395E-15, -0.0000000000000000000, 1.000000000000000000 ) ) ;
#73 = EDGE_CURVE ( 'NONE', #2191, #3816, #2362, .T. ) ;
#74 = VERTEX_POINT ( 'NONE', #953 ) ;
#75 = DIRECTION ( 'NONE',  ( 1.047444401652940007E-14, 0.0000000000000000000, 1.000000000000000000 ) ) ;
#76 = ORIENTED_EDGE ( 'NONE', *, *, #4188, .T. ) ;
#77 = DIRECTION ( 'NONE',  ( 1.044536239345790961E-14, -0.0000000000000000000, 1.000000000000000000 ) ) ;
#78 = ADVANCED_FACE ( 'NONE', ( #3768 ), #938, .F. ) ;
#79 = VECTOR ( 'NONE', #2267, 1000.000000000000000 ) ;
#80 = ORIENTED_EDGE ( 'NONE', *, *, #2895, .T. ) ;
#81 = EDGE_CURVE ( 'NONE', #740, #30, #2767, .T. ) ;
#82 = CARTESIAN_POINT ( 'NONE',  ( -0.1149999999999947731, -0.4701063709417307446, 1.500000000000000222 ) ) ;
#83 = LINE ( 'NONE', #1522, #181 ) ;
#84 = CARTESIAN_POINT ( 'NONE',  ( 1.089999999999999858, -0.4701063709417307446, -0.6250000000000000000 ) ) ;
#85 = VERTEX_POINT ( 'NONE', #306 ) ;
#86 = VECTOR ( 'NONE', #3433, 1000.000000000000000 ) ;
#87 = ORIENTED_EDGE ( 'NONE', *, *, #258, .T. ) ;
#88 = LINE ( 'NONE', #130, #2418 ) ;
#89 = DIRECTION ( 'NONE',  ( 1.000000000000000000, -0.0000000000000000000, 1.495451272393799542E-16 ) ) ;
#90 = DIRECTION ( 'NONE',  ( -0.0000000000000000000, -1.000000000000000000, -0.0000000000000000000 ) ) ;
#91 = VECTOR ( 'NONE', #2383, 1000.000000000000000 ) ;
#92 = ORIENTED_EDGE ( 'NONE', *, *, #2889, .T. ) ;
#93 = EDGE_CURVE ( 'NONE', #1445, #1372, #2615, .T. ) ;
#94 = CARTESIAN_POINT ( 'NONE',  ( 0.3950000000000052913, 0.2000000000000000111, 1.499999999999998446 ) ) ;
#95 = DIRECTION ( 'NONE',  ( -0.0000000000000000000, 1.000000000000000000, -0.0000000000000000000 ) ) ;
#96 = FACE_OUTER_BOUND ( 'NONE', #4021, .T. ) ;
#97 = VERTEX_POINT ( 'NONE', #2255 ) ;
#98 = CARTESIAN_POINT ( 'NONE',  ( -1.499999999999999778, 0.2000000000000000111, -0.3950000000000000733 ) ) ;
#99 = ORIENTED_EDGE ( 'NONE', *, *, #2944, .F. ) ;
#100 = LINE ( 'NONE', #2279, #857 ) ;
#101 = DIRECTION ( 'NONE',  ( -1.047444401652940007E-14, -0.0000000000000000000, -1.000000000000000000 ) ) ;
#102 = EDGE_CURVE ( 'NONE', #2761, #2291, #4145, .T. ) ;
#103 = ORIENTED_EDGE ( 'NONE', *, *, #519, .T. ) ;
#104 = ADVANCED_FACE ( 'NONE', ( #2475 ), #393, .F. ) ;
#105 = VECTOR ( 'NONE', #955, 1000.000000000000000 ) ;
#106 = ORIENTED_EDGE ( 'NONE', *, *, #3646, .T. ) ;
#107 = DIRECTION ( 'NONE',  ( -1.000000000000000000, 0.0000000000000000000, 0.0000000000000000000 ) ) ;
#108 = DIRECTION ( 'NONE',  ( 7.592011060113659166E-16, 0.0000000000000000000, -1.000000000000000000 ) ) ;
#109 = LINE ( 'NONE', #1134, #2790 ) ;
#110 = EDGE_CURVE ( 'NONE', #2963, #3076, #3526, .T. ) ;
#111 = CARTESIAN_POINT ( 'NONE',  ( 0.3949999999999843636, 0.0000000000000000000, -1.500000000000003775 ) ) ;
#112 = PRODUCT_DEFINITION ( 'UNKNOWN', '', #1606, #2689 ) ;
#113 = CARTESIAN_POINT ( 'NONE',  ( 0.1150000000000038075, 0.2000000000000000111, 1.089999999999999414 ) ) ;
#114 = VECTOR ( 'NONE', #101, 1000.000000000000000 ) ;
#115 = CARTESIAN_POINT ( 'NONE',  ( 0.1150000000000052369, -0.4701063709417307446, 1.499999999999999334 ) ) ;
#116 = ORIENTED_EDGE ( 'NONE', *, *, #1821, .F. ) ;
#117 = CARTESIAN_POINT ( 'NONE',  ( 1.089999999999999636, -0.4701063709417307446, 0.6250000000000000000 ) ) ;
#118 = ORIENTED_EDGE ( 'NONE', *, *, #1219, .F. ) ;
#119 = DIRECTION ( 'NONE',  ( 0.0000000000000000000, 0.0000000000000000000, 1.000000000000000000 ) ) ;
#120 = CARTESIAN_POINT ( 'NONE',  ( 0.3950000000000052913, 0.0000000000000000000, 1.499999999999998446 ) ) ;
#121 = ORIENTED_EDGE ( 'NONE', *, *, #2918, .T. ) ;
#122 = DIRECTION ( 'NONE',  ( 1.000000000000000000, 0.0000000000000000000, 0.0000000000000000000 ) ) ;
#123 = ORIENTED_EDGE ( 'NONE', *, *, #435, .F. ) ;
#124 = EDGE_CURVE ( 'NONE', #1785, #317, #2162, .T. ) ;
#125 = CALENDAR_DATE ( 2021, 3, 4 ) ;
#126 = CARTESIAN_POINT ( 'NONE',  ( -0.9092869680558283152, 0.05000000000000000278, -1.400616594575732288 ) ) ;
#127 = LINE ( 'NONE', #3073, #1743 ) ;
#128 = EDGE_CURVE ( 'NONE', #2728, #2657, #1851, .T. ) ;
#129 = LOCAL_TIME ( 13, 20, 40.00000000000000000, #218 ) ;
#130 = CARTESIAN_POINT ( 'NONE',  ( -0.1149999999999947731, -0.0000000000000000000, 1.500000000000000222 ) ) ;
#131 = CARTESIAN_POINT ( 'NONE',  ( -1.499999999999999778, 0.2000000000000000111, 0.6250000000000000000 ) ) ;
#132 = ORIENTED_EDGE ( 'NONE', *, *, #329, .F. ) ;
#133 = AXIS2_PLACEMENT_3D ( 'NONE', #3631, #2317, #708 ) ;
#134 = CIRCLE ( 'NONE', #3453, 0.02500000000000006384 ) ;
#135 = ORIENTED_EDGE ( 'NONE', *, *, #779, .F. ) ;
#136 = DIRECTION ( 'NONE',  ( -1.000000000000000000, 0.0000000000000000000, 0.0000000000000000000 ) ) ;
#137 = APPLICATION_PROTOCOL_DEFINITION ( 'international standard', 'config_control_design', 1994, #1125 ) ;
#138 = VECTOR ( 'NONE', #1169, 1000.000000000000000 ) ;
#139 = FACE_OUTER_BOUND ( 'NONE', #1060, .T. ) ;
#140 = PRODUCT_RELATED_PRODUCT_CATEGORY ( 'detail', '', ( #37 ) ) ;
#141 = VERTEX_POINT ( 'NONE', #2658 ) ;
#142 = PLANE ( 'NONE',  #3784 ) ;
#143 = LINE ( 'NONE', #4199, #1954 ) ;
#144 = ORIENTED_EDGE ( 'NONE', *, *, #360, .F. ) ;
#145 = ORIENTED_EDGE ( 'NONE', *, *, #2396, .T. ) ;
#146 = DIRECTION ( 'NONE',  ( -0.0000000000000000000, 0.0000000000000000000, -1.000000000000000000 ) ) ;
#147 = CARTESIAN_POINT ( 'NONE',  ( 1.089999999999999858, 0.2000000000000000111, 0.1150000000000000050 ) ) ;
#148 = LINE ( 'NONE', #2197, #2683 ) ;
#149 = ORIENTED_EDGE ( 'NONE', *, *, #3101, .T. ) ;
#150 = VERTEX_POINT ( 'NONE', #3953 ) ;
#151 = EDGE_CURVE ( 'NONE', #3731, #874, #539, .T. ) ;
#152 = EDGE_CURVE ( 'NONE', #4195, #874, #3115, .T. ) ;
#153 = FACE_OUTER_BOUND ( 'NONE', #3285, .T. ) ;
#154 = VERTEX_POINT ( 'NONE', #3937 ) ;
#155 = FACE_OUTER_BOUND ( 'NONE', #3415, .T. ) ;
#156 = CARTESIAN_POINT ( 'NONE',  ( 0.0000000000000000000, 0.2000000000000000111, 0.0000000000000000000 ) ) ;
#157 = CARTESIAN_POINT ( 'NONE',  ( -1.499999999999999778, 0.2000000000000000111, 0.3950000000000000733 ) ) ;
#158 = DIRECTION ( 'NONE',  ( 1.047444401652940007E-14, 0.0000000000000000000, 1.000000000000000000 ) ) ;
#159 = ORIENTED_EDGE ( 'NONE', *, *, #4051, .T. ) ;
#160 = AXIS2_PLACEMENT_3D ( 'NONE', #3034, #2981, #1044 ) ;
#161 = DIRECTION ( 'NONE',  ( -1.000000000000000000, 0.0000000000000000000, 3.702153759706600275E-15 ) ) ;
#162 = FACE_OUTER_BOUND ( 'NONE', #908, .T. ) ;
#163 = CARTESIAN_POINT ( 'NONE',  ( -1.499999999999999556, 0.8900000000000000133, -1.499999999999999556 ) ) ;
#164 = FACE_OUTER_BOUND ( 'NONE', #2158, .T. ) ;
#165 = DIRECTION ( 'NONE',  ( 0.0000000000000000000, 0.0000000000000000000, 1.000000000000000000 ) ) ;
#166 = ORIENTED_EDGE ( 'NONE', *, *, #2579, .F. ) ;
#167 = CARTESIAN_POINT ( 'NONE',  ( -1.499999999999999556, 0.0000000000000000000, -1.499999999999999556 ) ) ;
#168 = DIRECTION ( 'NONE',  ( -1.000000000000000000, -0.0000000000000000000, -0.0000000000000000000 ) ) ;
#169 = DIRECTION ( 'NONE',  ( -1.000000000000000000, 0.0000000000000000000, 3.491481338843133355E-15 ) ) ;
#170 = ADVANCED_FACE ( 'NONE', ( #139 ), #2308, .F. ) ;
#171 = PLANE ( 'NONE',  #552 ) ;
#172 = PLANE ( 'NONE',  #42 ) ;
#173 = DESIGN_CONTEXT ( 'detailed design', #2412, 'design' ) ;
#174 = ORIENTED_EDGE ( 'NONE', *, *, #1170, .T. ) ;
#175 = DIRECTION ( 'NONE',  ( -0.0000000000000000000, -1.000000000000000000, -0.0000000000000000000 ) ) ;
#176 = FACE_OUTER_BOUND ( 'NONE', #2650, .T. ) ;
#177 = APPROVAL_STATUS ( 'not_yet_approved' ) ;
#178 = AXIS2_PLACEMENT_3D ( 'NONE', #3895, #1253, #654 ) ;
#179 = ORIENTED_EDGE ( 'NONE', *, *, #1928, .T. ) ;
#180 = AXIS2_PLACEMENT_3D ( 'NONE', #2843, #2530, #3169 ) ;
#181 = VECTOR ( 'NONE', #500, 1000.000000000000000 ) ;
#182 = ORIENTED_EDGE ( 'NONE', *, *, #3911, .T. ) ;
#183 = CARTESIAN_POINT ( 'NONE',  ( -1.499999999999999778, 0.0000000000000000000, 0.6250000000000000000 ) ) ;
#184 = ORIENTED_EDGE ( 'NONE', *, *, #2083, .T. ) ;
#185 = DIRECTION ( 'NONE',  ( -0.0000000000000000000, 1.000000000000000000, -0.0000000000000000000 ) ) ;
#186 = EDGE_CURVE ( 'NONE', #261, #2684, #991, .T. ) ;
#187 = FACE_OUTER_BOUND ( 'NONE', #1672, .T. ) ;
#188 = CARTESIAN_POINT ( 'NONE',  ( 0.3950000000000052913, 0.2000000000000000111, 1.499999999999998446 ) ) ;
#189 = AXIS2_PLACEMENT_3D ( 'NONE', #2208, #3161, #577 ) ;
#190 = LINE ( 'NONE', #1330, #2109 ) ;
#191 = ORIENTED_EDGE ( 'NONE', *, *, #1223, .T. ) ;
#192 = ORIENTED_EDGE ( 'NONE', *, *, #1196, .F. ) ;
#193 = CARTESIAN_POINT ( 'NONE',  ( 1.089999999999999858, 0.0000000000000000000, 0.1150000000000000050 ) ) ;
#194 = LINE ( 'NONE', #3166, #2264 ) ;
#195 = VERTEX_POINT ( 'NONE', #1984 ) ;
#196 = VERTEX_POINT ( 'NONE', #1351 ) ;
#197 = FACE_OUTER_BOUND ( 'NONE', #2195, .T. ) ;
#198 = CARTESIAN_POINT ( 'NONE',  ( 1.499999999999999778, -0.0000000000000000000, 0.1150000000000000050 ) ) ;
#199 = ORIENTED_EDGE ( 'NONE', *, *, #717, .F. ) ;
#200 = DIRECTION ( 'NONE',  ( 1.000000000000000000, 0.0000000000000000000, -1.044536239345790961E-14 ) ) ;
#201 = CARTESIAN_POINT ( 'NONE',  ( -1.499999999999999778, -0.4701063709417307446, 0.3950000000000000733 ) ) ;
#202 = FACE_OUTER_BOUND ( 'NONE', #3839, .T. ) ;
#203 = EDGE_CURVE ( 'NONE', #3731, #3263, #591, .T. ) ;
#204 = LINE ( 'NONE', #1471, #2690 ) ;
#205 = VERTEX_POINT ( 'NONE', #3654 ) ;
#206 = DIRECTION ( 'NONE',  ( 1.047444401652940007E-14, -0.0000000000000000000, 1.000000000000000000 ) ) ;
#207 = VECTOR ( 'NONE', #2247, 1000.000000000000000 ) ;
#208 = EDGE_CURVE ( 'NONE', #1112, #1218, #3062, .T. ) ;
#209 = ORIENTED_EDGE ( 'NONE', *, *, #1270, .F. ) ;
#210 = AXIS2_PLACEMENT_3D ( 'NONE', #303, #1273, #2227 ) ;
#211 = PLANE ( 'NONE',  #681 ) ;
#212 = DIRECTION ( 'NONE',  ( 0.0000000000000000000, 0.0000000000000000000, -1.000000000000000000 ) ) ;
#213 = CARTESIAN_POINT ( 'NONE',  ( -1.219903562631567517, 0.05000000000000000278, -1.114999999999993330 ) ) ;
#214 = ORIENTED_EDGE ( 'NONE', *, *, #3071, .F. ) ;
#215 = DIRECTION ( 'NONE',  ( 0.0000000000000000000, 0.0000000000000000000, -1.000000000000000000 ) ) ;
#216 = MANIFOLD_SOLID_BREP ( 'Boss-Extrude2[6]', #4141 ) ;
#217 = EDGE_LOOP ( 'NONE', ( #4077, #1370, #3548, #2688 ) ) ;
#218 = COORDINATED_UNIVERSAL_TIME_OFFSET ( 5, 30, .AHEAD. ) ;
#219 = DIRECTION ( 'NONE',  ( 3.491481338843133355E-15, -0.0000000000000000000, 1.000000000000000000 ) ) ;
#220 = EDGE_CURVE ( 'NONE', #916, #2538, #1800, .T. ) ;
#221 = ORIENTED_EDGE ( 'NONE', *, *, #2807, .T. ) ;
#222 = VECTOR ( 'NONE', #896, 1000.000000000000000 ) ;
#223 = PERSON_AND_ORGANIZATION ( #751, #3054 ) ;
#224 = ORIENTED_EDGE ( 'NONE', *, *, #3446, .F. ) ;
#225 = CARTESIAN_POINT ( 'NONE',  ( 0.3949999999999843636, 0.2000000000000000111, -1.500000000000003775 ) ) ;
#226 = DIRECTION ( 'NONE',  ( -0.0000000000000000000, 1.000000000000000000, 0.0000000000000000000 ) ) ;
#227 = LINE ( 'NONE', #40, #2513 ) ;
#228 = EDGE_CURVE ( 'NONE', #30, #1962, #3419, .T. ) ;
#229 = DIRECTION ( 'NONE',  ( -1.000000000000000000, 0.0000000000000000000, 0.0000000000000000000 ) ) ;
#230 = ORIENTED_EDGE ( 'NONE', *, *, #1491, .T. ) ;
#231 = LINE ( 'NONE', #863, #31 ) ;
#232 = CARTESIAN_POINT ( 'NONE',  ( -1.089999999999999858, 0.0000000000000000000, -0.3950000000000000733 ) ) ;
#233 = DIRECTION ( 'NONE',  ( 1.047444401652940007E-14, 0.0000000000000000000, 1.000000000000000000 ) ) ;
#234 = VECTOR ( 'NONE', #1897, 1000.000000000000000 ) ;
#235 =( GEOMETRIC_REPRESENTATION_CONTEXT ( 3 ) GLOBAL_UNCERTAINTY_ASSIGNED_CONTEXT ( ( #2920 ) ) GLOBAL_UNIT_ASSIGNED_CONTEXT ( ( #455, #3083, #2730 ) ) REPRESENTATION_CONTEXT ( 'NONE', 'WORKASPACE' ) );
#236 = ORIENTED_EDGE ( 'NONE', *, *, #3431, .F. ) ;
#237 = FACE_OUTER_BOUND ( 'NONE', #1395, .T. ) ;
#238 = CARTESIAN_POINT ( 'NONE',  ( -0.7250000000000003109, 0.0000000000000000000, 0.7250000000000000888 ) ) ;
#239 = DIRECTION ( 'NONE',  ( 1.000000000000000000, -0.0000000000000000000, 0.0000000000000000000 ) ) ;
#240 = VERTEX_POINT ( 'NONE', #378 ) ;
#241 = PERSON_AND_ORGANIZATION_ROLE ( 'creator' ) ;
#242 = ORIENTED_EDGE ( 'NONE', *, *, #2752, .F. ) ;
#243 = ADVANCED_FACE ( 'NONE', ( #2465 ), #3323, .F. ) ;
#244 = VECTOR ( 'NONE', #3449, 1000.000000000000000 ) ;
#245 = CARTESIAN_POINT ( 'NONE',  ( -1.499999999999999778, -0.4701063709417307446, -0.3950000000000000733 ) ) ;
#246 = VECTOR ( 'NONE', #3965, 1000.000000000000000 ) ;
#247 = AXIS2_PLACEMENT_3D ( 'NONE', #2550, #970, #4168 ) ;
#248 = DIRECTION ( 'NONE',  ( -1.000000000000000000, 0.0000000000000000000, 0.0000000000000000000 ) ) ;
#249 = ORIENTED_EDGE ( 'NONE', *, *, #784, .T. ) ;
#250 = VECTOR ( 'NONE', #2415, 1000.000000000000000 ) ;
#251 = EDGE_CURVE ( 'NONE', #3687, #2000, #3823, .T. ) ;
#252 = FACE_OUTER_BOUND ( 'NONE', #2886, .T. ) ;
#253 = CARTESIAN_POINT ( 'NONE',  ( -1.499999999999999778, 0.2000000000000000111, 0.3950000000000000733 ) ) ;
#254 = CARTESIAN_POINT ( 'NONE',  ( -0.6250000000000157652, 0.2000000000000000111, -1.499999999999993117 ) ) ;
#255 = LINE ( 'NONE', #3400, #1165 ) ;
#256 = DIRECTION ( 'NONE',  ( 1.000000000000000000, 0.0000000000000000000, -1.047444401652940007E-14 ) ) ;
#257 = VECTOR ( 'NONE', #2864, 1000.000000000000000 ) ;
#258 = EDGE_CURVE ( 'NONE', #317, #2000, #1186, .T. ) ;
#259 = CARTESIAN_POINT ( 'NONE',  ( 1.499999999999999556, 0.2000000000000000111, 0.3950000000000000733 ) ) ;
#260 = EDGE_LOOP ( 'NONE', ( #2071, #3753, #369, #3014 ) ) ;
#261 = VERTEX_POINT ( 'NONE', #111 ) ;
#262 = DIRECTION ( 'NONE',  ( -0.0000000000000000000, 1.000000000000000000, -0.0000000000000000000 ) ) ;
#263 = VERTEX_POINT ( 'NONE', #3362 ) ;
#264 = CARTESIAN_POINT ( 'NONE',  ( -0.6250000000000114353, -0.4701063709417307446, -1.089999999999993197 ) ) ;
#265 = DIRECTION ( 'NONE',  ( -1.000000000000000000, 0.0000000000000000000, 3.771137991253928672E-15 ) ) ;
#266 = ORIENTED_EDGE ( 'NONE', *, *, #784, .F. ) ;
#267 = LINE ( 'NONE', #115, #929 ) ;
#268 = ORIENTED_EDGE ( 'NONE', *, *, #1436, .T. ) ;
#269 = PLANE ( 'NONE',  #2283 ) ;
#270 = ORIENTED_EDGE ( 'NONE', *, *, #433, .F. ) ;
#271 = VECTOR ( 'NONE', #3412, 1000.000000000000000 ) ;
#272 = CARTESIAN_POINT ( 'NONE',  ( -1.499999999999999778, 0.2000000000000000111, -0.3950000000000000733 ) ) ;
#273 = EDGE_CURVE ( 'NONE', #516, #916, #846, .T. ) ;
#274 = EDGE_LOOP ( 'NONE', ( #2322, #3391, #701, #1428 ) ) ;
#275 = DIRECTION ( 'NONE',  ( -1.000000000000000000, 0.0000000000000000000, 3.491481338843133355E-15 ) ) ;
#276 = VECTOR ( 'NONE', #3519, 1000.000000000000000 ) ;
#277 = CARTESIAN_POINT ( 'NONE',  ( 1.089999999999999636, -0.4701063709417307446, 0.3950000000000000733 ) ) ;
#278 = ORIENTED_EDGE ( 'NONE', *, *, #1103, .F. ) ;
#279 = EDGE_CURVE ( 'NONE', #2419, #752, #3982, .T. ) ;
#280 = LINE ( 'NONE', #974, #4140 ) ;
#281 = VERTEX_POINT ( 'NONE', #4049 ) ;
#282 = PLANE ( 'NONE',  #2926 ) ;
#283 = ORIENTED_EDGE ( 'NONE', *, *, #3472, .T. ) ;
#284 = VECTOR ( 'NONE', #2170, 1000.000000000000000 ) ;
#285 = ORIENTED_EDGE ( 'NONE', *, *, #1390, .F. ) ;
#286 = VERTEX_POINT ( 'NONE', #1113 ) ;
#287 = DIRECTION ( 'NONE',  ( -1.000000000000000000, 0.0000000000000000000, 1.131341397376178602E-14 ) ) ;
#288 = VECTOR ( 'NONE', #406, 1000.000000000000000 ) ;
#289 = CARTESIAN_POINT ( 'NONE',  ( -1.244903562631567429, 0.05000000000000000278, -1.400616594575732288 ) ) ;
#290 = ORIENTED_EDGE ( 'NONE', *, *, #2460, .T. ) ;
#291 = CARTESIAN_POINT ( 'NONE',  ( -0.3950000000000157274, 0.2000000000000000111, -1.499999999999995781 ) ) ;
#292 = CARTESIAN_POINT ( 'NONE',  ( 1.499999999999999556, 0.2000000000000000111, 0.3950000000000000733 ) ) ;
#293 = VECTOR ( 'NONE', #3545, 1000.000000000000000 ) ;
#294 = ORIENTED_EDGE ( 'NONE', *, *, #357, .F. ) ;
#295 = FACE_OUTER_BOUND ( 'NONE', #3950, .T. ) ;
#296 = DIRECTION ( 'NONE',  ( 3.470769149724937955E-15, 0.0000000000000000000, 1.000000000000000000 ) ) ;
#297 = EDGE_CURVE ( 'NONE', #3924, #1996, #1232, .T. ) ;
#298 = EDGE_CURVE ( 'NONE', #1801, #1626, #1965, .T. ) ;
#299 = LINE ( 'NONE', #2638, #3648 ) ;
#300 = ORIENTED_EDGE ( 'NONE', *, *, #186, .T. ) ;
#301 = LINE ( 'NONE', #556, #3798 ) ;
#302 = DIRECTION ( 'NONE',  ( 0.0000000000000000000, 0.0000000000000000000, -1.000000000000000000 ) ) ;
#303 = CARTESIAN_POINT ( 'NONE',  ( -0.9999999999999995559, 0.8400000000000000799, -1.000000000000000000 ) ) ;
#304 = DIRECTION ( 'NONE',  ( 0.0000000000000000000, 0.0000000000000000000, 1.000000000000000000 ) ) ;
#305 = ORIENTED_EDGE ( 'NONE', *, *, #1616, .F. ) ;
#306 = CARTESIAN_POINT ( 'NONE',  ( -0.3949999999999961875, 0.2000000000000000111, 1.090000000000001190 ) ) ;
#307 = EDGE_CURVE ( 'NONE', #3027, #1886, #1537, .T. ) ;
#308 = PLANE ( 'NONE',  #247 ) ;
#309 = ORIENTED_EDGE ( 'NONE', *, *, #3336, .F. ) ;
#310 = CC_DESIGN_PERSON_AND_ORGANIZATION_ASSIGNMENT ( #1176, #560, ( #37 ) ) ;
#311 = VERTEX_POINT ( 'NONE', #1409 ) ;
#312 = VECTOR ( 'NONE', #3019, 1000.000000000000000 ) ;
#313 = CARTESIAN_POINT ( 'NONE',  ( -1.499999999999999778, 0.2000000000000000111, 0.3950000000000000733 ) ) ;
#314 = ORIENTED_EDGE ( 'NONE', *, *, #1955, .T. ) ;
#315 = DIRECTION ( 'NONE',  ( -1.000000000000000000, 0.0000000000000000000, -0.0000000000000000000 ) ) ;
#316 = CARTESIAN_POINT ( 'NONE',  ( -1.499999999999999556, 0.8900000000000000133, -1.499999999999999556 ) ) ;
#317 = VERTEX_POINT ( 'NONE', #3016 ) ;
#318 = LINE ( 'NONE', #2401, #3566 ) ;
#319 = PERSON_AND_ORGANIZATION ( #751, #3054 ) ;
#320 = PLANE ( 'NONE',  #905 ) ;
#321 = ADVANCED_FACE ( 'NONE', ( #1584 ), #789, .F. ) ;
#322 = EDGE_LOOP ( 'NONE', ( #3910, #2523, #994, #469 ) ) ;
#323 = LINE ( 'NONE', #4203, #2303 ) ;
#324 = VECTOR ( 'NONE', #2956, 1000.000000000000000 ) ;
#325 = ORIENTED_EDGE ( 'NONE', *, *, #2288, .F. ) ;
#326 = DIRECTION ( 'NONE',  ( 1.047841733774100299E-14, -0.0000000000000000000, 1.000000000000000000 ) ) ;
#327 = DIRECTION ( 'NONE',  ( -0.0000000000000000000, -1.000000000000000000, -0.0000000000000000000 ) ) ;
#328 = FACE_OUTER_BOUND ( 'NONE', #4115, .T. ) ;
#329 = EDGE_CURVE ( 'NONE', #3864, #1445, #2357, .T. ) ;
#330 = EDGE_CURVE ( 'NONE', #3213, #3116, #4082, .T. ) ;
#331 = VERTEX_POINT ( 'NONE', #2094 ) ;
#332 = CARTESIAN_POINT ( 'NONE',  ( -0.9342869680558283374, -0.0000000000000000000, -1.425616594575732421 ) ) ;
#333 = AXIS2_PLACEMENT_3D ( 'NONE', #466, #1396, #1730 ) ;
#334 = VECTOR ( 'NONE', #2436, 1000.000000000000000 ) ;
#335 = DIRECTION ( 'NONE',  ( 0.0000000000000000000, 1.000000000000000000, 0.0000000000000000000 ) ) ;
#336 = DIRECTION ( 'NONE',  ( 0.0000000000000000000, 0.0000000000000000000, -1.000000000000000000 ) ) ;
#337 = ORIENTED_EDGE ( 'NONE', *, *, #2375, .F. ) ;
#338 = EDGE_CURVE ( 'NONE', #3172, #2298, #1124, .T. ) ;
#339 = EDGE_LOOP ( 'NONE', ( #630, #2166, #1201, #2832 ) ) ;
#340 = LINE ( 'NONE', #2893, #3478 ) ;
#341 = AXIS2_PLACEMENT_3D ( 'NONE', #1427, #821, #3035 ) ;
#342 = ORIENTED_EDGE ( 'NONE', *, *, #3996, .F. ) ;
#343 = CARTESIAN_POINT ( 'NONE',  ( 0.7249999999999998668, 0.0000000000000000000, -0.7249999999999998668 ) ) ;
#344 = LINE ( 'NONE', #1475, #244 ) ;
#345 = MANIFOLD_SOLID_BREP ( 'Boss-Extrude2[8]', #462 ) ;
#346 = ADVANCED_FACE ( 'NONE', ( #1419 ), #3337, .F. ) ;
#347 = FACE_OUTER_BOUND ( 'NONE', #2260, .T. ) ;
#348 = DIRECTION ( 'NONE',  ( -0.0000000000000000000, -0.0000000000000000000, 1.000000000000000000 ) ) ;
#349 = VERTEX_POINT ( 'NONE', #2063 ) ;
#350 = CARTESIAN_POINT ( 'NONE',  ( -1.499999999999999778, 0.2000000000000000111, -0.6250000000000000000 ) ) ;
#351 = LINE ( 'NONE', #4202, #3546 ) ;
#352 = DIRECTION ( 'NONE',  ( 1.000000000000000000, -0.0000000000000000000, -1.445602896647339163E-16 ) ) ;
#353 = ORIENTED_EDGE ( 'NONE', *, *, #838, .F. ) ;
#354 = LINE ( 'NONE', #1963, #4009 ) ;
#355 = DIRECTION ( 'NONE',  ( 0.0000000000000000000, 0.0000000000000000000, -1.000000000000000000 ) ) ;
#356 = EDGE_CURVE ( 'NONE', #2745, #1549, #1168, .T. ) ;
#357 = EDGE_CURVE ( 'NONE', #2758, #2911, #2748, .T. ) ;
#358 = DIRECTION ( 'NONE',  ( 0.0000000000000000000, 0.0000000000000000000, 1.000000000000000000 ) ) ;
#359 = DIRECTION ( 'NONE',  ( 1.000000000000000000, 0.0000000000000000000, -1.047444401652940007E-14 ) ) ;
#360 = EDGE_CURVE ( 'NONE', #1037, #2339, #2648, .T. ) ;
#361 = ORIENTED_EDGE ( 'NONE', *, *, #110, .F. ) ;
#362 = ORIENTED_EDGE ( 'NONE', *, *, #2028, .T. ) ;
#363 = AXIS2_PLACEMENT_3D ( 'NONE', #3262, #1966, #1677 ) ;
#364 = ORIENTED_EDGE ( 'NONE', *, *, #1749, .F. ) ;
#365 = CARTESIAN_POINT ( 'NONE',  ( 0.0000000000000000000, 0.0000000000000000000, 0.0000000000000000000 ) ) ;
#366 = ADVANCED_FACE ( 'NONE', ( #2038 ), #3107, .F. ) ;
#367 = ORIENTED_EDGE ( 'NONE', *, *, #41, .T. ) ;
#368 = CARTESIAN_POINT ( 'NONE',  ( 0.6249999999999843459, 0.2000000000000000111, -1.500000000000006217 ) ) ;
#369 = ORIENTED_EDGE ( 'NONE', *, *, #638, .F. ) ;
#370 = DIRECTION ( 'NONE',  ( -1.000000000000000000, -0.0000000000000000000, -0.0000000000000000000 ) ) ;
#371 = VERTEX_POINT ( 'NONE', #1848 ) ;
#372 = LINE ( 'NONE', #1155, #1275 ) ;
#373 = EDGE_LOOP ( 'NONE', ( #1679, #3484, #2448, #2736 ) ) ;
#374 = ADVANCED_FACE ( 'NONE', ( #617 ), #510, .F. ) ;
#375 = CARTESIAN_POINT ( 'NONE',  ( 1.499999999999999556, -0.4701063709417307446, 0.3950000000000000733 ) ) ;
#376 = EDGE_LOOP ( 'NONE', ( #442, #1283, #4067, #486 ) ) ;
#377 = VECTOR ( 'NONE', #248, 1000.000000000000000 ) ;
#378 = CARTESIAN_POINT ( 'NONE',  ( -1.499999999999999778, 0.2000000000000000111, -0.1150000000000000050 ) ) ;
#379 = ORIENTED_EDGE ( 'NONE', *, *, #4058, .F. ) ;
#380 = CARTESIAN_POINT ( 'NONE',  ( 1.499999999999999778, 0.2000000000000000111, -0.1150000000000000050 ) ) ;
#381 = FACE_OUTER_BOUND ( 'NONE', #3969, .T. ) ;
#382 = ORIENTED_EDGE ( 'NONE', *, *, #2482, .F. ) ;
#383 = CARTESIAN_POINT ( 'NONE',  ( -0.1150000000000157147, 0.2000000000000000111, -1.499999999999998446 ) ) ;
#384 = ADVANCED_FACE ( 'NONE', ( #1516 ), #172, .F. ) ;
#385 = FACE_OUTER_BOUND ( 'NONE', #866, .T. ) ;
#386 = ORIENTED_EDGE ( 'NONE', *, *, #1779, .T. ) ;
#387 = DIRECTION ( 'NONE',  ( -1.000000000000000000, 0.0000000000000000000, 0.0000000000000000000 ) ) ;
#388 = ORIENTED_EDGE ( 'NONE', *, *, #3557, .F. ) ;
#389 = CARTESIAN_POINT ( 'NONE',  ( 1.499999999999999778, 0.2000000000000000111, -0.6250000000000000000 ) ) ;
#390 = LINE ( 'NONE', #3253, #1402 ) ;
#391 = EDGE_CURVE ( 'NONE', #3145, #410, #301, .T. ) ;
#392 = ORIENTED_EDGE ( 'NONE', *, *, #81, .T. ) ;
#393 = PLANE ( 'NONE',  #3730 ) ;
#394 = AXIS2_PLACEMENT_3D ( 'NONE', #3024, #2718, #781 ) ;
#395 = VECTOR ( 'NONE', #1481, 1000.000000000000000 ) ;
#396 = DIRECTION ( 'NONE',  ( -0.0000000000000000000, 1.000000000000000000, -0.0000000000000000000 ) ) ;
#397 = DIRECTION ( 'NONE',  ( 0.0000000000000000000, -1.000000000000000000, 0.0000000000000000000 ) ) ;
#398 = ADVANCED_FACE ( 'NONE', ( #825 ), #2444, .T. ) ;
#399 = MANIFOLD_SOLID_BREP ( 'Cut-Extrude4', #3445 ) ;
#400 = CIRCLE ( 'NONE', #2398, 0.02500000000000006384 ) ;
#401 = CARTESIAN_POINT ( 'NONE',  ( 1.499999999999999556, 0.2000000000000000111, 0.6250000000000000000 ) ) ;
#402 = LINE ( 'NONE', #3238, #2034 ) ;
#403 = CARTESIAN_POINT ( 'NONE',  ( 0.6250000000000037748, 0.0000000000000000000, 1.089999999999997637 ) ) ;
#404 = ORIENTED_EDGE ( 'NONE', *, *, #3366, .F. ) ;
#405 = ADVANCED_FACE ( 'NONE', ( #664 ), #2557, .F. ) ;
#406 = DIRECTION ( 'NONE',  ( -0.0000000000000000000, -0.0000000000000000000, 1.000000000000000000 ) ) ;
#407 = ORIENTED_EDGE ( 'NONE', *, *, #2373, .F. ) ;
#408 = EDGE_CURVE ( 'NONE', #465, #1336, #512, .T. ) ;
#409 = DIRECTION ( 'NONE',  ( -0.0000000000000000000, 1.000000000000000000, -0.0000000000000000000 ) ) ;
#410 = VERTEX_POINT ( 'NONE', #903 ) ;
#411 = CARTESIAN_POINT ( 'NONE',  ( -1.089999999999999858, 0.0000000000000000000, 0.1150000000000000050 ) ) ;
#412 = EDGE_CURVE ( 'NONE', #1470, #3542, #819, .T. ) ;
#413 = ADVANCED_FACE ( 'NONE', ( #2234 ), #2504, .F. ) ;
#414 = ORIENTED_EDGE ( 'NONE', *, *, #2149, .T. ) ;
#415 = CARTESIAN_POINT ( 'NONE',  ( -1.499999999999999778, 0.2000000000000000111, -0.1150000000000000050 ) ) ;
#416 = DIRECTION ( 'NONE',  ( -1.000000000000000000, 0.0000000000000000000, 3.771137991253927883E-15 ) ) ;
#417 = LINE ( 'NONE', #2018, #3303 ) ;
#418 = DIRECTION ( 'NONE',  ( 1.000000000000000000, 0.0000000000000000000, -0.0000000000000000000 ) ) ;
#419 = ORIENTED_EDGE ( 'NONE', *, *, #1070, .F. ) ;
#420 = DIRECTION ( 'NONE',  ( -0.0000000000000000000, 0.0000000000000000000, 1.000000000000000000 ) ) ;
#421 = LINE ( 'NONE', #2775, #3356 ) ;
#422 = CALENDAR_DATE ( 2021, 3, 4 ) ;
#423 = ORIENTED_EDGE ( 'NONE', *, *, #2028, .F. ) ;
#424 = CARTESIAN_POINT ( 'NONE',  ( 1.499999999999999556, 0.2000000000000000111, 0.3950000000000000733 ) ) ;
#425 = LINE ( 'NONE', #1705, #887 ) ;
#426 = ADVANCED_FACE ( 'NONE', ( #1978 ), #2540, .F. ) ;
#427 = ORIENTED_EDGE ( 'NONE', *, *, #495, .F. ) ;
#428 = CARTESIAN_POINT ( 'NONE',  ( 0.1149999999999842953, 0.2000000000000000111, -1.500000000000001110 ) ) ;
#429 = LINE ( 'NONE', #3723, #3930 ) ;
#430 = CARTESIAN_POINT ( 'NONE',  ( 1.089999999999999858, 0.0000000000000000000, 0.1150000000000000050 ) ) ;
#431 = DIRECTION ( 'NONE',  ( 0.0000000000000000000, 0.0000000000000000000, 1.000000000000000000 ) ) ;
#432 = ORIENTED_EDGE ( 'NONE', *, *, #3101, .F. ) ;
#433 = EDGE_CURVE ( 'NONE', #3113, #525, #3710, .T. ) ;
#434 = LINE ( 'NONE', #599, #3780 ) ;
#435 = EDGE_CURVE ( 'NONE', #1033, #832, #3393, .T. ) ;
#436 = VECTOR ( 'NONE', #2670, 1000.000000000000000 ) ;
#437 = ORIENTED_EDGE ( 'NONE', *, *, #220, .F. ) ;
#438 = CARTESIAN_POINT ( 'NONE',  ( 1.500000000000000444, 0.8900000000000000133, 1.499999999999999778 ) ) ;
#439 = DIRECTION ( 'NONE',  ( 0.0000000000000000000, 0.0000000000000000000, -1.000000000000000000 ) ) ;
#440 = ORIENTED_EDGE ( 'NONE', *, *, #1219, .T. ) ;
#441 = LINE ( 'NONE', #1908, #1651 ) ;
#442 = ORIENTED_EDGE ( 'NONE', *, *, #1421, .F. ) ;
#443 = CARTESIAN_POINT ( 'NONE',  ( 1.499999999999999556, 0.0000000000000000000, 0.6250000000000000000 ) ) ;
#444 = ORIENTED_EDGE ( 'NONE', *, *, #2962, .T. ) ;
#445 = VECTOR ( 'NONE', #1410, 1000.000000000000000 ) ;
#446 = PLANE ( 'NONE',  #3321 ) ;
#447 = DIRECTION ( 'NONE',  ( -0.0000000000000000000, -0.0000000000000000000, -1.000000000000000000 ) ) ;
#448 = FACE_OUTER_BOUND ( 'NONE', #1702, .T. ) ;
#449 = EDGE_CURVE ( 'NONE', #1996, #2246, #3009, .T. ) ;
#450 = DIRECTION ( 'NONE',  ( 1.000000000000000000, 0.0000000000000000000, 0.0000000000000000000 ) ) ;
#451 = ORIENTED_EDGE ( 'NONE', *, *, #679, .T. ) ;
#452 = CC_DESIGN_APPROVAL ( #1028, ( #2852 ) ) ;
#453 = DIRECTION ( 'NONE',  ( 1.000000000000000000, 0.0000000000000000000, -3.771137991253928672E-15 ) ) ;
#454 = LINE ( 'NONE', #4071, #2743 ) ;
#455 =( LENGTH_UNIT ( ) NAMED_UNIT ( * ) SI_UNIT ( .MILLI., .METRE. ) );
#456 = ORIENTED_EDGE ( 'NONE', *, *, #3240, .F. ) ;
#457 = DIRECTION ( 'NONE',  ( 0.0000000000000000000, 0.0000000000000000000, 1.000000000000000000 ) ) ;
#458 = LINE ( 'NONE', #924, #3796 ) ;
#459 = DIRECTION ( 'NONE',  ( -0.0000000000000000000, 1.000000000000000000, -0.0000000000000000000 ) ) ;
#460 = DIRECTION ( 'NONE',  ( 3.702153759706600275E-15, 0.0000000000000000000, 1.000000000000000000 ) ) ;
#461 = ADVANCED_FACE ( 'NONE', ( #252 ), #4150, .F. ) ;
#462 = CLOSED_SHELL ( 'NONE', ( #2982, #2334, #1192, #1075, #1680, #2225 ) ) ;
#463 = CARTESIAN_POINT ( 'NONE',  ( 0.1150000000000038075, -0.4701063709417307446, 1.089999999999999414 ) ) ;
#464 = DIRECTION ( 'NONE',  ( 0.0000000000000000000, 0.0000000000000000000, 1.000000000000000000 ) ) ;
#465 = VERTEX_POINT ( 'NONE', #2239 ) ;
#466 = CARTESIAN_POINT ( 'NONE',  ( 0.6250000000000053291, 0.2000000000000000111, 1.499999999999997558 ) ) ;
#467 = PERSON_AND_ORGANIZATION_ROLE ( 'design_supplier' ) ;
#468 = EDGE_CURVE ( 'NONE', #2771, #4065, #569, .T. ) ;
#469 = ORIENTED_EDGE ( 'NONE', *, *, #3120, .T. ) ;
#470 = AXIS2_PLACEMENT_3D ( 'NONE', #2193, #2524, #610 ) ;
#471 = PLANE ( 'NONE',  #4169 ) ;
#472 = DIRECTION ( 'NONE',  ( -0.0000000000000000000, 1.000000000000000000, -0.0000000000000000000 ) ) ;
#473 = AXIS2_PLACEMENT_3D ( 'NONE', #2204, #1561, #1884 ) ;
#474 = ORIENTED_EDGE ( 'NONE', *, *, #2481, .F. ) ;
#475 = FACE_OUTER_BOUND ( 'NONE', #2757, .T. ) ;
#476 = EDGE_CURVE ( 'NONE', #2139, #3432, #1541, .T. ) ;
#477 = DIRECTION ( 'NONE',  ( 0.0000000000000000000, -0.0000000000000000000, -1.000000000000000000 ) ) ;
#478 = DIRECTION ( 'NONE',  ( -0.0000000000000000000, -1.000000000000000000, -0.0000000000000000000 ) ) ;
#479 = ORIENTED_EDGE ( 'NONE', *, *, #2579, .T. ) ;
#480 = LINE ( 'NONE', #3989, #684 ) ;
#481 = CARTESIAN_POINT ( 'NONE',  ( 0.0000000000000000000, 0.0000000000000000000, 0.0000000000000000000 ) ) ;
#482 = ORIENTED_EDGE ( 'NONE', *, *, #1374, .F. ) ;
#483 = DIRECTION ( 'NONE',  ( -0.0000000000000000000, -1.000000000000000000, -0.0000000000000000000 ) ) ;
#484 = DIRECTION ( 'NONE',  ( -0.0000000000000000000, 0.0000000000000000000, 1.000000000000000000 ) ) ;
#485 = VECTOR ( 'NONE', #2501, 1000.000000000000000 ) ;
#486 = ORIENTED_EDGE ( 'NONE', *, *, #3042, .T. ) ;
#487 = CARTESIAN_POINT ( 'NONE',  ( -1.089999999999999858, 0.2000000000000000111, -0.6250000000000000000 ) ) ;
#488 = FACE_OUTER_BOUND ( 'NONE', #3470, .T. ) ;
#489 = DIRECTION ( 'NONE',  ( -0.0000000000000000000, 1.000000000000000000, -0.0000000000000000000 ) ) ;
#490 = ORIENTED_EDGE ( 'NONE', *, *, #4139, .T. ) ;
#491 = CARTESIAN_POINT ( 'NONE',  ( 1.500000000000000444, 0.8900000000000000133, -1.500000000000000000 ) ) ;
#492 = VECTOR ( 'NONE', #4093, 1000.000000000000000 ) ;
#493 = ORIENTED_EDGE ( 'NONE', *, *, #2807, .F. ) ;
#494 = ORIENTED_EDGE ( 'NONE', *, *, #1333, .F. ) ;
#495 = EDGE_CURVE ( 'NONE', #1549, #1708, #4059, .T. ) ;
#496 = LINE ( 'NONE', #4078, #3788 ) ;
#497 = SECURITY_CLASSIFICATION_LEVEL ( 'unclassified' ) ;
#498 = DIRECTION ( 'NONE',  ( 0.0000000000000000000, 0.0000000000000000000, 1.000000000000000000 ) ) ;
#499 = VECTOR ( 'NONE', #1895, 1000.000000000000000 ) ;
#500 = DIRECTION ( 'NONE',  ( -1.047444401652940007E-14, -0.0000000000000000000, -1.000000000000000000 ) ) ;
#501 = EDGE_CURVE ( 'NONE', #85, #2144, #3622, .T. ) ;
#502 = AXIS2_PLACEMENT_3D ( 'NONE', #2120, #2404, #2777 ) ;
#503 = DIRECTION ( 'NONE',  ( 0.0000000000000000000, 0.0000000000000000000, 1.000000000000000000 ) ) ;
#504 = VECTOR ( 'NONE', #447, 1000.000000000000000 ) ;
#505 = ADVANCED_FACE ( 'NONE', ( #836 ), #3829, .F. ) ;
#506 = DIRECTION ( 'NONE',  ( -0.0000000000000000000, -1.000000000000000000, -0.0000000000000000000 ) ) ;
#507 = DIRECTION ( 'NONE',  ( 0.0000000000000000000, -1.000000000000000000, 0.0000000000000000000 ) ) ;
#508 = EDGE_CURVE ( 'NONE', #3864, #3185, #2087, .T. ) ;
#509 = LINE ( 'NONE', #4061, #4057 ) ;
#510 = PLANE ( 'NONE',  #1251 ) ;
#511 = ORIENTED_EDGE ( 'NONE', *, *, #3118, .F. ) ;
#512 = LINE ( 'NONE', #1918, #1778 ) ;
#513 = APPROVAL_STATUS ( 'not_yet_approved' ) ;
#514 = CARTESIAN_POINT ( 'NONE',  ( -0.6250000000000157652, 0.2000000000000000111, -1.499999999999993117 ) ) ;
#515 = ORIENTED_EDGE ( 'NONE', *, *, #3801, .F. ) ;
#516 = VERTEX_POINT ( 'NONE', #2838 ) ;
#517 = VERTEX_POINT ( 'NONE', #1888 ) ;
#518 = DIRECTION ( 'NONE',  ( -0.0000000000000000000, -1.000000000000000000, -0.0000000000000000000 ) ) ;
#519 = EDGE_CURVE ( 'NONE', #952, #4060, #1212, .T. ) ;
#520 = ORIENTED_EDGE ( 'NONE', *, *, #1515, .F. ) ;
#521 = EDGE_CURVE ( 'NONE', #1642, #1733, #1417, .T. ) ;
#522 = ORIENTED_EDGE ( 'NONE', *, *, #977, .T. ) ;
#523 = DIRECTION ( 'NONE',  ( 0.0000000000000000000, -1.000000000000000000, 0.0000000000000000000 ) ) ;
#524 = EDGE_CURVE ( 'NONE', #2616, #3266, #402, .T. ) ;
#525 = VERTEX_POINT ( 'NONE', #3904 ) ;
#526 = ORIENTED_EDGE ( 'NONE', *, *, #2061, .F. ) ;
#527 = DIRECTION ( 'NONE',  ( -0.0000000000000000000, -1.000000000000000000, -0.0000000000000000000 ) ) ;
#528 = LINE ( 'NONE', #2548, #739 ) ;
#529 = CARTESIAN_POINT ( 'NONE',  ( -0.1150000000000114125, 0.2000000000000000111, -1.089999999999998526 ) ) ;
#530 = MANIFOLD_SOLID_BREP ( 'Boss-Extrude2[5]', #3701 ) ;
#531 = PERSON_AND_ORGANIZATION ( #751, #3054 ) ;
#532 = CLOSED_SHELL ( 'NONE', ( #426, #1960, #2487, #78, #3896, #2020 ) ) ;
#533 = LINE ( 'NONE', #1018, #2062 ) ;
#534 = DIRECTION ( 'NONE',  ( -0.0000000000000000000, 1.000000000000000000, -0.0000000000000000000 ) ) ;
#535 = VECTOR ( 'NONE', #3347, 1000.000000000000000 ) ;
#536 = CC_DESIGN_APPROVAL ( #2330, ( #112 ) ) ;
#537 = VERTEX_POINT ( 'NONE', #3580 ) ;
#538 = VECTOR ( 'NONE', #1558, 1000.000000000000000 ) ;
#539 = LINE ( 'NONE', #3304, #1641 ) ;
#540 = ORIENTED_EDGE ( 'NONE', *, *, #3918, .T. ) ;
#541 = CARTESIAN_POINT ( 'NONE',  ( -0.3949999999999961875, 0.0000000000000000000, 1.090000000000001190 ) ) ;
#542 = DIRECTION ( 'NONE',  ( -1.000000000000000000, 0.0000000000000000000, 0.0000000000000000000 ) ) ;
#543 = ORIENTED_EDGE ( 'NONE', *, *, #49, .F. ) ;
#544 = CARTESIAN_POINT ( 'NONE',  ( 0.7249999999999996447, 0.05000000000000000278, 0.7250000000000000888 ) ) ;
#545 = VECTOR ( 'NONE', #2866, 1000.000000000000000 ) ;
#546 = ORIENTED_EDGE ( 'NONE', *, *, #68, .T. ) ;
#547 = DIRECTION ( 'NONE',  ( -1.000000000000000000, 0.0000000000000000000, 3.491481338843133355E-15 ) ) ;
#548 = ORIENTED_EDGE ( 'NONE', *, *, #689, .T. ) ;
#549 = DIRECTION ( 'NONE',  ( 3.771137991253928672E-15, 0.0000000000000000000, 1.000000000000000000 ) ) ;
#550 = LINE ( 'NONE', #3410, #2732 ) ;
#551 = ORIENTED_EDGE ( 'NONE', *, *, #228, .F. ) ;
#552 = AXIS2_PLACEMENT_3D ( 'NONE', #2766, #2058, #2740 ) ;
#553 = EDGE_LOOP ( 'NONE', ( #2306, #3872, #625, #2272 ) ) ;
#554 = DIRECTION ( 'NONE',  ( -0.0000000000000000000, 1.000000000000000000, -0.0000000000000000000 ) ) ;
#555 = VECTOR ( 'NONE', #453, 1000.000000000000000 ) ;
#556 = CARTESIAN_POINT ( 'NONE',  ( 1.499999999999999778, 0.0000000000000000000, -0.6250000000000000000 ) ) ;
#557 = EDGE_CURVE ( 'NONE', #2242, #1674, #2746, .T. ) ;
#558 = DIRECTION ( 'NONE',  ( -1.000000000000000000, 0.0000000000000000000, 3.771137991253927883E-15 ) ) ;
#559 = VECTOR ( 'NONE', #431, 1000.000000000000000 ) ;
#560 = PERSON_AND_ORGANIZATION_ROLE ( 'design_owner' ) ;
#561 = PLANE ( 'NONE',  #1327 ) ;
#562 = DIRECTION ( 'NONE',  ( 1.000000000000000000, 0.0000000000000000000, 0.0000000000000000000 ) ) ;
#563 = LINE ( 'NONE', #3614, #6 ) ;
#564 = EDGE_CURVE ( 'NONE', #2761, #141, #2333, .T. ) ;
#565 = DIRECTION ( 'NONE',  ( -0.0000000000000000000, 1.000000000000000000, -0.0000000000000000000 ) ) ;
#566 = ORIENTED_EDGE ( 'NONE', *, *, #958, .F. ) ;
#567 = FACE_OUTER_BOUND ( 'NONE', #1083, .T. ) ;
#568 = DIRECTION ( 'NONE',  ( 1.000000000000000000, 0.0000000000000000000, -1.131341397376178602E-14 ) ) ;
#569 = LINE ( 'NONE', #3184, #257 ) ;
#570 = DIRECTION ( 'NONE',  ( -0.0000000000000000000, 0.0000000000000000000, -1.000000000000000000 ) ) ;
#571 = ORIENTED_EDGE ( 'NONE', *, *, #1717, .T. ) ;
#572 = DIRECTION ( 'NONE',  ( 1.000000000000000000, 0.0000000000000000000, -0.0000000000000000000 ) ) ;
#573 = ORIENTED_EDGE ( 'NONE', *, *, #1296, .T. ) ;
#574 = ORIENTED_EDGE ( 'NONE', *, *, #203, .F. ) ;
#575 = VERTEX_POINT ( 'NONE', #1929 ) ;
#576 = CARTESIAN_POINT ( 'NONE',  ( 0.3949999999999843636, 0.0000000000000000000, -1.500000000000003775 ) ) ;
#577 = DIRECTION ( 'NONE',  ( -1.000000000000000000, 0.0000000000000000000, 3.491481338843133355E-15 ) ) ;
#578 = EDGE_CURVE ( 'NONE', #3116, #3880, #354, .T. ) ;
#579 = EDGE_CURVE ( 'NONE', #1964, #1860, #914, .T. ) ;
#580 = ORIENTED_EDGE ( 'NONE', *, *, #2545, .F. ) ;
#581 = DIRECTION ( 'NONE',  ( -3.491481338843133355E-15, 0.0000000000000000000, -1.000000000000000000 ) ) ;
#582 = ORIENTED_EDGE ( 'NONE', *, *, #744, .F. ) ;
#583 = DIRECTION ( 'NONE',  ( 1.000000000000000000, 0.0000000000000000000, 0.0000000000000000000 ) ) ;
#584 = DIRECTION ( 'NONE',  ( 0.0000000000000000000, -0.0000000000000000000, 1.000000000000000000 ) ) ;
#585 = VECTOR ( 'NONE', #2389, 1000.000000000000000 ) ;
#586 = ORIENTED_EDGE ( 'NONE', *, *, #102, .T. ) ;
#587 = EDGE_CURVE ( 'NONE', #2881, #2806, #3040, .T. ) ;
#588 = ADVANCED_FACE ( 'NONE', ( #164 ), #1624, .F. ) ;
#589 = ORIENTED_EDGE ( 'NONE', *, *, #2321, .F. ) ;
#590 = VECTOR ( 'NONE', #219, 1000.000000000000000 ) ;
#591 = LINE ( 'NONE', #94, #324 ) ;
#592 = ORIENTED_EDGE ( 'NONE', *, *, #2910, .F. ) ;
#593 = DIRECTION ( 'NONE',  ( 1.000000000000000000, 0.0000000000000000000, -1.047444401652940007E-14 ) ) ;
#594 = FACE_OUTER_BOUND ( 'NONE', #2848, .T. ) ;
#595 = CC_DESIGN_PERSON_AND_ORGANIZATION_ASSIGNMENT ( #1382, #467, ( #2852 ) ) ;
#596 = ORIENTED_EDGE ( 'NONE', *, *, #2962, .F. ) ;
#597 = EDGE_LOOP ( 'NONE', ( #191, #3317, #574, #70 ) ) ;
#598 = LINE ( 'NONE', #1620, #1110 ) ;
#599 = CARTESIAN_POINT ( 'NONE',  ( 0.3950000000000038480, 0.0000000000000000000, 1.089999999999998526 ) ) ;
#600 = ORIENTED_EDGE ( 'NONE', *, *, #2314, .T. ) ;
#601 = DIRECTION ( 'NONE',  ( -0.0000000000000000000, -1.000000000000000000, -0.0000000000000000000 ) ) ;
#602 = ORIENTED_EDGE ( 'NONE', *, *, #1054, .T. ) ;
#603 = LINE ( 'NONE', #805, #555 ) ;
#604 = CARTESIAN_POINT ( 'NONE',  ( -1.089999999999999858, -0.4701063709417307446, -0.6250000000000000000 ) ) ;
#605 = ORIENTED_EDGE ( 'NONE', *, *, #2129, .T. ) ;
#606 = VECTOR ( 'NONE', #1511, 1000.000000000000000 ) ;
#607 = DIRECTION ( 'NONE',  ( -1.000000000000000000, 0.0000000000000000000, 1.445602896647339163E-16 ) ) ;
#608 = ADVANCED_FACE ( 'NONE', ( #2134 ), #2952, .F. ) ;
#609 = VECTOR ( 'NONE', #4018, 1000.000000000000000 ) ;
#610 = DIRECTION ( 'NONE',  ( 1.000000000000000000, 0.0000000000000000000, 0.0000000000000000000 ) ) ;
#611 = EDGE_CURVE ( 'NONE', #3633, #801, #822, .T. ) ;
#612 = CARTESIAN_POINT ( 'NONE',  ( -0.6250000000000114353, 0.0000000000000000000, -1.089999999999993197 ) ) ;
#613 = LINE ( 'NONE', #3036, #3956 ) ;
#614 = DIRECTION ( 'NONE',  ( 0.0000000000000000000, 0.0000000000000000000, -1.000000000000000000 ) ) ;
#615 = ORIENTED_EDGE ( 'NONE', *, *, #2791, .F. ) ;
#616 = DIRECTION ( 'NONE',  ( -1.000000000000000000, 0.0000000000000000000, 1.044536239345790961E-14 ) ) ;
#617 = FACE_OUTER_BOUND ( 'NONE', #1956, .T. ) ;
#618 = EDGE_CURVE ( 'NONE', #3488, #2865, #3243, .T. ) ;
#619 = DIRECTION ( 'NONE',  ( -0.0000000000000000000, 1.000000000000000000, -0.0000000000000000000 ) ) ;
#620 = ORIENTED_EDGE ( 'NONE', *, *, #1490, .F. ) ;
#621 = CARTESIAN_POINT ( 'NONE',  ( -0.3949999999999961875, 0.2000000000000000111, 1.090000000000001190 ) ) ;
#622 = VERTEX_POINT ( 'NONE', #313 ) ;
#623 = ORIENTED_EDGE ( 'NONE', *, *, #73, .T. ) ;
#624 = DIRECTION ( 'NONE',  ( 0.0000000000000000000, 0.0000000000000000000, -1.000000000000000000 ) ) ;
#625 = ORIENTED_EDGE ( 'NONE', *, *, #524, .T. ) ;
#626 = SHAPE_DEFINITION_REPRESENTATION ( #2755, #2795 ) ;
#627 = CARTESIAN_POINT ( 'NONE',  ( -0.6250000000000114353, 0.0000000000000000000, -1.089999999999993197 ) ) ;
#628 = ORIENTED_EDGE ( 'NONE', *, *, #2696, .T. ) ;
#629 = VECTOR ( 'NONE', #3927, 1000.000000000000000 ) ;
#630 = ORIENTED_EDGE ( 'NONE', *, *, #2676, .F. ) ;
#631 = CARTESIAN_POINT ( 'NONE',  ( -1.089999999999999858, 0.0000000000000000000, -0.6250000000000000000 ) ) ;
#632 = PERSON_AND_ORGANIZATION ( #751, #3054 ) ;
#633 = EDGE_CURVE ( 'NONE', #3623, #3511, #1362, .T. ) ;
#634 = ORIENTED_EDGE ( 'NONE', *, *, #2805, .T. ) ;
#635 = CIRCLE ( 'NONE', #700, 0.1750000000000000167 ) ;
#636 = CARTESIAN_POINT ( 'NONE',  ( -0.3949999999999947997, 0.2000000000000000111, 1.500000000000001110 ) ) ;
#637 = ORIENTED_EDGE ( 'NONE', *, *, #3310, .T. ) ;
#638 = EDGE_CURVE ( 'NONE', #3735, #2435, #3499, .T. ) ;
#639 = FACE_OUTER_BOUND ( 'NONE', #1792, .T. ) ;
#640 = CARTESIAN_POINT ( 'NONE',  ( 1.089999999999999636, -0.4701063709417307446, 0.3950000000000000733 ) ) ;
#641 = ORIENTED_EDGE ( 'NONE', *, *, #1296, .F. ) ;
#642 = CARTESIAN_POINT ( 'NONE',  ( -1.089999999999999858, 0.2000000000000000111, -0.6250000000000000000 ) ) ;
#643 = VECTOR ( 'NONE', #2526, 1000.000000000000000 ) ;
#644 = ORIENTED_EDGE ( 'NONE', *, *, #1374, .T. ) ;
#645 = DIRECTION ( 'NONE',  ( -1.000000000000000000, 0.0000000000000000000, 1.047444401652940007E-14 ) ) ;
#646 = VERTEX_POINT ( 'NONE', #411 ) ;
#647 = CARTESIAN_POINT ( 'NONE',  ( 1.499999999999999778, 0.2000000000000000111, -0.3950000000000000733 ) ) ;
#648 = ADVANCED_FACE ( 'NONE', ( #2390 ), #2320, .F. ) ;
#649 = LINE ( 'NONE', #2022, #1502 ) ;
#650 = ORIENTED_EDGE ( 'NONE', *, *, #4167, .F. ) ;
#651 = ORIENTED_EDGE ( 'NONE', *, *, #3708, .T. ) ;
#652 = CARTESIAN_POINT ( 'NONE',  ( -1.499999999999999778, 0.2000000000000000111, -0.1150000000000000050 ) ) ;
#653 = LINE ( 'NONE', #2271, #499 ) ;
#654 = DIRECTION ( 'NONE',  ( 0.0000000000000000000, -0.0000000000000000000, -1.000000000000000000 ) ) ;
#655 = VECTOR ( 'NONE', #2366, 1000.000000000000000 ) ;
#656 = EDGE_CURVE ( 'NONE', #2804, #3551, #1463, .T. ) ;
#657 = EDGE_CURVE ( 'NONE', #1626, #4160, #3086, .T. ) ;
#658 = VECTOR ( 'NONE', #1563, 1000.000000000000000 ) ;
#659 = CARTESIAN_POINT ( 'NONE',  ( 0.3950000000000052913, 0.0000000000000000000, 1.499999999999998446 ) ) ;
#660 = CARTESIAN_POINT ( 'NONE',  ( 1.499999999999999778, 0.2000000000000000111, -0.3950000000000000733 ) ) ;
#661 = VERTEX_POINT ( 'NONE', #2041 ) ;
#662 = VECTOR ( 'NONE', #2747, 1000.000000000000000 ) ;
#663 = AXIS2_PLACEMENT_3D ( 'NONE', #2050, #1703, #2388 ) ;
#664 = FACE_OUTER_BOUND ( 'NONE', #2302, .T. ) ;
#665 = ORIENTED_EDGE ( 'NONE', *, *, #1015, .F. ) ;
#666 = ADVANCED_FACE ( 'NONE', ( #1513 ), #3663, .F. ) ;
#667 = PLANE ( 'NONE',  #2756 ) ;
#668 = ORIENTED_EDGE ( 'NONE', *, *, #3094, .T. ) ;
#669 = CARTESIAN_POINT ( 'NONE',  ( 0.7249999999999996447, 0.05000000000000000278, 0.7250000000000000888 ) ) ;
#670 = AXIS2_PLACEMENT_3D ( 'NONE', #3807, #616, #2515 ) ;
#671 = ORIENTED_EDGE ( 'NONE', *, *, #1774, .F. ) ;
#672 = CALENDAR_DATE ( 2021, 3, 4 ) ;
#673 = CARTESIAN_POINT ( 'NONE',  ( -0.6250000000000114353, 0.2000000000000000111, -1.089999999999993197 ) ) ;
#674 = EDGE_LOOP ( 'NONE', ( #2876, #3401, #2862, #4134 ) ) ;
#675 = CARTESIAN_POINT ( 'NONE',  ( 0.6249999999999886757, 0.2000000000000000111, -1.090000000000006297 ) ) ;
#676 = DIRECTION ( 'NONE',  ( -0.0000000000000000000, 1.000000000000000000, -0.0000000000000000000 ) ) ;
#677 = LINE ( 'NONE', #3705, #2202 ) ;
#678 = CARTESIAN_POINT ( 'NONE',  ( 1.499999999999999778, 0.2000000000000000111, -0.1150000000000000050 ) ) ;
#679 = EDGE_CURVE ( 'NONE', #2329, #3027, #2443, .T. ) ;
#680 = VERTEX_POINT ( 'NONE', #3344 ) ;
#681 = AXIS2_PLACEMENT_3D ( 'NONE', #4069, #1166, #1131 ) ;
#682 = ORIENTED_EDGE ( 'NONE', *, *, #2782, .F. ) ;
#683 = DIRECTION ( 'NONE',  ( 0.0000000000000000000, 0.0000000000000000000, -1.000000000000000000 ) ) ;
#684 = VECTOR ( 'NONE', #1385, 1000.000000000000000 ) ;
#685 = ORIENTED_EDGE ( 'NONE', *, *, #3424, .F. ) ;
#686 = PLANE ( 'NONE',  #3485 ) ;
#687 = DIRECTION ( 'NONE',  ( 1.000000000000000000, 0.0000000000000000000, -3.771137991253928672E-15 ) ) ;
#688 = LINE ( 'NONE', #2138, #4031 ) ;
#689 = EDGE_CURVE ( 'NONE', #1923, #371, #1777, .T. ) ;
#690 = ADVANCED_FACE ( 'NONE', ( #2849 ), #2345, .F. ) ;
#691 = EDGE_CURVE ( 'NONE', #1626, #3325, #2646, .T. ) ;
#692 = ORIENTED_EDGE ( 'NONE', *, *, #1998, .T. ) ;
#693 = FACE_OUTER_BOUND ( 'NONE', #1130, .T. ) ;
#694 = DIRECTION ( 'NONE',  ( -0.0000000000000000000, 1.000000000000000000, -0.0000000000000000000 ) ) ;
#695 = ORIENTED_EDGE ( 'NONE', *, *, #1096, .F. ) ;
#696 = EDGE_CURVE ( 'NONE', #4111, #900, #1668, .T. ) ;
#697 = ORIENTED_EDGE ( 'NONE', *, *, #2394, .T. ) ;
#698 = DIRECTION ( 'NONE',  ( -1.000000000000000000, 0.0000000000000000000, 0.0000000000000000000 ) ) ;
#699 = LINE ( 'NONE', #3860, #760 ) ;
#700 = AXIS2_PLACEMENT_3D ( 'NONE', #3961, #1324, #3330 ) ;
#701 = ORIENTED_EDGE ( 'NONE', *, *, #412, .F. ) ;
#702 = CARTESIAN_POINT ( 'NONE',  ( -1.089999999999999858, 0.2000000000000000111, -0.6250000000000000000 ) ) ;
#703 = ORIENTED_EDGE ( 'NONE', *, *, #969, .F. ) ;
#704 = ADVANCED_FACE ( 'NONE', ( #60 ), #1559, .F. ) ;
#705 = LINE ( 'NONE', #1825, #3587 ) ;
#706 = ORIENTED_EDGE ( 'NONE', *, *, #937, .F. ) ;
#707 = CARTESIAN_POINT ( 'NONE',  ( -0.6249999999999947820, 0.2000000000000000111, 1.500000000000001998 ) ) ;
#708 = DIRECTION ( 'NONE',  ( 1.000000000000000000, 0.0000000000000000000, -3.771137991253928672E-15 ) ) ;
#709 = FACE_OUTER_BOUND ( 'NONE', #1945, .T. ) ;
#710 = CARTESIAN_POINT ( 'NONE',  ( 1.499999999999999556, -0.4701063709417307446, 0.6250000000000000000 ) ) ;
#711 = CARTESIAN_POINT ( 'NONE',  ( -1.089999999999999858, 0.0000000000000000000, 0.3950000000000000733 ) ) ;
#712 = DIRECTION ( 'NONE',  ( -1.047444401652940007E-14, -0.0000000000000000000, -1.000000000000000000 ) ) ;
#713 = VECTOR ( 'NONE', #1017, 1000.000000000000000 ) ;
#714 = CARTESIAN_POINT ( 'NONE',  ( 1.499999999999999556, 0.0000000000000000000, 0.3950000000000000733 ) ) ;
#715 = ADVANCED_FACE ( 'NONE', ( #2284 ), #2391, .F. ) ;
#716 = DIRECTION ( 'NONE',  ( -1.000000000000000000, 0.0000000000000000000, 1.047444401652940007E-14 ) ) ;
#717 = EDGE_CURVE ( 'NONE', #3528, #909, #509, .T. ) ;
#718 = EDGE_LOOP ( 'NONE', ( #2711, #3074, #1286, #1741 ) ) ;
#719 = PLANE ( 'NONE',  #1662 ) ;
#720 = CARTESIAN_POINT ( 'NONE',  ( 1.499999999999999778, -0.4701063709417307446, -0.1150000000000000050 ) ) ;
#721 = AXIS2_PLACEMENT_3D ( 'NONE', #213, #3128, #879 ) ;
#722 = EDGE_CURVE ( 'NONE', #2435, #3731, #2184, .T. ) ;
#723 = ORIENTED_EDGE ( 'NONE', *, *, #2270, .F. ) ;
#724 = ORIENTED_EDGE ( 'NONE', *, *, #1303, .F. ) ;
#725 = AXIS2_PLACEMENT_3D ( 'NONE', #3734, #161, #460 ) ;
#726 = DIRECTION ( 'NONE',  ( -0.0000000000000000000, 0.0000000000000000000, 1.000000000000000000 ) ) ;
#727 = DIRECTION ( 'NONE',  ( 1.000000000000000000, 0.0000000000000000000, -3.771137991253928672E-15 ) ) ;
#728 = ORIENTED_EDGE ( 'NONE', *, *, #1054, .F. ) ;
#729 = CARTESIAN_POINT ( 'NONE',  ( 1.089999999999999636, 0.2000000000000000111, 0.3950000000000000733 ) ) ;
#730 = EDGE_CURVE ( 'NONE', #4176, #2315, #3751, .T. ) ;
#731 = CARTESIAN_POINT ( 'NONE',  ( -0.5100000000000000089, 0.2000000000000000111, 5.341966448429994980E-15 ) ) ;
#732 = ORIENTED_EDGE ( 'NONE', *, *, #1820, .T. ) ;
#733 = APPROVAL ( #3096, 'UNSPECIFIED' ) ;
#734 = VERTEX_POINT ( 'NONE', #2721 ) ;
#735 = LINE ( 'NONE', #3657, #2300 ) ;
#736 = DIRECTION ( 'NONE',  ( 0.0000000000000000000, -1.000000000000000000, 0.0000000000000000000 ) ) ;
#737 = ADVANCED_FACE ( 'NONE', ( #3192 ), #3697, .F. ) ;
#738 = CARTESIAN_POINT ( 'NONE',  ( 0.6250000000000053291, 0.2000000000000000111, 1.499999999999997558 ) ) ;
#739 = VECTOR ( 'NONE', #2297, 1000.000000000000000 ) ;
#740 = VERTEX_POINT ( 'NONE', #812 ) ;
#741 = CARTESIAN_POINT ( 'NONE',  ( 0.3949999999999843636, 0.2000000000000000111, -1.500000000000003775 ) ) ;
#742 = EDGE_LOOP ( 'NONE', ( #2919, #2230, #4024, #1988 ) ) ;
#743 = LINE ( 'NONE', #3575, #2360 ) ;
#744 = EDGE_CURVE ( 'NONE', #3305, #3198, #613, .T. ) ;
#745 = VECTOR ( 'NONE', #63, 1000.000000000000000 ) ;
#746 = EDGE_CURVE ( 'NONE', #3903, #2163, #255, .T. ) ;
#747 = ORIENTED_EDGE ( 'NONE', *, *, #2467, .F. ) ;
#748 = DIRECTION ( 'NONE',  ( 1.495451272393799296E-16, -0.0000000000000000000, -1.000000000000000000 ) ) ;
#749 = DIRECTION ( 'NONE',  ( 1.000000000000000000, 0.0000000000000000000, 0.0000000000000000000 ) ) ;
#750 = FACE_OUTER_BOUND ( 'NONE', #742, .T. ) ;
#751 = PERSON ( 'UNSPECIFIED', 'UNSPECIFIED', 'UNSPECIFIED', ('UNSPECIFIED'), ('UNSPECIFIED'), ('UNSPECIFIED') ) ;
#752 = VERTEX_POINT ( 'NONE', #4029 ) ;
#753 = CARTESIAN_POINT ( 'NONE',  ( 0.3950000000000052913, 0.2000000000000000111, 1.499999999999998446 ) ) ;
#754 = EDGE_CURVE ( 'NONE', #2657, #1545, #3598, .T. ) ;
#755 = LINE ( 'NONE', #253, #1855 ) ;
#756 = AXIS2_PLACEMENT_3D ( 'NONE', #2377, #2054, #1032 ) ;
#757 = ORIENTED_EDGE ( 'NONE', *, *, #3589, .T. ) ;
#758 = ORIENTED_EDGE ( 'NONE', *, *, #10, .F. ) ;
#759 = CARTESIAN_POINT ( 'NONE',  ( 1.089999999999999636, 0.2000000000000000111, 0.6250000000000000000 ) ) ;
#760 = VECTOR ( 'NONE', #2241, 1000.000000000000000 ) ;
#761 = EDGE_LOOP ( 'NONE', ( #3936, #1638, #543, #2778 ) ) ;
#762 = ORIENTED_EDGE ( 'NONE', *, *, #941, .F. ) ;
#763 = DIRECTION ( 'NONE',  ( 0.0000000000000000000, -0.0000000000000000000, 1.000000000000000000 ) ) ;
#764 = ADVANCED_FACE ( 'NONE', ( #567 ), #2738, .F. ) ;
#765 = LINE ( 'NONE', #823, #3231 ) ;
#766 = LINE ( 'NONE', #2043, #655 ) ;
#767 = DIRECTION ( 'NONE',  ( -0.0000000000000000000, -1.000000000000000000, -0.0000000000000000000 ) ) ;
#768 = DIRECTION ( 'NONE',  ( -0.0000000000000000000, -1.000000000000000000, -0.0000000000000000000 ) ) ;
#769 = LINE ( 'NONE', #3202, #207 ) ;
#770 = PLANE ( 'NONE',  #2002 ) ;
#771 = PLANE ( 'NONE',  #2456 ) ;
#772 = EDGE_CURVE ( 'NONE', #1996, #4065, #458, .T. ) ;
#773 = EDGE_LOOP ( 'NONE', ( #3148, #2882, #566, #1893 ) ) ;
#774 = AXIS2_PLACEMENT_3D ( 'NONE', #1763, #2118, #158 ) ;
#775 = VECTOR ( 'NONE', #72, 1000.000000000000000 ) ;
#776 = CARTESIAN_POINT ( 'NONE',  ( -1.089999999999999858, 0.2000000000000000111, -0.3950000000000000733 ) ) ;
#777 = VERTEX_POINT ( 'NONE', #2877 ) ;
#778 = EDGE_CURVE ( 'NONE', #646, #3093, #1068, .T. ) ;
#779 = EDGE_CURVE ( 'NONE', #3325, #3137, #454, .T. ) ;
#780 = CARTESIAN_POINT ( 'NONE',  ( -0.6250000000000157652, 0.2000000000000000111, -1.499999999999993117 ) ) ;
#781 = DIRECTION ( 'NONE',  ( 0.0000000000000000000, 0.0000000000000000000, 1.000000000000000000 ) ) ;
#782 = ORIENTED_EDGE ( 'NONE', *, *, #2342, .F. ) ;
#783 = CARTESIAN_POINT ( 'NONE',  ( 1.089999999999999636, 0.0000000000000000000, 0.3950000000000000733 ) ) ;
#784 = EDGE_CURVE ( 'NONE', #3746, #1545, #3340, .T. ) ;
#785 = ORIENTED_EDGE ( 'NONE', *, *, #1953, .F. ) ;
#786 = CARTESIAN_POINT ( 'NONE',  ( 1.499999999999999556, 0.2000000000000000111, 0.3950000000000000733 ) ) ;
#787 = CARTESIAN_POINT ( 'NONE',  ( -1.219903562631567517, 0.05000000000000000278, -1.400616594575732510 ) ) ;
#788 = AXIS2_PLACEMENT_3D ( 'NONE', #1129, #3719, #1784 ) ;
#789 = PLANE ( 'NONE',  #2787 ) ;
#790 = ORIENTED_EDGE ( 'NONE', *, *, #2378, .T. ) ;
#791 = ORIENTED_EDGE ( 'NONE', *, *, #3255, .T. ) ;
#792 = VECTOR ( 'NONE', #4043, 1000.000000000000000 ) ;
#793 = PERSON_AND_ORGANIZATION_ROLE ( 'creator' ) ;
#794 = PERSON_AND_ORGANIZATION ( #751, #3054 ) ;
#795 = ORIENTED_EDGE ( 'NONE', *, *, #3909, .F. ) ;
#796 = DIRECTION ( 'NONE',  ( 0.0000000000000000000, 1.000000000000000000, 0.0000000000000000000 ) ) ;
#797 = FACE_OUTER_BOUND ( 'NONE', #3423, .T. ) ;
#798 = ORIENTED_EDGE ( 'NONE', *, *, #2836, .T. ) ;
#799 = LINE ( 'NONE', #3492, #3060 ) ;
#800 = CARTESIAN_POINT ( 'NONE',  ( -0.1150000000000157147, -0.4701063709417307446, -1.499999999999998446 ) ) ;
#801 = VERTEX_POINT ( 'NONE', #1246 ) ;
#802 = LINE ( 'NONE', #1066, #1050 ) ;
#803 = EDGE_CURVE ( 'NONE', #3093, #1534, #1016, .T. ) ;
#804 = ORIENTED_EDGE ( 'NONE', *, *, #2402, .F. ) ;
#805 = CARTESIAN_POINT ( 'NONE',  ( -0.1149999999999961886, 0.2000000000000000111, 1.090000000000000302 ) ) ;
#806 = DATE_TIME_ROLE ( 'classification_date' ) ;
#807 = ORIENTED_EDGE ( 'NONE', *, *, #873, .T. ) ;
#808 = VECTOR ( 'NONE', #95, 1000.000000000000000 ) ;
#809 = ORIENTED_EDGE ( 'NONE', *, *, #696, .T. ) ;
#810 = EDGE_CURVE ( 'NONE', #2367, #281, #3440, .T. ) ;
#811 = VECTOR ( 'NONE', #2111, 1000.000000000000000 ) ;
#812 = CARTESIAN_POINT ( 'NONE',  ( -1.499999999999999778, 0.0000000000000000000, 0.3950000000000000733 ) ) ;
#813 = DIRECTION ( 'NONE',  ( 0.0000000000000000000, 0.0000000000000000000, -1.000000000000000000 ) ) ;
#814 = LINE ( 'NONE', #3809, #1252 ) ;
#815 = ORIENTED_EDGE ( 'NONE', *, *, #1630, .F. ) ;
#816 = SECURITY_CLASSIFICATION ( '', '', #497 ) ;
#817 = CARTESIAN_POINT ( 'NONE',  ( -1.499999999999999778, 0.0000000000000000000, -0.1150000000000000050 ) ) ;
#818 = DIRECTION ( 'NONE',  ( 0.0000000000000000000, 0.0000000000000000000, 1.000000000000000000 ) ) ;
#819 = LINE ( 'NONE', #1864, #2441 ) ;
#820 = ORIENTED_EDGE ( 'NONE', *, *, #2731, .F. ) ;
#821 = DIRECTION ( 'NONE',  ( 1.047444401652940007E-14, -0.0000000000000000000, 1.000000000000000000 ) ) ;
#822 = LINE ( 'NONE', #1302, #1872 ) ;
#823 = CARTESIAN_POINT ( 'NONE',  ( -0.6249999999999947820, 0.2000000000000000111, 1.500000000000001998 ) ) ;
#824 = ORIENTED_EDGE ( 'NONE', *, *, #1515, .T. ) ;
#825 = FACE_OUTER_BOUND ( 'NONE', #2266, .T. ) ;
#826 = ORIENTED_EDGE ( 'NONE', *, *, #391, .T. ) ;
#827 = ORIENTED_EDGE ( 'NONE', *, *, #2314, .F. ) ;
#828 = EDGE_LOOP ( 'NONE', ( #1676, #76 ) ) ;
#829 = PLANE ( 'NONE',  #1797 ) ;
#830 = CARTESIAN_POINT ( 'NONE',  ( -0.9342869680558283374, -0.0000000000000000000, -1.114999999999993330 ) ) ;
#831 = EDGE_CURVE ( 'NONE', #3838, #2191, #4005, .T. ) ;
#832 = VERTEX_POINT ( 'NONE', #3531 ) ;
#833 = CARTESIAN_POINT ( 'NONE',  ( 1.089999999999999858, 0.2000000000000000111, -0.1150000000000000050 ) ) ;
#834 = AXIS2_PLACEMENT_3D ( 'NONE', #481, #3065, #763 ) ;
#835 = ORIENTED_EDGE ( 'NONE', *, *, #1491, .F. ) ;
#836 = FACE_OUTER_BOUND ( 'NONE', #322, .T. ) ;
#837 = VECTOR ( 'NONE', #3850, 1000.000000000000000 ) ;
#838 = EDGE_CURVE ( 'NONE', #2533, #2242, #769, .T. ) ;
#839 = DIRECTION ( 'NONE',  ( 0.0000000000000000000, 1.000000000000000000, 0.0000000000000000000 ) ) ;
#840 = EDGE_LOOP ( 'NONE', ( #1148, #242, #1387, #36, #2101, #192, #3308, #3179, #2048, #26, #2410, #1030, #3935, #2811, #388, #2966 ) ) ;
#841 = AXIS2_PLACEMENT_3D ( 'NONE', #2595, #2286, #3233 ) ;
#842 = LINE ( 'NONE', #3468, #1142 ) ;
#843 = ORIENTED_EDGE ( 'NONE', *, *, #3278, .T. ) ;
#844 = APPROVAL_ROLE ( '' ) ;
#845 = DIRECTION ( 'NONE',  ( 0.0000000000000000000, 0.0000000000000000000, -1.000000000000000000 ) ) ;
#846 = LINE ( 'NONE', #2751, #2361 ) ;
#847 = ORIENTED_EDGE ( 'NONE', *, *, #1878, .T. ) ;
#848 = DIRECTION ( 'NONE',  ( -0.0000000000000000000, 1.000000000000000000, -0.0000000000000000000 ) ) ;
#849 = MANIFOLD_SOLID_BREP ( 'Boss-Extrude2[7]', #3396 ) ;
#850 = FACE_BOUND ( 'NONE', #3331, .T. ) ;
#851 = ORIENTED_EDGE ( 'NONE', *, *, #3620, .F. ) ;
#852 = ORIENTED_EDGE ( 'NONE', *, *, #3187, .F. ) ;
#853 = LINE ( 'NONE', #2546, #334 ) ;
#854 = ORIENTED_EDGE ( 'NONE', *, *, #330, .T. ) ;
#855 = ORIENTED_EDGE ( 'NONE', *, *, #633, .F. ) ;
#856 = EDGE_CURVE ( 'NONE', #74, #1699, #2693, .T. ) ;
#857 = VECTOR ( 'NONE', #336, 1000.000000000000000 ) ;
#858 = PLANE ( 'NONE',  #2541 ) ;
#859 = APPROVAL_ROLE ( '' ) ;
#860 = CARTESIAN_POINT ( 'NONE',  ( 1.499999999999999556, -0.4701063709417307446, 0.6250000000000000000 ) ) ;
#861 = EDGE_CURVE ( 'NONE', #1759, #286, #3136, .T. ) ;
#862 = LINE ( 'NONE', #403, #1118 ) ;
#863 = CARTESIAN_POINT ( 'NONE',  ( 0.3950000000000038480, 0.2000000000000000111, 1.089999999999998526 ) ) ;
#864 = CARTESIAN_POINT ( 'NONE',  ( 0.1149999999999885975, -0.0000000000000000000, -1.090000000000001190 ) ) ;
#865 = LINE ( 'NONE', #3676, #2180 ) ;
#866 = EDGE_LOOP ( 'NONE', ( #615, #2879, #546, #1879 ) ) ;
#867 = DIRECTION ( 'NONE',  ( 1.047444401652940007E-14, 0.0000000000000000000, 1.000000000000000000 ) ) ;
#868 = DIRECTION ( 'NONE',  ( 0.0000000000000000000, 1.000000000000000000, 0.0000000000000000000 ) ) ;
#869 = DIRECTION ( 'NONE',  ( 0.0000000000000000000, 0.0000000000000000000, 1.000000000000000000 ) ) ;
#870 = PLANE ( 'NONE',  #189 ) ;
#871 = EDGE_CURVE ( 'NONE', #1574, #2533, #1555, .T. ) ;
#872 = ORIENTED_EDGE ( 'NONE', *, *, #2731, .T. ) ;
#873 = EDGE_CURVE ( 'NONE', #3623, #2371, #351, .T. ) ;
#874 = VERTEX_POINT ( 'NONE', #659 ) ;
#875 = DIRECTION ( 'NONE',  ( 0.0000000000000000000, 0.0000000000000000000, -1.000000000000000000 ) ) ;
#876 = DIRECTION ( 'NONE',  ( 3.491481338843133355E-15, -0.0000000000000000000, 1.000000000000000000 ) ) ;
#877 = PERSON_AND_ORGANIZATION ( #751, #3054 ) ;
#878 = ORIENTED_EDGE ( 'NONE', *, *, #3187, .T. ) ;
#879 = DIRECTION ( 'NONE',  ( 0.0000000000000000000, 0.0000000000000000000, -1.000000000000000000 ) ) ;
#880 = ORIENTED_EDGE ( 'NONE', *, *, #3595, .T. ) ;
#881 = ADVANCED_FACE ( 'NONE', ( #162 ), #1621, .T. ) ;
#882 = CARTESIAN_POINT ( 'NONE',  ( -1.499999999999999778, -0.4701063709417307446, -0.3950000000000000733 ) ) ;
#883 = CARTESIAN_POINT ( 'NONE',  ( 1.499999999999999778, 0.2000000000000000111, -0.6250000000000000000 ) ) ;
#884 = DATE_AND_TIME ( #2148, #2296 ) ;
#885 = ORIENTED_EDGE ( 'NONE', *, *, #679, .F. ) ;
#886 = ORIENTED_EDGE ( 'NONE', *, *, #831, .F. ) ;
#887 = VECTOR ( 'NONE', #687, 1000.000000000000000 ) ;
#888 = VECTOR ( 'NONE', #450, 1000.000000000000000 ) ;
#889 = AXIS2_PLACEMENT_3D ( 'NONE', #3427, #206, #256 ) ;
#890 = ORIENTED_EDGE ( 'NONE', *, *, #2705, .T. ) ;
#891 = VECTOR ( 'NONE', #2463, 1000.000000000000000 ) ;
#892 = CARTESIAN_POINT ( 'NONE',  ( 0.6250000000000037748, 0.0000000000000000000, 1.089999999999997637 ) ) ;
#893 = ORIENTED_EDGE ( 'NONE', *, *, #2698, .T. ) ;
#894 = FACE_OUTER_BOUND ( 'NONE', #828, .T. ) ;
#895 = ORIENTED_EDGE ( 'NONE', *, *, #779, .T. ) ;
#896 = DIRECTION ( 'NONE',  ( -3.470769149724937955E-15, 0.0000000000000000000, -1.000000000000000000 ) ) ;
#897 = ORIENTED_EDGE ( 'NONE', *, *, #2596, .F. ) ;
#898 = VECTOR ( 'NONE', #4081, 1000.000000000000000 ) ;
#899 = ORIENTED_EDGE ( 'NONE', *, *, #1071, .F. ) ;
#900 = VERTEX_POINT ( 'NONE', #3558 ) ;
#901 = ADVANCED_FACE ( 'NONE', ( #3037 ), #3912, .T. ) ;
#902 = LINE ( 'NONE', #612, #2979 ) ;
#903 = CARTESIAN_POINT ( 'NONE',  ( 1.499999999999999778, 0.0000000000000000000, -0.6250000000000000000 ) ) ;
#904 = EDGE_CURVE ( 'NONE', #1898, #2182, #563, .T. ) ;
#905 = AXIS2_PLACEMENT_3D ( 'NONE', #997, #2578, #3862 ) ;
#906 = CARTESIAN_POINT ( 'NONE',  ( 0.1149999999999842953, 0.2000000000000000111, -1.500000000000001110 ) ) ;
#907 = VECTOR ( 'NONE', #565, 1000.000000000000000 ) ;
#908 = EDGE_LOOP ( 'NONE', ( #3177, #634, #1735, #3651 ) ) ;
#909 = VERTEX_POINT ( 'NONE', #11 ) ;
#910 = DIRECTION ( 'NONE',  ( 0.0000000000000000000, -1.000000000000000000, 0.0000000000000000000 ) ) ;
#911 = LINE ( 'NONE', #443, #3900 ) ;
#912 = EDGE_CURVE ( 'NONE', #575, #1344, #299, .T. ) ;
#913 = AXIS2_PLACEMENT_3D ( 'NONE', #3812, #4173, #593 ) ;
#914 = LINE ( 'NONE', #332, #1123 ) ;
#915 = DIRECTION ( 'NONE',  ( 1.000000000000000000, 0.0000000000000000000, -1.131341397376178917E-14 ) ) ;
#916 = VERTEX_POINT ( 'NONE', #3574 ) ;
#917 = PLANE ( 'NONE',  #2868 ) ;
#918 = ORIENTED_EDGE ( 'NONE', *, *, #4196, .T. ) ;
#919 = ADVANCED_FACE ( 'NONE', ( #2491 ), #3244, .F. ) ;
#920 = DIRECTION ( 'NONE',  ( 0.0000000000000000000, 0.0000000000000000000, 1.000000000000000000 ) ) ;
#921 = CARTESIAN_POINT ( 'NONE',  ( -1.089999999999999858, 0.2000000000000000111, 0.6250000000000000000 ) ) ;
#922 = EDGE_LOOP ( 'NONE', ( #182, #1097, #309, #3612 ) ) ;
#923 = ORIENTED_EDGE ( 'NONE', *, *, #1998, .F. ) ;
#924 = CARTESIAN_POINT ( 'NONE',  ( -1.219903562631567517, 0.05000000000000000278, -1.089999999999993419 ) ) ;
#925 = CARTESIAN_POINT ( 'NONE',  ( 1.499999999999999778, 0.2000000000000000111, -0.1150000000000000050 ) ) ;
#926 = EDGE_CURVE ( 'NONE', #3269, #2171, #965, .T. ) ;
#927 = ORIENTED_EDGE ( 'NONE', *, *, #3683, .F. ) ;
#928 = ORIENTED_EDGE ( 'NONE', *, *, #3889, .F. ) ;
#929 = VECTOR ( 'NONE', #2674, 1000.000000000000000 ) ;
#930 = VERTEX_POINT ( 'NONE', #3257 ) ;
#931 = DIRECTION ( 'NONE',  ( -0.0000000000000000000, -1.000000000000000000, 0.0000000000000000000 ) ) ;
#932 = AXIS2_PLACEMENT_3D ( 'NONE', #1368, #3626, #1681 ) ;
#933 = EDGE_LOOP ( 'NONE', ( #511, #2569, #1290, #2742 ) ) ;
#934 = PLANE ( 'NONE',  #3837 ) ;
#935 = CARTESIAN_POINT ( 'NONE',  ( 1.499999999999999556, 0.0000000000000000000, 0.3950000000000000733 ) ) ;
#936 = VECTOR ( 'NONE', #3131, 1000.000000000000000 ) ;
#937 = EDGE_CURVE ( 'NONE', #2191, #2212, #4155, .T. ) ;
#938 = PLANE ( 'NONE',  #2507 ) ;
#939 = ORIENTED_EDGE ( 'NONE', *, *, #831, .T. ) ;
#940 = FACE_OUTER_BOUND ( 'NONE', #3421, .T. ) ;
#941 = EDGE_CURVE ( 'NONE', #2911, #2585, #2437, .T. ) ;
#942 = ORIENTED_EDGE ( 'NONE', *, *, #611, .F. ) ;
#943 = LINE ( 'NONE', #4032, #3825 ) ;
#944 = ADVANCED_FACE ( 'NONE', ( #3495 ), #686, .T. ) ;
#945 = CC_DESIGN_PERSON_AND_ORGANIZATION_ASSIGNMENT ( #794, #2511, ( #3902 ) ) ;
#946 = EDGE_LOOP ( 'NONE', ( #1143, #2826, #2774, #582 ) ) ;
#947 = CARTESIAN_POINT ( 'NONE',  ( 0.3950000000000052913, -0.4701063709417307446, 1.499999999999998446 ) ) ;
#948 = VECTOR ( 'NONE', #3334, 1000.000000000000000 ) ;
#949 = DIRECTION ( 'NONE',  ( -0.0000000000000000000, -1.000000000000000000, -0.0000000000000000000 ) ) ;
#950 = DIRECTION ( 'NONE',  ( -0.0000000000000000000, 1.000000000000000000, -0.0000000000000000000 ) ) ;
#951 = VERTEX_POINT ( 'NONE', #707 ) ;
#952 = VERTEX_POINT ( 'NONE', #2994 ) ;
#953 = CARTESIAN_POINT ( 'NONE',  ( -0.1150000000000157147, 0.0000000000000000000, -1.499999999999998446 ) ) ;
#954 = VECTOR ( 'NONE', #993, 1000.000000000000000 ) ;
#955 = DIRECTION ( 'NONE',  ( -1.000000000000000000, 0.0000000000000000000, 1.047444401652940007E-14 ) ) ;
#956 = ORIENTED_EDGE ( 'NONE', *, *, #128, .T. ) ;
#957 = EDGE_CURVE ( 'NONE', #3116, #3172, #2280, .T. ) ;
#958 = EDGE_CURVE ( 'NONE', #3511, #4083, #3239, .T. ) ;
#959 = FACE_OUTER_BOUND ( 'NONE', #2923, .T. ) ;
#960 = CARTESIAN_POINT ( 'NONE',  ( -1.089999999999999858, 0.0000000000000000000, -0.1150000000000000050 ) ) ;
#961 = CARTESIAN_POINT ( 'NONE',  ( 1.499999999999999778, 0.2000000000000000111, 0.1150000000000000050 ) ) ;
#962 = LINE ( 'NONE', #1448, #504 ) ;
#963 = CARTESIAN_POINT ( 'NONE',  ( 0.0000000000000000000, 0.2000000000000000111, 0.0000000000000000000 ) ) ;
#964 = DIRECTION ( 'NONE',  ( 0.0000000000000000000, -0.0000000000000000000, 1.000000000000000000 ) ) ;
#965 = LINE ( 'NONE', #1941, #1607 ) ;
#966 = DIRECTION ( 'NONE',  ( 3.491481338843133355E-15, 0.0000000000000000000, 1.000000000000000000 ) ) ;
#967 = ADVANCED_FACE ( 'NONE', ( #3792 ), #3960, .F. ) ;
#968 = ORIENTED_EDGE ( 'NONE', *, *, #1953, .T. ) ;
#969 = EDGE_CURVE ( 'NONE', #2806, #2804, #2385, .T. ) ;
#970 = DIRECTION ( 'NONE',  ( -1.131341397376178602E-14, 0.0000000000000000000, -1.000000000000000000 ) ) ;
#971 = APPROVAL ( #2112, 'UNSPECIFIED' ) ;
#972 = PLANE ( 'NONE',  #841 ) ;
#973 = ORIENTED_EDGE ( 'NONE', *, *, #861, .T. ) ;
#974 = CARTESIAN_POINT ( 'NONE',  ( 0.1150000000000038075, 0.2000000000000000111, 1.089999999999999414 ) ) ;
#975 = VERTEX_POINT ( 'NONE', #3987 ) ;
#976 = DIRECTION ( 'NONE',  ( -0.0000000000000000000, -1.000000000000000000, -0.0000000000000000000 ) ) ;
#977 = EDGE_CURVE ( 'NONE', #752, #3076, #1975, .T. ) ;
#978 = LOCAL_TIME ( 13, 20, 40.00000000000000000, #1837 ) ;
#979 = CARTESIAN_POINT ( 'NONE',  ( 1.089999999999999636, 0.0000000000000000000, 0.3950000000000000733 ) ) ;
#980 = ORIENTED_EDGE ( 'NONE', *, *, #1630, .T. ) ;
#981 = CARTESIAN_POINT ( 'NONE',  ( -1.499999999999999778, 0.2000000000000000111, 0.6250000000000000000 ) ) ;
#982 = VECTOR ( 'NONE', #3599, 1000.000000000000000 ) ;
#983 = COORDINATED_UNIVERSAL_TIME_OFFSET ( 5, 30, .AHEAD. ) ;
#984 = PRODUCT_DEFINITION_SHAPE ( 'NONE', 'NONE',  #3868 ) ;
#985 = EDGE_CURVE ( 'NONE', #1487, #2858, #1772, .T. ) ;
#986 = ADVANCED_FACE ( 'NONE', ( #2593 ), #719, .F. ) ;
#987 = EDGE_CURVE ( 'NONE', #1422, #2745, #1209, .T. ) ;
#988 = ORIENTED_EDGE ( 'NONE', *, *, #41, .F. ) ;
#989 = AXIS2_PLACEMENT_3D ( 'NONE', #1827, #1202, #845 ) ;
#990 = LINE ( 'NONE', #720, #1184 ) ;
#991 = LINE ( 'NONE', #1697, #1048 ) ;
#992 = DIRECTION ( 'NONE',  ( -1.000000000000000000, -0.0000000000000000000, -0.0000000000000000000 ) ) ;
#993 = DIRECTION ( 'NONE',  ( -0.0000000000000000000, -1.000000000000000000, -0.0000000000000000000 ) ) ;
#994 = ORIENTED_EDGE ( 'NONE', *, *, #2045, .F. ) ;
#995 = EDGE_CURVE ( 'NONE', #3263, #1087, #865, .T. ) ;
#996 = LINE ( 'NONE', #3442, #891 ) ;
#997 = CARTESIAN_POINT ( 'NONE',  ( -1.499999999999999778, 0.2000000000000000111, -0.3950000000000000733 ) ) ;
#998 = ORIENTED_EDGE ( 'NONE', *, *, #904, .F. ) ;
#999 = CARTESIAN_POINT ( 'NONE',  ( -1.499999999999999778, -0.4701063709417307446, 0.1150000000000000050 ) ) ;
#1000 = VECTOR ( 'NONE', #4144, 1000.000000000000000 ) ;
#1001 = PLANE ( 'NONE',  #3315 ) ;
#1002 = EDGE_LOOP ( 'NONE', ( #2522, #4028, #1916, #878 ) ) ;
#1003 = ORIENTED_EDGE ( 'NONE', *, *, #2259, .T. ) ;
#1004 = VECTOR ( 'NONE', #876, 1000.000000000000000 ) ;
#1005 = ORIENTED_EDGE ( 'NONE', *, *, #778, .T. ) ;
#1006 = PLANE ( 'NONE',  #363 ) ;
#1007 = FACE_OUTER_BOUND ( 'NONE', #1053, .T. ) ;
#1008 = ORIENTED_EDGE ( 'NONE', *, *, #2429, .T. ) ;
#1009 = DIRECTION ( 'NONE',  ( 0.0000000000000000000, 0.0000000000000000000, -1.000000000000000000 ) ) ;
#1010 = ADVANCED_FACE ( 'NONE', ( #3283 ), #1122, .F. ) ;
#1011 = VECTOR ( 'NONE', #1618, 1000.000000000000000 ) ;
#1012 = DIRECTION ( 'NONE',  ( 0.0000000000000000000, -0.0000000000000000000, 1.000000000000000000 ) ) ;
#1013 = DIRECTION ( 'NONE',  ( -1.000000000000000000, 0.0000000000000000000, 0.0000000000000000000 ) ) ;
#1014 = ORIENTED_EDGE ( 'NONE', *, *, #1127, .T. ) ;
#1015 = EDGE_CURVE ( 'NONE', #752, #952, #911, .T. ) ;
#1016 = LINE ( 'NONE', #1899, #1921 ) ;
#1017 = DIRECTION ( 'NONE',  ( 1.000000000000000000, 0.0000000000000000000, 0.0000000000000000000 ) ) ;
#1018 = CARTESIAN_POINT ( 'NONE',  ( -0.1150000000000114125, 0.2000000000000000111, -1.089999999999998526 ) ) ;
#1019 = VECTOR ( 'NONE', #2277, 1000.000000000000000 ) ;
#1020 = EDGE_CURVE ( 'NONE', #410, #3742, #1666, .T. ) ;
#1021 = ADVANCED_FACE ( 'NONE', ( #3594 ), #2678, .F. ) ;
#1022 = CARTESIAN_POINT ( 'NONE',  ( -1.499999999999999778, 0.0000000000000000000, -0.1150000000000000050 ) ) ;
#1023 = ORIENTED_EDGE ( 'NONE', *, *, #838, .T. ) ;
#1024 = CARTESIAN_POINT ( 'NONE',  ( 1.499999999999999556, 0.2000000000000000111, 0.3950000000000000733 ) ) ;
#1025 = EDGE_CURVE ( 'NONE', #2508, #1623, #1870, .T. ) ;
#1026 = CARTESIAN_POINT ( 'NONE',  ( -0.6250000000000114353, 0.2000000000000000111, -1.089999999999993197 ) ) ;
#1027 = EDGE_LOOP ( 'NONE', ( #1530, #4052, #2457, #444 ) ) ;
#1028 = APPROVAL ( #177, 'UNSPECIFIED' ) ;
#1029 = CARTESIAN_POINT ( 'NONE',  ( -1.244903562631567429, -0.0000000000000000000, -1.400616594575732288 ) ) ;
#1030 = ORIENTED_EDGE ( 'NONE', *, *, #3996, .T. ) ;
#1031 = ADVANCED_FACE ( 'NONE', ( #3704 ), #4040, .T. ) ;
#1032 = DIRECTION ( 'NONE',  ( -3.437714205441843395E-15, 0.0000000000000000000, -1.000000000000000000 ) ) ;
#1033 = VERTEX_POINT ( 'NONE', #2132 ) ;
#1034 = DIRECTION ( 'NONE',  ( 1.000000000000000000, 0.0000000000000000000, -1.131341397376178602E-14 ) ) ;
#1035 = LINE ( 'NONE', #2090, #2098 ) ;
#1036 = EDGE_LOOP ( 'NONE', ( #4128, #305, #2189, #665 ) ) ;
#1037 = VERTEX_POINT ( 'NONE', #4142 ) ;
#1038 = PLANE ( 'NONE',  #2512 ) ;
#1039 = LINE ( 'NONE', #4154, #1689 ) ;
#1040 = ORIENTED_EDGE ( 'NONE', *, *, #1686, .T. ) ;
#1041 = CARTESIAN_POINT ( 'NONE',  ( -1.499999999999999778, 0.2000000000000000111, -0.1150000000000000050 ) ) ;
#1042 = ADVANCED_FACE ( 'NONE', ( #1305 ), #471, .F. ) ;
#1043 = ORIENTED_EDGE ( 'NONE', *, *, #1276, .T. ) ;
#1044 = DIRECTION ( 'NONE',  ( 0.0000000000000000000, 0.0000000000000000000, 1.000000000000000000 ) ) ;
#1045 = CARTESIAN_POINT ( 'NONE',  ( -1.499999999999999778, 0.0000000000000000000, 0.6250000000000000000 ) ) ;
#1046 = VECTOR ( 'NONE', #568, 1000.000000000000000 ) ;
#1047 = EDGE_CURVE ( 'NONE', #3805, #3773, #3082, .T. ) ;
#1048 = VECTOR ( 'NONE', #77, 1000.000000000000000 ) ;
#1049 = ORIENTED_EDGE ( 'NONE', *, *, #3674, .T. ) ;
#1050 = VECTOR ( 'NONE', #3028, 1000.000000000000000 ) ;
#1051 = CARTESIAN_POINT ( 'NONE',  ( 0.6250000000000053291, -0.4701063709417307446, 1.499999999999997558 ) ) ;
#1052 = CARTESIAN_POINT ( 'NONE',  ( 0.6250000000000053291, 0.2000000000000000111, 1.499999999999997558 ) ) ;
#1053 = EDGE_LOOP ( 'NONE', ( #3360, #724, #1088, #628 ) ) ;
#1054 = EDGE_CURVE ( 'NONE', #2299, #3475, #1207, .T. ) ;
#1055 = ORIENTED_EDGE ( 'NONE', *, *, #1376, .T. ) ;
#1056 = DIRECTION ( 'NONE',  ( 0.0000000000000000000, -0.0000000000000000000, 1.000000000000000000 ) ) ;
#1057 = ADVANCED_FACE ( 'NONE', ( #448 ), #2999, .F. ) ;
#1058 = VECTOR ( 'NONE', #992, 1000.000000000000000 ) ;
#1059 = AXIS2_PLACEMENT_3D ( 'NONE', #3387, #839, #2107 ) ;
#1060 = EDGE_LOOP ( 'NONE', ( #2053, #423, #15, #885 ) ) ;
#1061 = ORIENTED_EDGE ( 'NONE', *, *, #2696, .F. ) ;
#1062 = VECTOR ( 'NONE', #122, 1000.000000000000000 ) ;
#1063 = CARTESIAN_POINT ( 'NONE',  ( -1.089999999999999858, 0.2000000000000000111, -0.1150000000000000050 ) ) ;
#1064 = VECTOR ( 'NONE', #3766, 1000.000000000000000 ) ;
#1065 = ORIENTED_EDGE ( 'NONE', *, *, #3000, .F. ) ;
#1066 = CARTESIAN_POINT ( 'NONE',  ( 0.6249999999999843459, 0.0000000000000000000, -1.500000000000006217 ) ) ;
#1067 = DIRECTION ( 'NONE',  ( 1.000000000000000000, 0.0000000000000000000, -3.491481338843133355E-15 ) ) ;
#1068 = LINE ( 'NONE', #960, #2644 ) ;
#1069 = CARTESIAN_POINT ( 'NONE',  ( -0.6250000000000157652, -0.4701063709417307446, -1.499999999999993117 ) ) ;
#1070 = EDGE_CURVE ( 'NONE', #2290, #1642, #3791, .T. ) ;
#1071 = EDGE_CURVE ( 'NONE', #2290, #2616, #3544, .T. ) ;
#1072 = ORIENTED_EDGE ( 'NONE', *, *, #1268, .F. ) ;
#1073 = DIRECTION ( 'NONE',  ( -0.0000000000000000000, -1.000000000000000000, -0.0000000000000000000 ) ) ;
#1074 = DIRECTION ( 'NONE',  ( 1.000000000000000000, 0.0000000000000000000, -0.0000000000000000000 ) ) ;
#1075 = ADVANCED_FACE ( 'NONE', ( #1970 ), #1315, .F. ) ;
#1076 = EDGE_CURVE ( 'NONE', #1087, #516, #862, .T. ) ;
#1077 = EDGE_LOOP ( 'NONE', ( #3554, #2768, #1426, #2223 ) ) ;
#1078 = CARTESIAN_POINT ( 'NONE',  ( 1.499999999999999778, -0.4701063709417307446, 0.1150000000000000050 ) ) ;
#1079 = CARTESIAN_POINT ( 'NONE',  ( -0.7250000000000000888, 0.05000000000000000278, -0.7249999999999998668 ) ) ;
#1080 = CARTESIAN_POINT ( 'NONE',  ( -0.6250000000000114353, 0.0000000000000000000, -1.089999999999993197 ) ) ;
#1081 = DIRECTION ( 'NONE',  ( -1.000000000000000000, 0.0000000000000000000, 3.771137991253928672E-15 ) ) ;
#1082 = CARTESIAN_POINT ( 'NONE',  ( 1.499999999999999778, 0.2000000000000000111, 0.1150000000000000050 ) ) ;
#1083 = EDGE_LOOP ( 'NONE', ( #1721, #3849, #3763, #1014, #2817, #3963, #695, #1993, #80, #3835, #1588, #174, #1883, #1433, #33, #2336 ) ) ;
#1084 = PERSON_AND_ORGANIZATION ( #751, #3054 ) ;
#1085 = DIRECTION ( 'NONE',  ( -0.0000000000000000000, 1.000000000000000000, -0.0000000000000000000 ) ) ;
#1086 = CARTESIAN_POINT ( 'NONE',  ( 0.1149999999999842953, 0.2000000000000000111, -1.500000000000001110 ) ) ;
#1087 = VERTEX_POINT ( 'NONE', #3013 ) ;
#1088 = ORIENTED_EDGE ( 'NONE', *, *, #2698, .F. ) ;
#1089 = VECTOR ( 'NONE', #3764, 1000.000000000000000 ) ;
#1090 = LOCAL_TIME ( 13, 20, 40.00000000000000000, #2500 ) ;
#1091 = CARTESIAN_POINT ( 'NONE',  ( -0.5100000000000000089, 0.2000000000000000111, 1.654268486703116216E-15 ) ) ;
#1092 = CARTESIAN_POINT ( 'NONE',  ( 0.1150000000000052369, 0.2000000000000000111, 1.499999999999999334 ) ) ;
#1093 = ORIENTED_EDGE ( 'NONE', *, *, #1873, .F. ) ;
#1094 = VECTOR ( 'NONE', #2950, 1000.000000000000000 ) ;
#1095 = DIRECTION ( 'NONE',  ( -1.000000000000000000, 0.0000000000000000000, -7.592011060113653249E-16 ) ) ;
#1096 = EDGE_CURVE ( 'NONE', #3903, #311, #2840, .T. ) ;
#1097 = ORIENTED_EDGE ( 'NONE', *, *, #2083, .F. ) ;
#1098 = CARTESIAN_POINT ( 'NONE',  ( -1.089999999999999858, 0.2000000000000000111, 0.6250000000000000000 ) ) ;
#1099 = CARTESIAN_POINT ( 'NONE',  ( 0.0000000000000000000, 0.0000000000000000000, 0.0000000000000000000 ) ) ;
#1100 = LINE ( 'NONE', #272, #1640 ) ;
#1101 = CARTESIAN_POINT ( 'NONE',  ( -0.9092869680558282042, 0.05000000000000000278, -1.400616594575732288 ) ) ;
#1102 = ORIENTED_EDGE ( 'NONE', *, *, #279, .T. ) ;
#1103 = EDGE_CURVE ( 'NONE', #1474, #2977, #2486, .T. ) ;
#1104 = LINE ( 'NONE', #3150, #545 ) ;
#1105 = EDGE_LOOP ( 'NONE', ( #2096, #3256, #3991, #791 ) ) ;
#1106 = AXIS2_PLACEMENT_3D ( 'NONE', #3523, #1600, #3875 ) ;
#1107 = ORIENTED_EDGE ( 'NONE', *, *, #1803, .F. ) ;
#1108 = ADVANCED_FACE ( 'NONE', ( #3335 ), #3301, .F. ) ;
#1109 = CARTESIAN_POINT ( 'NONE',  ( -0.9342869680558283374, 0.05000000000000000278, -1.425616594575732421 ) ) ;
#1110 = VECTOR ( 'NONE', #619, 1000.000000000000000 ) ;
#1111 = EDGE_LOOP ( 'NONE', ( #1294, #4036, #1829, #3102 ) ) ;
#1112 = VERTEX_POINT ( 'NONE', #759 ) ;
#1113 = CARTESIAN_POINT ( 'NONE',  ( 0.6249999999999843459, 0.2000000000000000111, -1.500000000000006217 ) ) ;
#1114 = AXIS2_PLACEMENT_3D ( 'NONE', #4166, #3173, #355 ) ;
#1115 = LINE ( 'NONE', #2729, #2324 ) ;
#1116 = CARTESIAN_POINT ( 'NONE',  ( -0.6249999999999962252, 0.2000000000000000111, 1.090000000000002078 ) ) ;
#1117 = PERSON_AND_ORGANIZATION_ROLE ( 'creator' ) ;
#1118 = VECTOR ( 'NONE', #1067, 1000.000000000000000 ) ;
#1119 = DIRECTION ( 'NONE',  ( -1.047444401652940007E-14, 0.0000000000000000000, -1.000000000000000000 ) ) ;
#1120 = ORIENTED_EDGE ( 'NONE', *, *, #3156, .T. ) ;
#1121 = CARTESIAN_POINT ( 'NONE',  ( 1.089999999999999858, -0.4701063709417307446, -0.3950000000000000733 ) ) ;
#1122 = CYLINDRICAL_SURFACE ( 'NONE', #160, 0.1750000000000000167 ) ;
#1123 = VECTOR ( 'NONE', #3917, 1000.000000000000000 ) ;
#1124 = LINE ( 'NONE', #1451, #3959 ) ;
#1125 = APPLICATION_CONTEXT ( 'configuration controlled 3d designs of mechanical parts and assemblies' ) ;
#1126 = EDGE_LOOP ( 'NONE', ( #1854, #2449, #3867, #184 ) ) ;
#1127 = EDGE_CURVE ( 'NONE', #2435, #916, #3644, .T. ) ;
#1128 = AXIS2_PLACEMENT_3D ( 'NONE', #3521, #570, #1568 ) ;
#1129 = CARTESIAN_POINT ( 'NONE',  ( -0.1150000000000114125, -0.4701063709417307446, -1.089999999999998526 ) ) ;
#1130 = EDGE_LOOP ( 'NONE', ( #361, #1312, #236, #4013 ) ) ;
#1131 = DIRECTION ( 'NONE',  ( 0.0000000000000000000, -0.0000000000000000000, -1.000000000000000000 ) ) ;
#1132 = ORIENTED_EDGE ( 'NONE', *, *, #987, .F. ) ;
#1133 = EDGE_CURVE ( 'NONE', #1574, #4033, #2331, .T. ) ;
#1134 = CARTESIAN_POINT ( 'NONE',  ( 0.1149999999999842953, 0.0000000000000000000, -1.500000000000001110 ) ) ;
#1135 = ORIENTED_EDGE ( 'NONE', *, *, #2270, .T. ) ;
#1136 = EDGE_LOOP ( 'NONE', ( #2800, #342, #899, #71 ) ) ;
#1137 = CARTESIAN_POINT ( 'NONE',  ( 1.089999999999999636, 0.2000000000000000111, 0.6250000000000000000 ) ) ;
#1138 = LINE ( 'NONE', #380, #3513 ) ;
#1139 = PLANE ( 'NONE',  #1309 ) ;
#1140 = EDGE_LOOP ( 'NONE', ( #3428, #1178, #968, #3604 ) ) ;
#1141 = CARTESIAN_POINT ( 'NONE',  ( -1.499999999999999778, -0.4701063709417307446, 0.6250000000000000000 ) ) ;
#1142 = VECTOR ( 'NONE', #2142, 1000.000000000000000 ) ;
#1143 = ORIENTED_EDGE ( 'NONE', *, *, #2047, .F. ) ;
#1144 = DIRECTION ( 'NONE',  ( -0.0000000000000000000, 1.000000000000000000, -0.0000000000000000000 ) ) ;
#1145 = VECTOR ( 'NONE', #2122, 1000.000000000000000 ) ;
#1146 = PLANE ( 'NONE',  #2659 ) ;
#1147 = PLANE ( 'NONE',  #3477 ) ;
#1148 = ORIENTED_EDGE ( 'NONE', *, *, #856, .T. ) ;
#1149 = LINE ( 'NONE', #2932, #2675 ) ;
#1150 = EDGE_CURVE ( 'NONE', #1847, #263, #766, .T. ) ;
#1151 = DIRECTION ( 'NONE',  ( 1.000000000000000000, 0.0000000000000000000, -1.131341397376178602E-14 ) ) ;
#1152 = CARTESIAN_POINT ( 'NONE',  ( 1.499999999999999778, 0.2000000000000000111, -0.6250000000000000000 ) ) ;
#1153 = VECTOR ( 'NONE', #601, 1000.000000000000000 ) ;
#1154 = ORIENTED_EDGE ( 'NONE', *, *, #4080, .F. ) ;
#1155 = CARTESIAN_POINT ( 'NONE',  ( 1.089999999999999858, 0.2000000000000000111, -0.1150000000000000050 ) ) ;
#1156 = ORIENTED_EDGE ( 'NONE', *, *, #2351, .T. ) ;
#1157 = VECTOR ( 'NONE', #483, 1000.000000000000000 ) ;
#1158 = DIRECTION ( 'NONE',  ( -1.000000000000000000, 0.0000000000000000000, 1.445602896647339163E-16 ) ) ;
#1159 = DIRECTION ( 'NONE',  ( 0.0000000000000000000, 0.0000000000000000000, 1.000000000000000000 ) ) ;
#1160 = LINE ( 'NONE', #921, #293 ) ;
#1161 = CARTESIAN_POINT ( 'NONE',  ( -1.089999999999999858, 0.2000000000000000111, -0.3950000000000000733 ) ) ;
#1162 = VECTOR ( 'NONE', #2803, 1000.000000000000000 ) ;
#1163 = DIRECTION ( 'NONE',  ( -3.771137991253928672E-15, 0.0000000000000000000, -1.000000000000000000 ) ) ;
#1164 = CARTESIAN_POINT ( 'NONE',  ( 0.1150000000000038075, 0.2000000000000000111, 1.089999999999999414 ) ) ;
#1165 = VECTOR ( 'NONE', #1469, 1000.000000000000000 ) ;
#1166 = DIRECTION ( 'NONE',  ( 0.0000000000000000000, -1.000000000000000000, 0.0000000000000000000 ) ) ;
#1167 = ORIENTED_EDGE ( 'NONE', *, *, #656, .F. ) ;
#1168 = LINE ( 'NONE', #1080, #2446 ) ;
#1169 = DIRECTION ( 'NONE',  ( 0.0000000000000000000, 0.0000000000000000000, 1.000000000000000000 ) ) ;
#1170 = EDGE_CURVE ( 'NONE', #2628, #205, #1460, .T. ) ;
#1171 = EDGE_CURVE ( 'NONE', #2329, #2157, #4053, .T. ) ;
#1172 = ORIENTED_EDGE ( 'NONE', *, *, #3240, .T. ) ;
#1173 = AXIS2_PLACEMENT_3D ( 'NONE', #1969, #4180, #966 ) ;
#1174 = PLANE ( 'NONE',  #3159 ) ;
#1175 = ORIENTED_EDGE ( 'NONE', *, *, #696, .F. ) ;
#1176 = PERSON_AND_ORGANIZATION ( #751, #3054 ) ;
#1177 = CARTESIAN_POINT ( 'NONE',  ( 0.6249999999999886757, 0.2000000000000000111, -1.090000000000006297 ) ) ;
#1178 = ORIENTED_EDGE ( 'NONE', *, *, #926, .T. ) ;
#1179 = CC_DESIGN_DATE_AND_TIME_ASSIGNMENT ( #884, #3803, ( #112 ) ) ;
#1180 = LINE ( 'NONE', #2477, #4076 ) ;
#1181 = LOCAL_TIME ( 13, 20, 40.00000000000000000, #1631 ) ;
#1182 = ORIENTED_EDGE ( 'NONE', *, *, #1803, .T. ) ;
#1183 = DIRECTION ( 'NONE',  ( -1.000000000000000000, 0.0000000000000000000, -0.0000000000000000000 ) ) ;
#1184 = VECTOR ( 'NONE', #409, 1000.000000000000000 ) ;
#1185 = CARTESIAN_POINT ( 'NONE',  ( 0.6250000000000053291, 0.2000000000000000111, 1.499999999999997558 ) ) ;
#1186 = LINE ( 'NONE', #714, #535 ) ;
#1187 = LINE ( 'NONE', #1504, #3684 ) ;
#1188 = EDGE_CURVE ( 'NONE', #3885, #3623, #3133, .T. ) ;
#1189 = EDGE_LOOP ( 'NONE', ( #392, #2725, #2416, #1194 ) ) ;
#1190 = DIRECTION ( 'NONE',  ( -0.0000000000000000000, -0.0000000000000000000, 1.000000000000000000 ) ) ;
#1191 = LINE ( 'NONE', #3802, #284 ) ;
#1192 = ADVANCED_FACE ( 'NONE', ( #347 ), #1725, .F. ) ;
#1193 = EDGE_LOOP ( 'NONE', ( #2629, #1546, #2203, #2309 ) ) ;
#1194 = ORIENTED_EDGE ( 'NONE', *, *, #2506, .T. ) ;
#1195 = DIRECTION ( 'NONE',  ( 1.000000000000000000, -0.0000000000000000000, 0.0000000000000000000 ) ) ;
#1196 = EDGE_CURVE ( 'NONE', #2070, #3633, #3951, .T. ) ;
#1197 = VECTOR ( 'NONE', #676, 1000.000000000000000 ) ;
#1198 = EDGE_CURVE ( 'NONE', #2468, #2758, #2382, .T. ) ;
#1199 = CARTESIAN_POINT ( 'NONE',  ( -1.499999999999999778, 0.2000000000000000111, 0.3950000000000000733 ) ) ;
#1200 = CARTESIAN_POINT ( 'NONE',  ( 0.1150000000000052369, 0.2000000000000000111, 1.499999999999999334 ) ) ;
#1201 = ORIENTED_EDGE ( 'NONE', *, *, #2185, .T. ) ;
#1202 = DIRECTION ( 'NONE',  ( 0.0000000000000000000, -1.000000000000000000, -0.0000000000000000000 ) ) ;
#1203 = VECTOR ( 'NONE', #420, 1000.000000000000000 ) ;
#1204 = EDGE_CURVE ( 'NONE', #975, #537, #109, .T. ) ;
#1205 = DIRECTION ( 'NONE',  ( -0.0000000000000000000, 0.0000000000000000000, 1.000000000000000000 ) ) ;
#1206 = AXIS2_PLACEMENT_3D ( 'NONE', #4002, #1747, #1415 ) ;
#1207 = LINE ( 'NONE', #1052, #3698 ) ;
#1208 = CARTESIAN_POINT ( 'NONE',  ( 1.089999999999999636, 0.2000000000000000111, 0.6250000000000000000 ) ) ;
#1209 = LINE ( 'NONE', #1673, #2082 ) ;
#1210 = CARTESIAN_POINT ( 'NONE',  ( -0.1149999999999961886, -0.0000000000000000000, 1.090000000000000302 ) ) ;
#1211 = CARTESIAN_POINT ( 'NONE',  ( -1.219903562631567517, 0.05000000000000000278, -1.089999999999993419 ) ) ;
#1212 = LINE ( 'NONE', #3873, #3389 ) ;
#1213 = ADVANCED_FACE ( 'NONE', ( #4000 ), #171, .F. ) ;
#1214 = DIRECTION ( 'NONE',  ( -1.000000000000000000, 0.0000000000000000000, 0.0000000000000000000 ) ) ;
#1215 = CARTESIAN_POINT ( 'NONE',  ( 1.499999999999999778, 0.0000000000000000000, -0.6250000000000000000 ) ) ;
#1216 = ORIENTED_EDGE ( 'NONE', *, *, #3673, .F. ) ;
#1217 = DIRECTION ( 'NONE',  ( 0.0000000000000000000, 0.0000000000000000000, -1.000000000000000000 ) ) ;
#1218 = VERTEX_POINT ( 'NONE', #3061 ) ;
#1219 = EDGE_CURVE ( 'NONE', #281, #832, #1357, .T. ) ;
#1220 = DIRECTION ( 'NONE',  ( 1.000000000000000000, -0.0000000000000000000, 0.0000000000000000000 ) ) ;
#1221 = ORIENTED_EDGE ( 'NONE', *, *, #203, .T. ) ;
#1222 = CARTESIAN_POINT ( 'NONE',  ( -1.089999999999999858, 0.2000000000000000111, 0.6250000000000000000 ) ) ;
#1223 = EDGE_CURVE ( 'NONE', #874, #1087, #3843, .T. ) ;
#1224 = ORIENTED_EDGE ( 'NONE', *, *, #2216, .F. ) ;
#1225 = DIRECTION ( 'NONE',  ( -1.000000000000000000, 0.0000000000000000000, 1.131341397376178602E-14 ) ) ;
#1226 = VECTOR ( 'NONE', #3250, 1000.000000000000000 ) ;
#1227 = ORIENTED_EDGE ( 'NONE', *, *, #564, .T. ) ;
#1228 = ORIENTED_EDGE ( 'NONE', *, *, #1655, .F. ) ;
#1229 = VECTOR ( 'NONE', #2734, 1000.000000000000000 ) ;
#1230 = EDGE_LOOP ( 'NONE', ( #641, #3230, #880, #2356 ) ) ;
#1231 = CARTESIAN_POINT ( 'NONE',  ( 0.5100000000000000089, 0.2000000000000000111, -1.780655482809997932E-15 ) ) ;
#1232 = LINE ( 'NONE', #2726, #2568 ) ;
#1233 = ORIENTED_EDGE ( 'NONE', *, *, #1363, .F. ) ;
#1234 = CARTESIAN_POINT ( 'NONE',  ( 0.0000000000000000000, 0.2000000000000000111, 0.0000000000000000000 ) ) ;
#1235 = FACE_OUTER_BOUND ( 'NONE', #2519, .T. ) ;
#1236 = DIRECTION ( 'NONE',  ( 1.000000000000000000, 0.0000000000000000000, 0.0000000000000000000 ) ) ;
#1237 = DIRECTION ( 'NONE',  ( 0.0000000000000000000, 1.000000000000000000, 0.0000000000000000000 ) ) ;
#1238 = ORIENTED_EDGE ( 'NONE', *, *, #128, .F. ) ;
#1239 = LINE ( 'NONE', #1051, #2776 ) ;
#1240 = CARTESIAN_POINT ( 'NONE',  ( -1.089999999999999858, 0.2000000000000000111, 0.1150000000000000050 ) ) ;
#1241 = ORIENTED_EDGE ( 'NONE', *, *, #2438, .T. ) ;
#1242 = DIRECTION ( 'NONE',  ( -0.0000000000000000000, -1.000000000000000000, -0.0000000000000000000 ) ) ;
#1243 = LINE ( 'NONE', #541, #643 ) ;
#1244 = VECTOR ( 'NONE', #4034, 1000.000000000000000 ) ;
#1245 = EDGE_LOOP ( 'NONE', ( #4174, #827, #353, #314 ) ) ;
#1246 = CARTESIAN_POINT ( 'NONE',  ( -1.499999999999999778, 0.0000000000000000000, -0.6250000000000000000 ) ) ;
#1247 = VERTEX_POINT ( 'NONE', #4047 ) ;
#1248 = VECTOR ( 'NONE', #2454, 1000.000000000000000 ) ;
#1249 = VERTEX_POINT ( 'NONE', #491 ) ;
#1250 = CARTESIAN_POINT ( 'NONE',  ( -1.219903562631567517, 0.05000000000000000278, -1.114999999999993330 ) ) ;
#1251 = AXIS2_PLACEMENT_3D ( 'NONE', #1161, #1473, #3774 ) ;
#1252 = VECTOR ( 'NONE', #3132, 1000.000000000000000 ) ;
#1253 = DIRECTION ( 'NONE',  ( 0.0000000000000000000, -1.000000000000000000, 0.0000000000000000000 ) ) ;
#1254 = PLANE ( 'NONE',  #670 ) ;
#1255 = VECTOR ( 'NONE', #1767, 1000.000000000000000 ) ;
#1256 = EDGE_CURVE ( 'NONE', #2246, #2139, #962, .T. ) ;
#1257 = CARTESIAN_POINT ( 'NONE',  ( 1.500000000000000444, 0.0000000000000000000, 1.499999999999999778 ) ) ;
#1258 = VECTOR ( 'NONE', #169, 1000.000000000000000 ) ;
#1259 = DIRECTION ( 'NONE',  ( -0.0000000000000000000, 1.000000000000000000, -0.0000000000000000000 ) ) ;
#1260 = CARTESIAN_POINT ( 'NONE',  ( -1.499999999999999778, 0.0000000000000000000, -0.3950000000000000733 ) ) ;
#1261 = VERTEX_POINT ( 'NONE', #131 ) ;
#1262 = CARTESIAN_POINT ( 'NONE',  ( 1.089999999999999858, 0.2000000000000000111, 0.1150000000000000050 ) ) ;
#1263 = PLANE ( 'NONE',  #180 ) ;
#1264 = CARTESIAN_POINT ( 'NONE',  ( -1.499999999999999778, 0.0000000000000000000, 0.3950000000000000733 ) ) ;
#1265 = DIRECTION ( 'NONE',  ( -1.000000000000000000, 0.0000000000000000000, 1.047841733774100299E-14 ) ) ;
#1266 = EDGE_LOOP ( 'NONE', ( #3713, #2632, #482, #3617 ) ) ;
#1267 = CARTESIAN_POINT ( 'NONE',  ( 0.1150000000000038075, 0.2000000000000000111, 1.089999999999999414 ) ) ;
#1268 = EDGE_CURVE ( 'NONE', #2339, #3298, #1407, .T. ) ;
#1269 = ORIENTED_EDGE ( 'NONE', *, *, #1020, .F. ) ;
#1270 = EDGE_CURVE ( 'NONE', #2139, #3636, #400, .T. ) ;
#1271 = VECTOR ( 'NONE', #2099, 1000.000000000000000 ) ;
#1272 = ORIENTED_EDGE ( 'NONE', *, *, #338, .F. ) ;
#1273 = DIRECTION ( 'NONE',  ( 0.0000000000000000000, 1.000000000000000000, 0.0000000000000000000 ) ) ;
#1274 = CARTESIAN_POINT ( 'NONE',  ( -1.499999999999999778, 0.2000000000000000111, 0.1150000000000000050 ) ) ;
#1275 = VECTOR ( 'NONE', #527, 1000.000000000000000 ) ;
#1276 = EDGE_CURVE ( 'NONE', #4123, #1344, #3033, .T. ) ;
#1277 = LOCAL_TIME ( 13, 20, 40.00000000000000000, #4120 ) ;
#1278 = FACE_OUTER_BOUND ( 'NONE', #3481, .T. ) ;
#1279 = EDGE_LOOP ( 'NONE', ( #685, #367, #2472, #3758 ) ) ;
#1280 = AXIS2_PLACEMENT_3D ( 'NONE', #800, #4100, #2792 ) ;
#1281 = CARTESIAN_POINT ( 'NONE',  ( 0.6249999999999886757, 0.2000000000000000111, -1.090000000000006297 ) ) ;
#1282 = LINE ( 'NONE', #401, #3215 ) ;
#1283 = ORIENTED_EDGE ( 'NONE', *, *, #2600, .T. ) ;
#1284 = PLANE ( 'NONE',  #3078 ) ;
#1285 = LINE ( 'NONE', #3749, #86 ) ;
#1286 = ORIENTED_EDGE ( 'NONE', *, *, #985, .F. ) ;
#1287 = DIRECTION ( 'NONE',  ( 0.0000000000000000000, 0.0000000000000000000, -1.000000000000000000 ) ) ;
#1288 = LINE ( 'NONE', #1544, #1905 ) ;
#1289 = CARTESIAN_POINT ( 'NONE',  ( -0.1150000000000157147, 0.2000000000000000111, -1.499999999999998446 ) ) ;
#1290 = ORIENTED_EDGE ( 'NONE', *, *, #2237, .T. ) ;
#1291 = CARTESIAN_POINT ( 'NONE',  ( -0.3949999999999961875, 0.2000000000000000111, 1.090000000000001190 ) ) ;
#1292 = ADVANCED_FACE ( 'NONE', ( #2127 ), #3898, .F. ) ;
#1293 = LINE ( 'NONE', #906, #3939 ) ;
#1294 = ORIENTED_EDGE ( 'NONE', *, *, #633, .T. ) ;
#1295 = DIRECTION ( 'NONE',  ( 0.0000000000000000000, 0.0000000000000000000, 1.000000000000000000 ) ) ;
#1296 = EDGE_CURVE ( 'NONE', #141, #622, #2176, .T. ) ;
#1297 = EDGE_CURVE ( 'NONE', #2182, #2499, #2030, .T. ) ;
#1298 = LINE ( 'NONE', #3690, #445 ) ;
#1299 = CARTESIAN_POINT ( 'NONE',  ( -0.6249999999999947820, 0.0000000000000000000, 1.500000000000001998 ) ) ;
#1300 = DIRECTION ( 'NONE',  ( 0.0000000000000000000, -1.000000000000000000, 0.0000000000000000000 ) ) ;
#1301 = VECTOR ( 'NONE', #3750, 1000.000000000000000 ) ;
#1302 = CARTESIAN_POINT ( 'NONE',  ( -1.499999999999999556, 0.0000000000000000000, 1.500000000000000222 ) ) ;
#1303 = EDGE_CURVE ( 'NONE', #2105, #2857, #1917, .T. ) ;
#1304 = CARTESIAN_POINT ( 'NONE',  ( -0.9092869680558282042, 0.05000000000000000278, -1.400616594575732288 ) ) ;
#1305 = FACE_OUTER_BOUND ( 'NONE', #3858, .T. ) ;
#1306 = EDGE_LOOP ( 'NONE', ( #2167, #1093 ) ) ;
#1307 = CARTESIAN_POINT ( 'NONE',  ( -0.1149999999999947731, 0.2000000000000000111, 1.500000000000000222 ) ) ;
#1308 = DIRECTION ( 'NONE',  ( 0.0000000000000000000, 0.0000000000000000000, 1.000000000000000000 ) ) ;
#1309 = AXIS2_PLACEMENT_3D ( 'NONE', #3691, #484, #2128 ) ;
#1310 = ORIENTED_EDGE ( 'NONE', *, *, #3474, .F. ) ;
#1311 = ADVANCED_FACE ( 'NONE', ( #3748 ), #1147, .T. ) ;
#1312 = ORIENTED_EDGE ( 'NONE', *, *, #3472, .F. ) ;
#1313 = ORIENTED_EDGE ( 'NONE', *, *, #3261, .F. ) ;
#1314 = DIRECTION ( 'NONE',  ( 0.0000000000000000000, 0.0000000000000000000, 1.000000000000000000 ) ) ;
#1315 = PLANE ( 'NONE',  #4112 ) ;
#1316 = ORIENTED_EDGE ( 'NONE', *, *, #1718, .T. ) ;
#1317 = DIRECTION ( 'NONE',  ( 0.0000000000000000000, 1.000000000000000000, 0.0000000000000000000 ) ) ;
#1318 = ORIENTED_EDGE ( 'NONE', *, *, #2619, .F. ) ;
#1319 = CARTESIAN_POINT ( 'NONE',  ( -0.3950000000000114531, 0.0000000000000000000, -1.089999999999995639 ) ) ;
#1320 = CARTESIAN_POINT ( 'NONE',  ( -0.9342869680558283374, 0.05000000000000000278, -1.425616594575732421 ) ) ;
#1321 = ADVANCED_FACE ( 'NONE', ( #2890 ), #3757, .F. ) ;
#1322 = ORIENTED_EDGE ( 'NONE', *, *, #557, .F. ) ;
#1323 = APPROVAL_PERSON_ORGANIZATION ( #2406, #971, #1744 ) ;
#1324 = DIRECTION ( 'NONE',  ( 0.0000000000000000000, 1.000000000000000000, 0.0000000000000000000 ) ) ;
#1325 = ORIENTED_EDGE ( 'NONE', *, *, #1443, .T. ) ;
#1326 = CARTESIAN_POINT ( 'NONE',  ( -1.499999999999999778, 0.0000000000000000000, 0.3950000000000000733 ) ) ;
#1327 = AXIS2_PLACEMENT_3D ( 'NONE', #2447, #1163, #3084 ) ;
#1328 = FACE_OUTER_BOUND ( 'NONE', #1140, .T. ) ;
#1329 = EDGE_LOOP ( 'NONE', ( #3064, #2953, #285, #2037 ) ) ;
#1330 = CARTESIAN_POINT ( 'NONE',  ( -1.499999999999999778, 0.2000000000000000111, -0.3950000000000000733 ) ) ;
#1331 = VECTOR ( 'NONE', #976, 1000.000000000000000 ) ;
#1332 = ORIENTED_EDGE ( 'NONE', *, *, #4188, .F. ) ;
#1333 = EDGE_CURVE ( 'NONE', #680, #240, #204, .T. ) ;
#1334 = LINE ( 'NONE', #2224, #3822 ) ;
#1335 = ADVANCED_FACE ( 'NONE', ( #295 ), #4064, .F. ) ;
#1336 = VERTEX_POINT ( 'NONE', #864 ) ;
#1337 = DIRECTION ( 'NONE',  ( -1.495451272393799542E-16, 0.0000000000000000000, 1.000000000000000000 ) ) ;
#1338 = DIRECTION ( 'NONE',  ( 1.000000000000000000, 0.0000000000000000000, -1.047444401652940007E-14 ) ) ;
#1339 = FACE_BOUND ( 'NONE', #2604, .T. ) ;
#1340 = ORIENTED_EDGE ( 'NONE', *, *, #3236, .T. ) ;
#1341 = ORIENTED_EDGE ( 'NONE', *, *, #1794, .T. ) ;
#1342 = CARTESIAN_POINT ( 'NONE',  ( 1.499999999999999778, 0.2000000000000000111, -0.1150000000000000050 ) ) ;
#1343 = VECTOR ( 'NONE', #4184, 1000.000000000000000 ) ;
#1344 = VERTEX_POINT ( 'NONE', #1804 ) ;
#1345 = EDGE_LOOP ( 'NONE', ( #3530, #103, #1455, #283 ) ) ;
#1346 = ADVANCED_FACE ( 'NONE', ( #1768 ), #211, .F. ) ;
#1347 = DIRECTION ( 'NONE',  ( 0.0000000000000000000, 0.0000000000000000000, -1.000000000000000000 ) ) ;
#1348 = LINE ( 'NONE', #1379, #1203 ) ;
#1349 = ORIENTED_EDGE ( 'NONE', *, *, #3234, .T. ) ;
#1350 = ORIENTED_EDGE ( 'NONE', *, *, #3894, .T. ) ;
#1351 = CARTESIAN_POINT ( 'NONE',  ( -0.7250000000000003109, 0.0000000000000000000, 0.7250000000000000888 ) ) ;
#1352 = CARTESIAN_POINT ( 'NONE',  ( -0.9999999999999995559, 0.8400000000000000799, -0.8249999999999999556 ) ) ;
#1353 = FACE_OUTER_BOUND ( 'NONE', #373, .T. ) ;
#1354 = PLANE ( 'NONE',  #932 ) ;
#1355 = CARTESIAN_POINT ( 'NONE',  ( -0.6250000000000157652, 0.2000000000000000111, -1.499999999999993117 ) ) ;
#1356 = EDGE_CURVE ( 'NONE', #2565, #3145, #2640, .T. ) ;
#1357 = LINE ( 'NONE', #147, #2590 ) ;
#1358 = DIRECTION ( 'NONE',  ( -0.0000000000000000000, 0.0000000000000000000, 1.000000000000000000 ) ) ;
#1359 = ADVANCED_FACE ( 'NONE', ( #3382 ), #3384, .F. ) ;
#1360 = ORIENTED_EDGE ( 'NONE', *, *, #3541, .F. ) ;
#1361 = CARTESIAN_POINT ( 'NONE',  ( 0.3950000000000052913, 0.0000000000000000000, 1.499999999999998446 ) ) ;
#1362 = LINE ( 'NONE', #673, #1019 ) ;
#1363 = EDGE_CURVE ( 'NONE', #1962, #2749, #3186, .T. ) ;
#1364 = DIRECTION ( 'NONE',  ( 1.495451272393799542E-16, 0.0000000000000000000, -1.000000000000000000 ) ) ;
#1365 = DIRECTION ( 'NONE',  ( -1.000000000000000000, 0.0000000000000000000, 0.0000000000000000000 ) ) ;
#1366 = ORIENTED_EDGE ( 'NONE', *, *, #3424, .T. ) ;
#1367 = CARTESIAN_POINT ( 'NONE',  ( 1.089999999999999636, 0.0000000000000000000, 0.3950000000000000733 ) ) ;
#1368 = CARTESIAN_POINT ( 'NONE',  ( 1.500000000000000444, 0.8900000000000000133, -1.500000000000000000 ) ) ;
#1369 = DIRECTION ( 'NONE',  ( -0.0000000000000000000, -1.000000000000000000, -0.0000000000000000000 ) ) ;
#1370 = ORIENTED_EDGE ( 'NONE', *, *, #356, .T. ) ;
#1371 = ORIENTED_EDGE ( 'NONE', *, *, #1270, .T. ) ;
#1372 = VERTEX_POINT ( 'NONE', #487 ) ;
#1373 = CARTESIAN_POINT ( 'NONE',  ( 0.6250000000000053291, 0.2000000000000000111, 1.499999999999997558 ) ) ;
#1374 = EDGE_CURVE ( 'NONE', #951, #1762, #765, .T. ) ;
#1375 = ADVANCED_FACE ( 'NONE', ( #3079 ), #3785, .F. ) ;
#1376 = EDGE_CURVE ( 'NONE', #661, #3398, #3640, .T. ) ;
#1377 = ORIENTED_EDGE ( 'NONE', *, *, #1297, .F. ) ;
#1378 = ORIENTED_EDGE ( 'NONE', *, *, #1196, .T. ) ;
#1379 = CARTESIAN_POINT ( 'NONE',  ( -1.089999999999999858, 0.2000000000000000111, 0.6250000000000000000 ) ) ;
#1380 = FACE_OUTER_BOUND ( 'NONE', #3168, .T. ) ;
#1381 = CARTESIAN_POINT ( 'NONE',  ( -0.6250000000000157652, 0.2000000000000000111, -1.499999999999993117 ) ) ;
#1382 = PERSON_AND_ORGANIZATION ( #751, #3054 ) ;
#1383 = LINE ( 'NONE', #3227, #1331 ) ;
#1384 = ORIENTED_EDGE ( 'NONE', *, *, #856, .F. ) ;
#1385 = DIRECTION ( 'NONE',  ( 1.000000000000000000, 0.0000000000000000000, 0.0000000000000000000 ) ) ;
#1386 = VECTOR ( 'NONE', #57, 1000.000000000000000 ) ;
#1387 = ORIENTED_EDGE ( 'NONE', *, *, #3968, .F. ) ;
#1388 = LINE ( 'NONE', #350, #3985 ) ;
#1389 = DIRECTION ( 'NONE',  ( 0.0000000000000000000, 1.000000000000000000, 0.0000000000000000000 ) ) ;
#1390 = EDGE_CURVE ( 'NONE', #3828, #1037, #1867, .T. ) ;
#1391 = EDGE_LOOP ( 'NONE', ( #1648, #3506, #3026, #651 ) ) ;
#1392 = CARTESIAN_POINT ( 'NONE',  ( -0.1149999999999947731, 0.2000000000000000111, 1.500000000000000222 ) ) ;
#1393 = VECTOR ( 'NONE', #1824, 1000.000000000000000 ) ;
#1394 = AXIS2_PLACEMENT_3D ( 'NONE', #3999, #2004, #2992 ) ;
#1395 = EDGE_LOOP ( 'NONE', ( #1973, #988, #270, #1582 ) ) ;
#1396 = DIRECTION ( 'NONE',  ( 1.000000000000000000, 0.0000000000000000000, -3.491481338843133355E-15 ) ) ;
#1397 = PLANE ( 'NONE',  #1394 ) ;
#1398 = ORIENTED_EDGE ( 'NONE', *, *, #2553, .T. ) ;
#1399 = FACE_OUTER_BOUND ( 'NONE', #2945, .T. ) ;
#1400 = ORIENTED_EDGE ( 'NONE', *, *, #2537, .T. ) ;
#1401 = ORIENTED_EDGE ( 'NONE', *, *, #3894, .F. ) ;
#1402 = VECTOR ( 'NONE', #2384, 1000.000000000000000 ) ;
#1403 = DIRECTION ( 'NONE',  ( -0.0000000000000000000, 0.0000000000000000000, 1.000000000000000000 ) ) ;
#1404 = MANIFOLD_SOLID_BREP ( 'Boss-Extrude2[9]', #2076 ) ;
#1405 = DIRECTION ( 'NONE',  ( -1.000000000000000000, 0.0000000000000000000, 3.771137991253928672E-15 ) ) ;
#1406 = DIRECTION ( 'NONE',  ( 0.0000000000000000000, 0.0000000000000000000, -1.000000000000000000 ) ) ;
#1407 = LINE ( 'NONE', #2380, #559 ) ;
#1408 = AXIS2_PLACEMENT_3D ( 'NONE', #3489, #1535, #2175 ) ;
#1409 = CARTESIAN_POINT ( 'NONE',  ( 1.500000000000000444, 0.8900000000000000133, 1.499999999999999778 ) ) ;
#1410 = DIRECTION ( 'NONE',  ( -1.000000000000000000, -0.0000000000000000000, -0.0000000000000000000 ) ) ;
#1411 = VECTOR ( 'NONE', #1085, 1000.000000000000000 ) ;
#1412 = CARTESIAN_POINT ( 'NONE',  ( -0.1149999999999961886, 0.0000000000000000000, 1.090000000000000302 ) ) ;
#1413 = ADVANCED_FACE ( 'NONE', ( #1661 ), #4085, .F. ) ;
#1414 = ORIENTED_EDGE ( 'NONE', *, *, #1572, .T. ) ;
#1415 = DIRECTION ( 'NONE',  ( -1.000000000000000000, 0.0000000000000000000, -0.0000000000000000000 ) ) ;
#1416 = AXIS2_PLACEMENT_3D ( 'NONE', #833, #229, #498 ) ;
#1417 = LINE ( 'NONE', #1946, #2991 ) ;
#1418 = DIRECTION ( 'NONE',  ( -0.0000000000000000000, -1.000000000000000000, -0.0000000000000000000 ) ) ;
#1419 = FACE_OUTER_BOUND ( 'NONE', #3368, .T. ) ;
#1420 = CARTESIAN_POINT ( 'NONE',  ( 0.0000000000000000000, 0.2000000000000000111, 0.0000000000000000000 ) ) ;
#1421 = EDGE_CURVE ( 'NONE', #3191, #195, #2535, .T. ) ;
#1422 = VERTEX_POINT ( 'NONE', #3157 ) ;
#1423 = DIRECTION ( 'NONE',  ( 0.0000000000000000000, -1.000000000000000000, 0.0000000000000000000 ) ) ;
#1424 = DIRECTION ( 'NONE',  ( 0.0000000000000000000, 0.0000000000000000000, 1.000000000000000000 ) ) ;
#1425 = ORIENTED_EDGE ( 'NONE', *, *, #557, .T. ) ;
#1426 = ORIENTED_EDGE ( 'NONE', *, *, #2676, .T. ) ;
#1427 = CARTESIAN_POINT ( 'NONE',  ( -0.1150000000000114125, 0.2000000000000000111, -1.089999999999998526 ) ) ;
#1428 = ORIENTED_EDGE ( 'NONE', *, *, #3801, .T. ) ;
#1429 = ORIENTED_EDGE ( 'NONE', *, *, #3639, .F. ) ;
#1430 = DIRECTION ( 'NONE',  ( -1.445602896647339410E-16, 0.0000000000000000000, -1.000000000000000000 ) ) ;
#1431 = FACE_OUTER_BOUND ( 'NONE', #3563, .T. ) ;
#1432 = DIRECTION ( 'NONE',  ( -1.047841733774100299E-14, 0.0000000000000000000, -1.000000000000000000 ) ) ;
#1433 = ORIENTED_EDGE ( 'NONE', *, *, #1717, .F. ) ;
#1434 = VECTOR ( 'NONE', #1720, 1000.000000000000000 ) ;
#1435 = ORIENTED_EDGE ( 'NONE', *, *, #1794, .F. ) ;
#1436 = EDGE_CURVE ( 'NONE', #3249, #1934, #4201, .T. ) ;
#1437 = ORIENTED_EDGE ( 'NONE', *, *, #3483, .T. ) ;
#1438 = CARTESIAN_POINT ( 'NONE',  ( 1.089999999999999858, 0.0000000000000000000, -0.3950000000000000733 ) ) ;
#1439 = FACE_OUTER_BOUND ( 'NONE', #1495, .T. ) ;
#1440 = VECTOR ( 'NONE', #3608, 1000.000000000000000 ) ;
#1441 = ORIENTED_EDGE ( 'NONE', *, *, #656, .T. ) ;
#1442 = DIRECTION ( 'NONE',  ( 1.000000000000000000, 0.0000000000000000000, -1.047444401652940007E-14 ) ) ;
#1443 = EDGE_CURVE ( 'NONE', #3488, #2706, #3744, .T. ) ;
#1444 = LINE ( 'NONE', #1919, #1540 ) ;
#1445 = VERTEX_POINT ( 'NONE', #3142 ) ;
#1446 = AXIS2_PLACEMENT_3D ( 'NONE', #3621, #2348, #1314 ) ;
#1447 = ORIENTED_EDGE ( 'NONE', *, *, #2618, .F. ) ;
#1448 = CARTESIAN_POINT ( 'NONE',  ( -1.244903562631567429, 0.05000000000000000278, -1.400616594575732288 ) ) ;
#1449 = FACE_OUTER_BOUND ( 'NONE', #1812, .T. ) ;
#1450 = EDGE_LOOP ( 'NONE', ( #2016, #790, #2598, #2420 ) ) ;
#1451 = CARTESIAN_POINT ( 'NONE',  ( -1.089999999999999858, 0.0000000000000000000, 0.1150000000000000050 ) ) ;
#1452 = AXIS2_PLACEMENT_3D ( 'NONE', #54, #910, #3512 ) ;
#1453 = FACE_OUTER_BOUND ( 'NONE', #946, .T. ) ;
#1454 = CARTESIAN_POINT ( 'NONE',  ( 0.6249999999999843459, 0.0000000000000000000, -1.500000000000006217 ) ) ;
#1455 = ORIENTED_EDGE ( 'NONE', *, *, #2791, .T. ) ;
#1456 = DIRECTION ( 'NONE',  ( 1.000000000000000000, 0.0000000000000000000, 0.0000000000000000000 ) ) ;
#1457 = LINE ( 'NONE', #2959, #1714 ) ;
#1458 = PLANE ( 'NONE',  #1206 ) ;
#1459 = FACE_OUTER_BOUND ( 'NONE', #1266, .T. ) ;
#1460 = LINE ( 'NONE', #3921, #246 ) ;
#1461 = PLANE ( 'NONE',  #1059 ) ;
#1462 = CARTESIAN_POINT ( 'NONE',  ( 1.499999999999999556, -0.4701063709417307446, 0.3950000000000000733 ) ) ;
#1463 = LINE ( 'NONE', #1734, #3286 ) ;
#1464 = DIRECTION ( 'NONE',  ( -0.0000000000000000000, 1.000000000000000000, -0.0000000000000000000 ) ) ;
#1465 = ORIENTED_EDGE ( 'NONE', *, *, #1198, .T. ) ;
#1466 = DIRECTION ( 'NONE',  ( -3.491481338843133355E-15, 0.0000000000000000000, -1.000000000000000000 ) ) ;
#1467 = DIRECTION ( 'NONE',  ( 0.0000000000000000000, -0.0000000000000000000, 1.000000000000000000 ) ) ;
#1468 = ORIENTED_EDGE ( 'NONE', *, *, #1376, .F. ) ;
#1469 = DIRECTION ( 'NONE',  ( -0.0000000000000000000, -1.000000000000000000, -0.0000000000000000000 ) ) ;
#1470 = VERTEX_POINT ( 'NONE', #2833 ) ;
#1471 = CARTESIAN_POINT ( 'NONE',  ( -1.499999999999999778, 0.2000000000000000111, 0.1150000000000000050 ) ) ;
#1472 = ORIENTED_EDGE ( 'NONE', *, *, #408, .F. ) ;
#1473 = DIRECTION ( 'NONE',  ( 1.000000000000000000, -0.0000000000000000000, 0.0000000000000000000 ) ) ;
#1474 = VERTEX_POINT ( 'NONE', #883 ) ;
#1475 = CARTESIAN_POINT ( 'NONE',  ( -0.1150000000000114125, -0.4701063709417307446, -1.089999999999998526 ) ) ;
#1476 = CIRCLE ( 'NONE', #2583, 0.02500000000000006384 ) ;
#1477 = DIRECTION ( 'NONE',  ( -0.0000000000000000000, 1.000000000000000000, -0.0000000000000000000 ) ) ;
#1478 = LINE ( 'NONE', #7, #79 ) ;
#1479 = EDGE_LOOP ( 'NONE', ( #1782, #2637, #2024, #2042 ) ) ;
#1480 = VECTOR ( 'NONE', #848, 1000.000000000000000 ) ;
#1481 = DIRECTION ( 'NONE',  ( -0.0000000000000000000, -1.000000000000000000, -0.0000000000000000000 ) ) ;
#1482 = PERSON_AND_ORGANIZATION ( #751, #3054 ) ;
#1483 = ORIENTED_EDGE ( 'NONE', *, *, #3534, .F. ) ;
#1484 = LINE ( 'NONE', #2995, #1094 ) ;
#1485 = DIRECTION ( 'NONE',  ( -0.0000000000000000000, -1.000000000000000000, -0.0000000000000000000 ) ) ;
#1486 = DIRECTION ( 'NONE',  ( 1.000000000000000000, 0.0000000000000000000, -1.047444401652940007E-14 ) ) ;
#1487 = VERTEX_POINT ( 'NONE', #529 ) ;
#1488 = DIRECTION ( 'NONE',  ( 0.0000000000000000000, 0.0000000000000000000, -1.000000000000000000 ) ) ;
#1489 = FACE_OUTER_BOUND ( 'NONE', #3804, .T. ) ;
#1490 = EDGE_CURVE ( 'NONE', #3298, #2315, #814, .T. ) ;
#1491 = EDGE_CURVE ( 'NONE', #3773, #1847, #2376, .T. ) ;
#1492 = DIRECTION ( 'NONE',  ( -3.771137991253927883E-15, 0.0000000000000000000, -1.000000000000000000 ) ) ;
#1493 = CARTESIAN_POINT ( 'NONE',  ( -0.6250000000000157652, -0.4701063709417307446, -1.499999999999993117 ) ) ;
#1494 = SECURITY_CLASSIFICATION_LEVEL ( 'unclassified' ) ;
#1495 = EDGE_LOOP ( 'NONE', ( #1596, #4015, #2243, #668 ) ) ;
#1496 = CARTESIAN_POINT ( 'NONE',  ( -1.089999999999999858, 0.0000000000000000000, 0.1150000000000000050 ) ) ;
#1497 = VECTOR ( 'NONE', #2552, 1000.000000000000000 ) ;
#1498 = ORIENTED_EDGE ( 'NONE', *, *, #3639, .T. ) ;
#1499 = CARTESIAN_POINT ( 'NONE',  ( 1.499999999999999778, -0.0000000000000000000, 0.1150000000000000050 ) ) ;
#1500 = EDGE_CURVE ( 'NONE', #3687, #2897, #4152, .T. ) ;
#1501 = EDGE_LOOP ( 'NONE', ( #1786, #145, #2453, #973 ) ) ;
#1502 = VECTOR ( 'NONE', #2036, 1000.000000000000000 ) ;
#1503 = ORIENTED_EDGE ( 'NONE', *, *, #3699, .T. ) ;
#1504 = CARTESIAN_POINT ( 'NONE',  ( -0.3949999999999961875, 0.2000000000000000111, 1.090000000000001190 ) ) ;
#1505 = FACE_OUTER_BOUND ( 'NONE', #933, .T. ) ;
#1506 = DIRECTION ( 'NONE',  ( 0.0000000000000000000, -0.0000000000000000000, -1.000000000000000000 ) ) ;
#1507 = VECTOR ( 'NONE', #3388, 1000.000000000000000 ) ;
#1508 = PLANE ( 'NONE',  #1416 ) ;
#1509 = ADVANCED_FACE ( 'NONE', ( #3998 ), #269, .F. ) ;
#1510 = VECTOR ( 'NONE', #3970, 1000.000000000000000 ) ;
#1511 = DIRECTION ( 'NONE',  ( -0.0000000000000000000, 1.000000000000000000, -0.0000000000000000000 ) ) ;
#1512 = ORIENTED_EDGE ( 'NONE', *, *, #3557, .T. ) ;
#1513 = FACE_OUTER_BOUND ( 'NONE', #3010, .T. ) ;
#1514 = DIRECTION ( 'NONE',  ( 1.000000000000000000, 0.0000000000000000000, -3.491481338843133355E-15 ) ) ;
#1515 = EDGE_CURVE ( 'NONE', #2291, #2529, #3591, .T. ) ;
#1516 = FACE_OUTER_BOUND ( 'NONE', #339, .T. ) ;
#1517 = EDGE_LOOP ( 'NONE', ( #620, #1072, #1902, #337 ) ) ;
#1518 = CARTESIAN_POINT ( 'NONE',  ( -0.3950000000000157274, 0.0000000000000000000, -1.499999999999995781 ) ) ;
#1519 = ORIENTED_EDGE ( 'NONE', *, *, #1171, .F. ) ;
#1520 = ORIENTED_EDGE ( 'NONE', *, *, #208, .T. ) ;
#1521 = DIRECTION ( 'NONE',  ( 0.0000000000000000000, -0.0000000000000000000, -1.000000000000000000 ) ) ;
#1522 = CARTESIAN_POINT ( 'NONE',  ( -0.6250000000000157652, 0.0000000000000000000, -1.499999999999993117 ) ) ;
#1523 = ORIENTED_EDGE ( 'NONE', *, *, #941, .T. ) ;
#1524 = APPROVAL_DATE_TIME ( #3567, #1887 ) ;
#1525 = EDGE_LOOP ( 'NONE', ( #3222, #1809, #1322, #600 ) ) ;
#1526 = ADVANCED_FACE ( 'NONE', ( #1505 ), #3570, .F. ) ;
#1527 = AXIS2_PLACEMENT_3D ( 'NONE', #4011, #2714, #165 ) ;
#1528 = FACE_OUTER_BOUND ( 'NONE', #1111, .T. ) ;
#1529 = CARTESIAN_POINT ( 'NONE',  ( -0.3950000000000114531, 0.0000000000000000000, -1.089999999999995639 ) ) ;
#1530 = ORIENTED_EDGE ( 'NONE', *, *, #803, .F. ) ;
#1531 = CARTESIAN_POINT ( 'NONE',  ( 1.089999999999999858, 0.2000000000000000111, -0.6250000000000000000 ) ) ;
#1532 = VECTOR ( 'NONE', #327, 1000.000000000000000 ) ;
#1533 = ORIENTED_EDGE ( 'NONE', *, *, #3261, .T. ) ;
#1534 = VERTEX_POINT ( 'NONE', #3229 ) ;
#1535 = DIRECTION ( 'NONE',  ( -0.0000000000000000000, 0.0000000000000000000, -1.000000000000000000 ) ) ;
#1536 = VECTOR ( 'NONE', #1190, 1000.000000000000000 ) ;
#1537 = LINE ( 'NONE', #1754, #91 ) ;
#1538 = PLANE ( 'NONE',  #473 ) ;
#1539 = ORIENTED_EDGE ( 'NONE', *, *, #2625, .F. ) ;
#1540 = VECTOR ( 'NONE', #2251, 1000.000000000000000 ) ;
#1541 = LINE ( 'NONE', #289, #3879 ) ;
#1542 = ORIENTED_EDGE ( 'NONE', *, *, #1878, .F. ) ;
#1543 = ORIENTED_EDGE ( 'NONE', *, *, #251, .F. ) ;
#1544 = CARTESIAN_POINT ( 'NONE',  ( -1.089999999999999858, 0.2000000000000000111, 0.3950000000000000733 ) ) ;
#1545 = VERTEX_POINT ( 'NONE', #3242 ) ;
#1546 = ORIENTED_EDGE ( 'NONE', *, *, #3207, .F. ) ;
#1547 = LINE ( 'NONE', #2097, #1248 ) ;
#1548 = CARTESIAN_POINT ( 'NONE',  ( -0.3949999999999961875, 0.2000000000000000111, 1.090000000000001190 ) ) ;
#1549 = VERTEX_POINT ( 'NONE', #9 ) ;
#1550 = EDGE_CURVE ( 'NONE', #1474, #410, #653, .T. ) ;
#1551 = CARTESIAN_POINT ( 'NONE',  ( 0.1150000000000038075, -0.4701063709417307446, 1.089999999999999414 ) ) ;
#1552 = AXIS2_PLACEMENT_3D ( 'NONE', #1564, #1639, #2913 ) ;
#1553 = FACE_OUTER_BOUND ( 'NONE', #3174, .T. ) ;
#1554 = CARTESIAN_POINT ( 'NONE',  ( -0.1150000000000157147, 0.2000000000000000111, -1.499999999999998446 ) ) ;
#1555 = LINE ( 'NONE', #2964, #713 ) ;
#1556 = DIRECTION ( 'NONE',  ( -3.437714205441843395E-15, 0.0000000000000000000, -1.000000000000000000 ) ) ;
#1557 = VECTOR ( 'NONE', #262, 1000.000000000000000 ) ;
#1558 = DIRECTION ( 'NONE',  ( -0.0000000000000000000, -1.000000000000000000, -0.0000000000000000000 ) ) ;
#1559 = CYLINDRICAL_SURFACE ( 'NONE', #1750, 0.1750000000000000167 ) ;
#1560 = ORIENTED_EDGE ( 'NONE', *, *, #1813, .F. ) ;
#1561 = DIRECTION ( 'NONE',  ( 1.000000000000000000, -0.0000000000000000000, 0.0000000000000000000 ) ) ;
#1562 = DIRECTION ( 'NONE',  ( -1.000000000000000000, 0.0000000000000000000, 1.131341397376178917E-14 ) ) ;
#1563 = DIRECTION ( 'NONE',  ( -1.000000000000000000, 0.0000000000000000000, 3.771137991253928672E-15 ) ) ;
#1564 = CARTESIAN_POINT ( 'NONE',  ( -1.089999999999999858, -0.4701063709417307446, 0.3950000000000000733 ) ) ;
#1565 = ORIENTED_EDGE ( 'NONE', *, *, #746, .F. ) ;
#1566 = EDGE_CURVE ( 'NONE', #205, #1726, #2788, .T. ) ;
#1567 = ADVANCED_FACE ( 'NONE', ( #52 ), #308, .F. ) ;
#1568 = DIRECTION ( 'NONE',  ( -1.000000000000000000, 0.0000000000000000000, 0.0000000000000000000 ) ) ;
#1569 = AXIS2_PLACEMENT_3D ( 'NONE', #1971, #64, #3925 ) ;
#1570 = ORIENTED_EDGE ( 'NONE', *, *, #93, .T. ) ;
#1571 = CARTESIAN_POINT ( 'NONE',  ( -0.7250000000000003109, 0.05000000000000000278, 0.7250000000000000888 ) ) ;
#1572 = EDGE_CURVE ( 'NONE', #3263, #3735, #3540, .T. ) ;
#1573 = ORIENTED_EDGE ( 'NONE', *, *, #3046, .F. ) ;
#1574 = VERTEX_POINT ( 'NONE', #2924 ) ;
#1575 = AXIS2_PLACEMENT_3D ( 'NONE', #1091, #3649, #1766 ) ;
#1576 = VECTOR ( 'NONE', #1700, 1000.000000000000000 ) ;
#1577 = CARTESIAN_POINT ( 'NONE',  ( 0.3949999999999886380, 0.2000000000000000111, -1.090000000000003633 ) ) ;
#1578 = ORIENTED_EDGE ( 'NONE', *, *, #3772, .T. ) ;
#1579 = FACE_OUTER_BOUND ( 'NONE', #3928, .T. ) ;
#1580 = ORIENTED_EDGE ( 'NONE', *, *, #4167, .T. ) ;
#1581 = DIRECTION ( 'NONE',  ( 0.0000000000000000000, 0.0000000000000000000, -1.000000000000000000 ) ) ;
#1582 = ORIENTED_EDGE ( 'NONE', *, *, #3555, .F. ) ;
#1583 = LINE ( 'NONE', #660, #3111 ) ;
#1584 = FACE_OUTER_BOUND ( 'NONE', #761, .T. ) ;
#1585 = CARTESIAN_POINT ( 'NONE',  ( -1.499999999999999778, 0.0000000000000000000, 0.6250000000000000000 ) ) ;
#1586 = DIRECTION ( 'NONE',  ( -0.0000000000000000000, -1.000000000000000000, -0.0000000000000000000 ) ) ;
#1587 = VECTOR ( 'NONE', #3500, 1000.000000000000000 ) ;
#1588 = ORIENTED_EDGE ( 'NONE', *, *, #3397, .F. ) ;
#1589 = VECTOR ( 'NONE', #119, 1000.000000000000000 ) ;
#1590 = DIRECTION ( 'NONE',  ( -1.000000000000000000, 0.0000000000000000000, 1.131341397376178917E-14 ) ) ;
#1591 = VERTEX_POINT ( 'NONE', #627 ) ;
#1592 = EDGE_CURVE ( 'NONE', #1898, #1962, #1160, .T. ) ;
#1593 = LINE ( 'NONE', #2198, #1153 ) ;
#1594 = EDGE_CURVE ( 'NONE', #2870, #2290, #2483, .T. ) ;
#1595 = ORIENTED_EDGE ( 'NONE', *, *, #4103, .T. ) ;
#1596 = ORIENTED_EDGE ( 'NONE', *, *, #1774, .T. ) ;
#1597 = CARTESIAN_POINT ( 'NONE',  ( 1.499999999999999778, 0.0000000000000000000, -0.3950000000000000733 ) ) ;
#1598 = LINE ( 'NONE', #544, #3122 ) ;
#1599 = CARTESIAN_POINT ( 'NONE',  ( 1.089999999999999858, -0.4701063709417307446, -0.3950000000000000733 ) ) ;
#1600 = DIRECTION ( 'NONE',  ( 0.0000000000000000000, -1.000000000000000000, 0.0000000000000000000 ) ) ;
#1601 = FACE_OUTER_BOUND ( 'NONE', #840, .T. ) ;
#1602 = PLANE ( 'NONE',  #3590 ) ;
#1603 = VECTOR ( 'NONE', #2323, 1000.000000000000000 ) ;
#1604 = EDGE_CURVE ( 'NONE', #2870, #3516, #3279, .T. ) ;
#1605 = CARTESIAN_POINT ( 'NONE',  ( 1.500000000000000444, 0.0000000000000000000, -1.500000000000000000 ) ) ;
#1606 = PRODUCT_DEFINITION_FORMATION_WITH_SPECIFIED_SOURCE ( 'ANY', '', #37, .NOT_KNOWN. ) ;
#1607 = VECTOR ( 'NONE', #326, 1000.000000000000000 ) ;
#1608 = CARTESIAN_POINT ( 'NONE',  ( -1.089999999999999858, 0.2000000000000000111, 0.1150000000000000050 ) ) ;
#1609 = ADVANCED_FACE ( 'NONE', ( #2125 ), #2908, .F. ) ;
#1610 = ORIENTED_EDGE ( 'NONE', *, *, #1604, .F. ) ;
#1611 = DIRECTION ( 'NONE',  ( 0.0000000000000000000, -1.000000000000000000, 0.0000000000000000000 ) ) ;
#1612 = DIRECTION ( 'NONE',  ( 0.0000000000000000000, 0.0000000000000000000, -1.000000000000000000 ) ) ;
#1613 = DIRECTION ( 'NONE',  ( 0.0000000000000000000, 0.0000000000000000000, -1.000000000000000000 ) ) ;
#1614 = ORIENTED_EDGE ( 'NONE', *, *, #3508, .F. ) ;
#1615 = PLANE ( 'NONE',  #4161 ) ;
#1616 = EDGE_CURVE ( 'NONE', #4060, #2419, #2229, .T. ) ;
#1617 = AXIS2_PLACEMENT_3D ( 'NONE', #3738, #2464, #3403 ) ;
#1618 = DIRECTION ( 'NONE',  ( -1.000000000000000000, 0.0000000000000000000, 1.445602896647339163E-16 ) ) ;
#1619 = ORIENTED_EDGE ( 'NONE', *, *, #564, .F. ) ;
#1620 = CARTESIAN_POINT ( 'NONE',  ( 0.1149999999999842953, -0.4701063709417307446, -1.500000000000001110 ) ) ;
#1621 = PLANE ( 'NONE',  #3781 ) ;
#1622 = EDGE_CURVE ( 'NONE', #2645, #3633, #2741, .T. ) ;
#1623 = VERTEX_POINT ( 'NONE', #2603 ) ;
#1624 = PLANE ( 'NONE',  #2653 ) ;
#1625 = AXIS2_PLACEMENT_3D ( 'NONE', #438, #2411, #3326 ) ;
#1626 = VERTEX_POINT ( 'NONE', #642 ) ;
#1627 = DIRECTION ( 'NONE',  ( 0.0000000000000000000, 0.0000000000000000000, 1.000000000000000000 ) ) ;
#1628 = DIRECTION ( 'NONE',  ( -0.0000000000000000000, -1.000000000000000000, -0.0000000000000000000 ) ) ;
#1629 = LINE ( 'NONE', #4056, #792 ) ;
#1630 = EDGE_CURVE ( 'NONE', #3398, #1909, #3948, .T. ) ;
#1631 = COORDINATED_UNIVERSAL_TIME_OFFSET ( 5, 30, .AHEAD. ) ;
#1632 = DIRECTION ( 'NONE',  ( -1.000000000000000000, 0.0000000000000000000, 3.491481338843133355E-15 ) ) ;
#1633 = ADVANCED_FACE ( 'NONE', ( #709 ), #2245, .F. ) ;
#1634 = ORIENTED_EDGE ( 'NONE', *, *, #3207, .T. ) ;
#1635 = DIRECTION ( 'NONE',  ( -1.000000000000000000, 0.0000000000000000000, -1.495451272393799542E-16 ) ) ;
#1636 = CIRCLE ( 'NONE', #2875, 0.1750000000000000167 ) ;
#1637 = CARTESIAN_POINT ( 'NONE',  ( -1.244903562631567429, 0.05000000000000000278, -1.114999999999993330 ) ) ;
#1638 = ORIENTED_EDGE ( 'NONE', *, *, #1928, .F. ) ;
#1639 = DIRECTION ( 'NONE',  ( -1.000000000000000000, 0.0000000000000000000, 0.0000000000000000000 ) ) ;
#1640 = VECTOR ( 'NONE', #1217, 1000.000000000000000 ) ;
#1641 = VECTOR ( 'NONE', #3980, 1000.000000000000000 ) ;
#1642 = VERTEX_POINT ( 'NONE', #2946 ) ;
#1643 = DIRECTION ( 'NONE',  ( 1.000000000000000000, 0.0000000000000000000, 0.0000000000000000000 ) ) ;
#1644 = ADVANCED_FACE ( 'NONE', ( #155 ), #2990, .F. ) ;
#1645 = LINE ( 'NONE', #2379, #2313 ) ;
#1646 = DIRECTION ( 'NONE',  ( -1.000000000000000000, 0.0000000000000000000, 0.0000000000000000000 ) ) ;
#1647 = DIRECTION ( 'NONE',  ( -0.0000000000000000000, 0.0000000000000000000, -1.000000000000000000 ) ) ;
#1648 = ORIENTED_EDGE ( 'NONE', *, *, #2488, .F. ) ;
#1649 = ORIENTED_EDGE ( 'NONE', *, *, #1390, .T. ) ;
#1650 = DIRECTION ( 'NONE',  ( 1.000000000000000000, -0.0000000000000000000, -1.445602896647339163E-16 ) ) ;
#1651 = VECTOR ( 'NONE', #3248, 1000.000000000000000 ) ;
#1652 = ORIENTED_EDGE ( 'NONE', *, *, #307, .T. ) ;
#1653 = DIRECTION ( 'NONE',  ( -1.047444401652940007E-14, 0.0000000000000000000, -1.000000000000000000 ) ) ;
#1654 = CARTESIAN_POINT ( 'NONE',  ( -1.089999999999999858, 0.0000000000000000000, -0.3950000000000000733 ) ) ;
#1655 = EDGE_CURVE ( 'NONE', #263, #3805, #4048, .T. ) ;
#1656 = LINE ( 'NONE', #3656, #2636 ) ;
#1657 = ORIENTED_EDGE ( 'NONE', *, *, #3673, .T. ) ;
#1658 = CARTESIAN_POINT ( 'NONE',  ( 0.6249999999999886757, 0.0000000000000000000, -1.090000000000006297 ) ) ;
#1659 = AXIS2_PLACEMENT_3D ( 'NONE', #3139, #2543, #2867 ) ;
#1660 = ADVANCED_FACE ( 'NONE', ( #959 ), #2310, .F. ) ;
#1661 = FACE_OUTER_BOUND ( 'NONE', #1105, .T. ) ;
#1662 = AXIS2_PLACEMENT_3D ( 'NONE', #4001, #2006, #2067 ) ;
#1663 = CARTESIAN_POINT ( 'NONE',  ( -0.3949999999999947997, 0.0000000000000000000, 1.500000000000001110 ) ) ;
#1664 = CARTESIAN_POINT ( 'NONE',  ( -0.6249999999999947820, 0.0000000000000000000, 1.500000000000001998 ) ) ;
#1665 = AXIS2_PLACEMENT_3D ( 'NONE', #3906, #89, #1364 ) ;
#1666 = LINE ( 'NONE', #2340, #2847 ) ;
#1667 = CARTESIAN_POINT ( 'NONE',  ( -1.089999999999999858, -0.4701063709417307446, -0.6250000000000000000 ) ) ;
#1668 = LINE ( 'NONE', #1787, #1981 ) ;
#1669 = DIRECTION ( 'NONE',  ( -0.0000000000000000000, -1.000000000000000000, -0.0000000000000000000 ) ) ;
#1670 = ADVANCED_FACE ( 'NONE', ( #1553 ), #3908, .F. ) ;
#1671 = AXIS2_PLACEMENT_3D ( 'NONE', #84, #1715, #3309 ) ;
#1672 = EDGE_LOOP ( 'NONE', ( #3205, #419, #3143, #3289 ) ) ;
#1673 = CARTESIAN_POINT ( 'NONE',  ( -0.6250000000000157652, 0.0000000000000000000, -1.499999999999993117 ) ) ;
#1674 = VERTEX_POINT ( 'NONE', #2017 ) ;
#1675 = DIRECTION ( 'NONE',  ( 3.491481338843133355E-15, -0.0000000000000000000, 1.000000000000000000 ) ) ;
#1676 = ORIENTED_EDGE ( 'NONE', *, *, #3534, .T. ) ;
#1677 = DIRECTION ( 'NONE',  ( 0.0000000000000000000, -0.0000000000000000000, 1.000000000000000000 ) ) ;
#1678 = DIRECTION ( 'NONE',  ( 1.000000000000000000, -0.0000000000000000000, -1.445602896647339163E-16 ) ) ;
#1679 = ORIENTED_EDGE ( 'NONE', *, *, #4003, .T. ) ;
#1680 = ADVANCED_FACE ( 'NONE', ( #202 ), #1038, .F. ) ;
#1681 = DIRECTION ( 'NONE',  ( 1.000000000000000000, 0.0000000000000000000, -1.445602896647339410E-16 ) ) ;
#1682 = ORIENTED_EDGE ( 'NONE', *, *, #2814, .T. ) ;
#1683 = ORIENTED_EDGE ( 'NONE', *, *, #297, .F. ) ;
#1684 = LINE ( 'NONE', #3957, #2907 ) ;
#1685 = DIRECTION ( 'NONE',  ( 0.0000000000000000000, 0.0000000000000000000, -1.000000000000000000 ) ) ;
#1686 = EDGE_CURVE ( 'NONE', #734, #3172, #1457, .T. ) ;
#1687 = ORIENTED_EDGE ( 'NONE', *, *, #912, .F. ) ;
#1688 = CARTESIAN_POINT ( 'NONE',  ( -0.9092869680558283152, 0.05000000000000000278, -1.400616594575732288 ) ) ;
#1689 = VECTOR ( 'NONE', #2231, 1000.000000000000000 ) ;
#1690 = VERTEX_POINT ( 'NONE', #1986 ) ;
#1691 = ADVANCED_FACE ( 'NONE', ( #2588 ), #3955, .F. ) ;
#1692 = DIRECTION ( 'NONE',  ( 1.000000000000000000, 0.0000000000000000000, 0.0000000000000000000 ) ) ;
#1693 = FACE_OUTER_BOUND ( 'NONE', #2104, .T. ) ;
#1694 = VERTEX_POINT ( 'NONE', #343 ) ;
#1695 = EDGE_CURVE ( 'NONE', #1445, #3488, #3435, .T. ) ;
#1696 = FACE_OUTER_BOUND ( 'NONE', #3017, .T. ) ;
#1697 = CARTESIAN_POINT ( 'NONE',  ( 0.3949999999999886380, 0.0000000000000000000, -1.090000000000003633 ) ) ;
#1698 = VECTOR ( 'NONE', #2046, 1000.000000000000000 ) ;
#1699 = VERTEX_POINT ( 'NONE', #53 ) ;
#1700 = DIRECTION ( 'NONE',  ( 0.0000000000000000000, 0.0000000000000000000, 1.000000000000000000 ) ) ;
#1701 = LINE ( 'NONE', #291, #538 ) ;
#1702 = EDGE_LOOP ( 'NONE', ( #479, #2561, #2108, #605 ) ) ;
#1703 = DIRECTION ( 'NONE',  ( 0.0000000000000000000, -1.000000000000000000, 0.0000000000000000000 ) ) ;
#1704 = ORIENTED_EDGE ( 'NONE', *, *, #3397, .T. ) ;
#1705 = CARTESIAN_POINT ( 'NONE',  ( -0.3949999999999947997, 0.0000000000000000000, 1.500000000000001110 ) ) ;
#1706 = ADVANCED_FACE ( 'NONE', ( #1601 ), #1354, .F. ) ;
#1707 = LINE ( 'NONE', #3089, #1497 ) ;
#1708 = VERTEX_POINT ( 'NONE', #1319 ) ;
#1709 = ORIENTED_EDGE ( 'NONE', *, *, #2944, .T. ) ;
#1710 = DIRECTION ( 'NONE',  ( 0.0000000000000000000, -0.0000000000000000000, -1.000000000000000000 ) ) ;
#1711 = VECTOR ( 'NONE', #1477, 1000.000000000000000 ) ;
#1712 = ORIENTED_EDGE ( 'NONE', *, *, #1740, .T. ) ;
#1713 = CARTESIAN_POINT ( 'NONE',  ( 0.0000000000000000000, 0.2000000000000000111, 0.0000000000000000000 ) ) ;
#1714 = VECTOR ( 'NONE', #19, 1000.000000000000000 ) ;
#1715 = DIRECTION ( 'NONE',  ( -0.0000000000000000000, 0.0000000000000000000, 1.000000000000000000 ) ) ;
#1716 = ADVANCED_FACE ( 'NONE', ( #1353 ), #667, .F. ) ;
#1717 = EDGE_CURVE ( 'NONE', #2758, #1726, #3031, .T. ) ;
#1718 = EDGE_CURVE ( 'NONE', #3493, #680, #3893, .T. ) ;
#1719 = VECTOR ( 'NONE', #518, 1000.000000000000000 ) ;
#1720 = DIRECTION ( 'NONE',  ( 0.0000000000000000000, 0.0000000000000000000, 1.000000000000000000 ) ) ;
#1721 = ORIENTED_EDGE ( 'NONE', *, *, #152, .T. ) ;
#1722 = CARTESIAN_POINT ( 'NONE',  ( -1.089999999999999858, 0.2000000000000000111, -0.3950000000000000733 ) ) ;
#1723 = VECTOR ( 'NONE', #1073, 1000.000000000000000 ) ;
#1724 = EDGE_CURVE ( 'NONE', #2684, #1746, #390, .T. ) ;
#1725 = PLANE ( 'NONE',  #2181 ) ;
#1726 = VERTEX_POINT ( 'NONE', #3669 ) ;
#1727 = AXIS2_PLACEMENT_3D ( 'NONE', #1231, #2554, #2177 ) ;
#1728 = CARTESIAN_POINT ( 'NONE',  ( 1.499999999999999778, -0.4701063709417307446, -0.6250000000000000000 ) ) ;
#1729 = ADVANCED_FACE ( 'NONE', ( #1911 ), #3043, .F. ) ;
#1730 = DIRECTION ( 'NONE',  ( -3.491481338843133355E-15, 0.0000000000000000000, -1.000000000000000000 ) ) ;
#1731 = DIRECTION ( 'NONE',  ( -0.0000000000000000000, 0.0000000000000000000, 1.000000000000000000 ) ) ;
#1732 = CARTESIAN_POINT ( 'NONE',  ( -1.219903562631567295, 0.05000000000000000278, -1.425616594575732643 ) ) ;
#1733 = VERTEX_POINT ( 'NONE', #2033 ) ;
#1734 = CARTESIAN_POINT ( 'NONE',  ( -0.9092869680558283152, -0.0000000000000000000, -1.400616594575732288 ) ) ;
#1735 = ORIENTED_EDGE ( 'NONE', *, *, #2321, .T. ) ;
#1736 = DATE_AND_TIME ( #672, #2955 ) ;
#1737 = EDGE_LOOP ( 'NONE', ( #2672, #1542, #209, #3378 ) ) ;
#1738 = EDGE_CURVE ( 'NONE', #4176, #3828, #3741, .T. ) ;
#1739 = DIRECTION ( 'NONE',  ( 0.0000000000000000000, -0.0000000000000000000, 1.000000000000000000 ) ) ;
#1740 = EDGE_CURVE ( 'NONE', #2529, #1261, #3182, .T. ) ;
#1741 = ORIENTED_EDGE ( 'NONE', *, *, #1850, .T. ) ;
#1742 = CARTESIAN_POINT ( 'NONE',  ( 1.499999999999999778, 0.0000000000000000000, -0.3950000000000000733 ) ) ;
#1743 = VECTOR ( 'NONE', #767, 1000.000000000000000 ) ;
#1744 = APPROVAL_ROLE ( '' ) ;
#1745 = CALENDAR_DATE ( 2021, 3, 4 ) ;
#1746 = VERTEX_POINT ( 'NONE', #3703 ) ;
#1747 = DIRECTION ( 'NONE',  ( 0.0000000000000000000, 0.0000000000000000000, -1.000000000000000000 ) ) ;
#1748 = VECTOR ( 'NONE', #3971, 1000.000000000000000 ) ;
#1749 = EDGE_CURVE ( 'NONE', #3137, #3355, #1298, .T. ) ;
#1750 = AXIS2_PLACEMENT_3D ( 'NONE', #3088, #1144, #503 ) ;
#1751 = VERTEX_POINT ( 'NONE', #98 ) ;
#1752 = VECTOR ( 'NONE', #233, 1000.000000000000000 ) ;
#1753 = CARTESIAN_POINT ( 'NONE',  ( -0.1149999999999961886, -0.4701063709417307446, 1.090000000000000302 ) ) ;
#1754 = CARTESIAN_POINT ( 'NONE',  ( 0.6250000000000053291, 0.0000000000000000000, 1.499999999999997558 ) ) ;
#1755 = VECTOR ( 'NONE', #3933, 1000.000000000000000 ) ;
#1756 = CC_DESIGN_APPROVAL ( #971, ( #3868 ) ) ;
#1757 = ORIENTED_EDGE ( 'NONE', *, *, #2842, .F. ) ;
#1758 = DIRECTION ( 'NONE',  ( 1.000000000000000000, 0.0000000000000000000, -1.131341397376178602E-14 ) ) ;
#1759 = VERTEX_POINT ( 'NONE', #2354 ) ;
#1760 = FACE_OUTER_BOUND ( 'NONE', #3045, .T. ) ;
#1761 = ORIENTED_EDGE ( 'NONE', *, *, #1436, .F. ) ;
#1762 = VERTEX_POINT ( 'NONE', #1116 ) ;
#1763 = CARTESIAN_POINT ( 'NONE',  ( -0.1150000000000157147, 0.2000000000000000111, -1.499999999999998446 ) ) ;
#1764 = VECTOR ( 'NONE', #396, 1000.000000000000000 ) ;
#1765 = CARTESIAN_POINT ( 'NONE',  ( 0.6250000000000053291, 0.2000000000000000111, 1.499999999999997558 ) ) ;
#1766 = DIRECTION ( 'NONE',  ( -1.000000000000000000, 0.0000000000000000000, 3.491481338843133355E-15 ) ) ;
#1767 = DIRECTION ( 'NONE',  ( -0.0000000000000000000, 1.000000000000000000, -0.0000000000000000000 ) ) ;
#1768 = FACE_OUTER_BOUND ( 'NONE', #2461, .T. ) ;
#1769 = AXIS2_PLACEMENT_3D ( 'NONE', #1924, #3866, #2591 ) ;
#1770 = CARTESIAN_POINT ( 'NONE',  ( -1.499999999999999778, 0.2000000000000000111, -0.6250000000000000000 ) ) ;
#1771 = EDGE_LOOP ( 'NONE', ( #1341, #2997, #4104, #1578 ) ) ;
#1772 = LINE ( 'NONE', #2703, #114 ) ;
#1773 = DIRECTION ( 'NONE',  ( 1.000000000000000000, 0.0000000000000000000, 0.0000000000000000000 ) ) ;
#1774 = EDGE_CURVE ( 'NONE', #2070, #3903, #2933, .T. ) ;
#1775 = CARTESIAN_POINT ( 'NONE',  ( -0.3950000000000157274, 0.2000000000000000111, -1.499999999999995781 ) ) ;
#1776 = AXIS2_PLACEMENT_3D ( 'NONE', #3497, #1492, #558 ) ;
#1777 = LINE ( 'NONE', #428, #2544 ) ;
#1778 = VECTOR ( 'NONE', #3496, 1000.000000000000000 ) ;
#1779 = EDGE_CURVE ( 'NONE', #196, #4033, #1115, .T. ) ;
#1780 = ORIENTED_EDGE ( 'NONE', *, *, #330, .F. ) ;
#1781 = DIRECTION ( 'NONE',  ( -0.0000000000000000000, 1.000000000000000000, -0.0000000000000000000 ) ) ;
#1782 = ORIENTED_EDGE ( 'NONE', *, *, #3808, .F. ) ;
#1783 = PLANE ( 'NONE',  #989 ) ;
#1784 = DIRECTION ( 'NONE',  ( -1.047841733774100299E-14, 0.0000000000000000000, -1.000000000000000000 ) ) ;
#1785 = VERTEX_POINT ( 'NONE', #3032 ) ;
#1786 = ORIENTED_EDGE ( 'NONE', *, *, #3318, .F. ) ;
#1787 = CARTESIAN_POINT ( 'NONE',  ( 1.089999999999999858, -0.4701063709417307446, -0.6250000000000000000 ) ) ;
#1788 = VECTOR ( 'NONE', #3717, 1000.000000000000000 ) ;
#1789 = ORIENTED_EDGE ( 'NONE', *, *, #3976, .F. ) ;
#1790 = CARTESIAN_POINT ( 'NONE',  ( -0.6250000000000114353, 0.2000000000000000111, -1.089999999999993197 ) ) ;
#1791 = DIRECTION ( 'NONE',  ( 0.0000000000000000000, 0.0000000000000000000, 1.000000000000000000 ) ) ;
#1792 = EDGE_LOOP ( 'NONE', ( #1040, #2343, #1780, #1595 ) ) ;
#1793 = VECTOR ( 'NONE', #2434, 1000.000000000000000 ) ;
#1794 = EDGE_CURVE ( 'NONE', #97, #1898, #1348, .T. ) ;
#1795 = ORIENTED_EDGE ( 'NONE', *, *, #957, .T. ) ;
#1796 = APPROVAL_STATUS ( 'not_yet_approved' ) ;
#1797 = AXIS2_PLACEMENT_3D ( 'NONE', #1493, #3081, #1151 ) ;
#1798 = LINE ( 'NONE', #1845, #377 ) ;
#1799 = DIRECTION ( 'NONE',  ( -1.044536239345790803E-14, 0.0000000000000000000, -1.000000000000000000 ) ) ;
#1800 = LINE ( 'NONE', #2337, #3680 ) ;
#1801 = VERTEX_POINT ( 'NONE', #4023 ) ;
#1802 = PLANE ( 'NONE',  #889 ) ;
#1803 = EDGE_CURVE ( 'NONE', #661, #4123, #1656, .T. ) ;
#1804 = CARTESIAN_POINT ( 'NONE',  ( -0.1149999999999961886, 0.2000000000000000111, 1.090000000000000302 ) ) ;
#1805 = FACE_OUTER_BOUND ( 'NONE', #1002, .T. ) ;
#1806 = AXIS2_PLACEMENT_3D ( 'NONE', #1976, #38, #56 ) ;
#1807 = VECTOR ( 'NONE', #2031, 1000.000000000000000 ) ;
#1808 = DIRECTION ( 'NONE',  ( -0.0000000000000000000, -1.000000000000000000, -0.0000000000000000000 ) ) ;
#1809 = ORIENTED_EDGE ( 'NONE', *, *, #2095, .F. ) ;
#1810 = CARTESIAN_POINT ( 'NONE',  ( -1.499999999999999778, 0.2000000000000000111, 0.1150000000000000050 ) ) ;
#1811 = LINE ( 'NONE', #2874, #234 ) ;
#1812 = EDGE_LOOP ( 'NONE', ( #852, #1761, #1447, #118 ) ) ;
#1813 = EDGE_CURVE ( 'NONE', #1344, #3398, #603, .T. ) ;
#1814 = CLOSED_SHELL ( 'NONE', ( #1985, #3001, #3596, #1567, #1526, #4012 ) ) ;
#1815 = VECTOR ( 'NONE', #2527, 1000.000000000000000 ) ;
#1816 = CARTESIAN_POINT ( 'NONE',  ( -1.219903562631567295, 0.05000000000000000278, -1.425616594575732643 ) ) ;
#1817 = ORIENTED_EDGE ( 'NONE', *, *, #1592, .T. ) ;
#1818 = VECTOR ( 'NONE', #2257, 1000.000000000000000 ) ;
#1819 = CARTESIAN_POINT ( 'NONE',  ( 1.500000000000000444, 0.0000000000000000000, -1.500000000000000000 ) ) ;
#1820 = EDGE_CURVE ( 'NONE', #2171, #975, #2226, .T. ) ;
#1821 = EDGE_CURVE ( 'NONE', #261, #1759, #2885, .T. ) ;
#1822 = VECTOR ( 'NONE', #2937, 1000.000000000000000 ) ;
#1823 = ORIENTED_EDGE ( 'NONE', *, *, #356, .F. ) ;
#1824 = DIRECTION ( 'NONE',  ( -0.0000000000000000000, -0.0000000000000000000, -1.000000000000000000 ) ) ;
#1825 = CARTESIAN_POINT ( 'NONE',  ( 0.7249999999999998668, 0.05000000000000000278, -0.7249999999999998668 ) ) ;
#1826 = APPROVAL_ROLE ( '' ) ;
#1827 = CARTESIAN_POINT ( 'NONE',  ( 0.0000000000000000000, 0.2000000000000000111, 0.0000000000000000000 ) ) ;
#1828 = CARTESIAN_POINT ( 'NONE',  ( -1.499999999999999778, 0.2000000000000000111, 0.3950000000000000733 ) ) ;
#1829 = ORIENTED_EDGE ( 'NONE', *, *, #3968, .T. ) ;
#1830 = EDGE_CURVE ( 'NONE', #3109, #2113, #2023, .T. ) ;
#1831 = CARTESIAN_POINT ( 'NONE',  ( 0.3950000000000052913, 0.0000000000000000000, 1.499999999999998446 ) ) ;
#1832 = ORIENTED_EDGE ( 'NONE', *, *, #2178, .F. ) ;
#1833 = ADVANCED_FACE ( 'NONE', ( #2077 ), #3004, .F. ) ;
#1834 = CC_DESIGN_APPROVAL ( #2273, ( #1606 ) ) ;
#1835 = CARTESIAN_POINT ( 'NONE',  ( -0.3949999999999961875, -0.4701063709417307446, 1.090000000000001190 ) ) ;
#1836 = ORIENTED_EDGE ( 'NONE', *, *, #618, .T. ) ;
#1837 = COORDINATED_UNIVERSAL_TIME_OFFSET ( 5, 30, .AHEAD. ) ;
#1838 = EDGE_LOOP ( 'NONE', ( #3162, #728, #474, #3290 ) ) ;
#1839 = CARTESIAN_POINT ( 'NONE',  ( 1.089999999999999636, 0.2000000000000000111, 0.3950000000000000733 ) ) ;
#1840 = CARTESIAN_POINT ( 'NONE',  ( 1.089999999999999858, 0.2000000000000000111, -0.3950000000000000733 ) ) ;
#1841 = LINE ( 'NONE', #3732, #1793 ) ;
#1842 = LOCAL_TIME ( 13, 20, 40.00000000000000000, #3977 ) ;
#1843 = VERTEX_POINT ( 'NONE', #2699 ) ;
#1844 = LINE ( 'NONE', #2025, #1386 ) ;
#1845 = CARTESIAN_POINT ( 'NONE',  ( -1.089999999999999858, 0.2000000000000000111, 0.1150000000000000050 ) ) ;
#1846 = VECTOR ( 'NONE', #2352, 1000.000000000000000 ) ;
#1847 = VERTEX_POINT ( 'NONE', #4037 ) ;
#1848 = CARTESIAN_POINT ( 'NONE',  ( 0.1149999999999842953, -0.0000000000000000000, -1.500000000000001110 ) ) ;
#1849 = LINE ( 'NONE', #3756, #590 ) ;
#1850 = EDGE_CURVE ( 'NONE', #1487, #517, #1547, .T. ) ;
#1851 = LINE ( 'NONE', #3637, #1807 ) ;
#1852 = CLOSED_SHELL ( 'NONE', ( #2722, #1321, #2630, #3338, #690, #3671 ) ) ;
#1853 = AXIS2_PLACEMENT_3D ( 'NONE', #3844, #931, #275 ) ;
#1854 = ORIENTED_EDGE ( 'NONE', *, *, #2467, .T. ) ;
#1855 = VECTOR ( 'NONE', #2496, 1000.000000000000000 ) ;
#1856 = CARTESIAN_POINT ( 'NONE',  ( 1.089999999999999858, 0.0000000000000000000, -0.1150000000000000050 ) ) ;
#1857 = ORIENTED_EDGE ( 'NONE', *, *, #3420, .F. ) ;
#1858 = DIRECTION ( 'NONE',  ( 1.000000000000000000, 0.0000000000000000000, 0.0000000000000000000 ) ) ;
#1859 = LINE ( 'NONE', #3582, #954 ) ;
#1860 = VERTEX_POINT ( 'NONE', #2140 ) ;
#1861 = ORIENTED_EDGE ( 'NONE', *, *, #772, .F. ) ;
#1862 = DIRECTION ( 'NONE',  ( 0.0000000000000000000, 0.0000000000000000000, -1.000000000000000000 ) ) ;
#1863 = LINE ( 'NONE', #1816, #1157 ) ;
#1864 = CARTESIAN_POINT ( 'NONE',  ( 1.499999999999999778, 0.2000000000000000111, -0.1150000000000000050 ) ) ;
#1865 = CARTESIAN_POINT ( 'NONE',  ( 1.499999999999999778, 0.0000000000000000000, -0.1150000000000000050 ) ) ;
#1866 = DIRECTION ( 'NONE',  ( 0.0000000000000000000, 0.0000000000000000000, 1.000000000000000000 ) ) ;
#1867 = LINE ( 'NONE', #1215, #1064 ) ;
#1868 = EDGE_LOOP ( 'NONE', ( #2580, #893, #2249, #854 ) ) ;
#1869 = CARTESIAN_POINT ( 'NONE',  ( -0.3949999999999947997, 0.0000000000000000000, 1.500000000000001110 ) ) ;
#1870 = LINE ( 'NONE', #4122, #250 ) ;
#1871 = EDGE_LOOP ( 'NONE', ( #785, #732, #3411, #4117 ) ) ;
#1872 = VECTOR ( 'NONE', #348, 1000.000000000000000 ) ;
#1873 = EDGE_CURVE ( 'NONE', #1889, #3051, #2737, .T. ) ;
#1874 = ADVANCED_FACE ( 'NONE', ( #197 ), #858, .F. ) ;
#1875 = AXIS2_PLACEMENT_3D ( 'NONE', #254, #2228, #4119 ) ;
#1876 = ORIENTED_EDGE ( 'NONE', *, *, #3339, .F. ) ;
#1877 = CARTESIAN_POINT ( 'NONE',  ( -1.499999999999999778, -0.4701063709417307446, 0.3950000000000000733 ) ) ;
#1878 = EDGE_CURVE ( 'NONE', #3636, #1964, #1863, .T. ) ;
#1879 = ORIENTED_EDGE ( 'NONE', *, *, #3431, .T. ) ;
#1880 = AXIS2_PLACEMENT_3D ( 'NONE', #156, #2433, #1521 ) ;
#1881 = AXIS2_PLACEMENT_3D ( 'NONE', #3247, #2954, #477 ) ;
#1882 = CARTESIAN_POINT ( 'NONE',  ( -0.3950000000000157274, 0.2000000000000000111, -1.499999999999995781 ) ) ;
#1883 = ORIENTED_EDGE ( 'NONE', *, *, #1566, .T. ) ;
#1884 = DIRECTION ( 'NONE',  ( 0.0000000000000000000, 0.0000000000000000000, -1.000000000000000000 ) ) ;
#1885 = CARTESIAN_POINT ( 'NONE',  ( -1.499999999999999556, 0.0000000000000000000, 1.500000000000000222 ) ) ;
#1886 = VERTEX_POINT ( 'NONE', #3728 ) ;
#1887 = APPROVAL ( #1796, 'UNSPECIFIED' ) ;
#1888 = CARTESIAN_POINT ( 'NONE',  ( -0.1150000000000114125, 0.0000000000000000000, -1.089999999999998526 ) ) ;
#1889 = VERTEX_POINT ( 'NONE', #3068 ) ;
#1890 = CARTESIAN_POINT ( 'NONE',  ( 0.0000000000000000000, 0.2000000000000000111, 0.0000000000000000000 ) ) ;
#1891 = CARTESIAN_POINT ( 'NONE',  ( 0.0000000000000000000, 0.2000000000000000111, 0.0000000000000000000 ) ) ;
#1892 = LINE ( 'NONE', #1320, #629 ) ;
#1893 = ORIENTED_EDGE ( 'NONE', *, *, #3046, .T. ) ;
#1894 = CARTESIAN_POINT ( 'NONE',  ( -1.089999999999999858, 0.2000000000000000111, -0.3950000000000000733 ) ) ;
#1895 = DIRECTION ( 'NONE',  ( -0.0000000000000000000, -1.000000000000000000, -0.0000000000000000000 ) ) ;
#1896 = VECTOR ( 'NONE', #358, 1000.000000000000000 ) ;
#1897 = DIRECTION ( 'NONE',  ( 1.000000000000000000, 0.0000000000000000000, -1.131341397376178602E-14 ) ) ;
#1898 = VERTEX_POINT ( 'NONE', #3095 ) ;
#1899 = CARTESIAN_POINT ( 'NONE',  ( -1.089999999999999858, -0.4701063709417307446, -0.1150000000000000050 ) ) ;
#1900 = CARTESIAN_POINT ( 'NONE',  ( 0.6249999999999843459, 0.2000000000000000111, -1.500000000000006217 ) ) ;
#1901 = FACE_OUTER_BOUND ( 'NONE', #2661, .T. ) ;
#1902 = ORIENTED_EDGE ( 'NONE', *, *, #2651, .F. ) ;
#1903 = CARTESIAN_POINT ( 'NONE',  ( 1.089999999999999858, -0.4701063709417307446, -0.1150000000000000050 ) ) ;
#1904 = EDGE_CURVE ( 'NONE', #1674, #1574, #496, .T. ) ;
#1905 = VECTOR ( 'NONE', #3436, 1000.000000000000000 ) ;
#1906 = AXIS2_PLACEMENT_3D ( 'NONE', #3799, #4135, #581 ) ;
#1907 = PLANE ( 'NONE',  #1106 ) ;
#1908 = CARTESIAN_POINT ( 'NONE',  ( -0.9342869680558283374, 0.05000000000000000278, -1.089999999999993419 ) ) ;
#1909 = VERTEX_POINT ( 'NONE', #3716 ) ;
#1910 = DIRECTION ( 'NONE',  ( -0.0000000000000000000, 1.000000000000000000, -0.0000000000000000000 ) ) ;
#1911 = FACE_OUTER_BOUND ( 'NONE', #3441, .T. ) ;
#1912 = EDGE_CURVE ( 'NONE', #1247, #1785, #2531, .T. ) ;
#1913 = DIRECTION ( 'NONE',  ( -3.771137991253928672E-15, 0.0000000000000000000, -1.000000000000000000 ) ) ;
#1914 = VECTOR ( 'NONE', #3515, 1000.000000000000000 ) ;
#1915 = CARTESIAN_POINT ( 'NONE',  ( 1.500000000000000444, 0.0000000000000000000, -1.500000000000000000 ) ) ;
#1916 = ORIENTED_EDGE ( 'NONE', *, *, #3611, .T. ) ;
#1917 = LINE ( 'NONE', #1810, #1719 ) ;
#1918 = CARTESIAN_POINT ( 'NONE',  ( 0.1149999999999885975, 0.2000000000000000111, -1.090000000000001190 ) ) ;
#1919 = CARTESIAN_POINT ( 'NONE',  ( -0.3949999999999947997, -0.4701063709417307446, 1.500000000000001110 ) ) ;
#1920 = CARTESIAN_POINT ( 'NONE',  ( -0.6249999999999962252, 0.0000000000000000000, 1.090000000000002078 ) ) ;
#1921 = VECTOR ( 'NONE', #1259, 1000.000000000000000 ) ;
#1922 = DIRECTION ( 'NONE',  ( 1.000000000000000000, 0.0000000000000000000, 0.0000000000000000000 ) ) ;
#1923 = VERTEX_POINT ( 'NONE', #2471 ) ;
#1924 = CARTESIAN_POINT ( 'NONE',  ( 0.0000000000000000000, 0.0000000000000000000, 0.0000000000000000000 ) ) ;
#1925 = DIRECTION ( 'NONE',  ( 0.0000000000000000000, 0.0000000000000000000, -1.000000000000000000 ) ) ;
#1926 = VERTEX_POINT ( 'NONE', #1454 ) ;
#1927 = EDGE_CURVE ( 'NONE', #1708, #1422, #1968, .T. ) ;
#1928 = EDGE_CURVE ( 'NONE', #1112, #1785, #3635, .T. ) ;
#1929 = CARTESIAN_POINT ( 'NONE',  ( -0.1149999999999947731, 0.2000000000000000111, 1.500000000000000222 ) ) ;
#1930 = ORIENTED_EDGE ( 'NONE', *, *, #3234, .F. ) ;
#1931 = PLANE ( 'NONE',  #210 ) ;
#1932 = CARTESIAN_POINT ( 'NONE',  ( -0.1149999999999947731, -0.4701063709417307446, 1.500000000000000222 ) ) ;
#1933 = EDGE_CURVE ( 'NONE', #3093, #2760, #2837, .T. ) ;
#1934 = VERTEX_POINT ( 'NONE', #2797 ) ;
#1935 = PLANE ( 'NONE',  #1173 ) ;
#1936 = ADVANCED_FACE ( 'NONE', ( #2425 ), #2154, .T. ) ;
#1937 = CALENDAR_DATE ( 2021, 3, 4 ) ;
#1938 = DIRECTION ( 'NONE',  ( -1.000000000000000000, 0.0000000000000000000, 3.771137991253928672E-15 ) ) ;
#1939 = ORIENTED_EDGE ( 'NONE', *, *, #579, .T. ) ;
#1940 = LINE ( 'NONE', #1828, #3765 ) ;
#1941 = CARTESIAN_POINT ( 'NONE',  ( -0.1150000000000114125, 0.0000000000000000000, -1.089999999999998526 ) ) ;
#1942 = CARTESIAN_POINT ( 'NONE',  ( 1.089999999999999636, -0.4701063709417307446, 0.6250000000000000000 ) ) ;
#1943 = APPROVAL_PERSON_ORGANIZATION ( #632, #2273, #859 ) ;
#1944 = VECTOR ( 'NONE', #2883, 1000.000000000000000 ) ;
#1945 = EDGE_LOOP ( 'NONE', ( #490, #1610, #4086, #3098 ) ) ;
#1946 = CARTESIAN_POINT ( 'NONE',  ( 0.3949999999999843636, 0.0000000000000000000, -1.500000000000003775 ) ) ;
#1947 = LINE ( 'NONE', #1959, #2155 ) ;
#1948 = CARTESIAN_POINT ( 'NONE',  ( 1.499999999999999778, 0.2000000000000000111, 0.1150000000000000050 ) ) ;
#1949 = ORIENTED_EDGE ( 'NONE', *, *, #2021, .F. ) ;
#1950 = LINE ( 'NONE', #3180, #4136 ) ;
#1951 = ORIENTED_EDGE ( 'NONE', *, *, #3147, .F. ) ;
#1952 = CARTESIAN_POINT ( 'NONE',  ( 1.499999999999999778, 0.2000000000000000111, -0.3950000000000000733 ) ) ;
#1953 = EDGE_CURVE ( 'NONE', #2171, #3198, #344, .T. ) ;
#1954 = VECTOR ( 'NONE', #2123, 1000.000000000000000 ) ;
#1955 = EDGE_CURVE ( 'NONE', #2533, #1694, #705, .T. ) ;
#1956 = EDGE_LOOP ( 'NONE', ( #895, #3188, #2854, #4095 ) ) ;
#1957 = DIRECTION ( 'NONE',  ( -0.0000000000000000000, -1.000000000000000000, -0.0000000000000000000 ) ) ;
#1958 = ORIENTED_EDGE ( 'NONE', *, *, #618, .F. ) ;
#1959 = CARTESIAN_POINT ( 'NONE',  ( -1.089999999999999858, -0.4701063709417307446, 0.1150000000000000050 ) ) ;
#1960 = ADVANCED_FACE ( 'NONE', ( #153 ), #829, .F. ) ;
#1961 = LINE ( 'NONE', #3282, #4092 ) ;
#1962 = VERTEX_POINT ( 'NONE', #4066 ) ;
#1963 = CARTESIAN_POINT ( 'NONE',  ( -1.089999999999999858, 0.2000000000000000111, 0.1150000000000000050 ) ) ;
#1964 = VERTEX_POINT ( 'NONE', #4094 ) ;
#1965 = LINE ( 'NONE', #1770, #1244 ) ;
#1966 = DIRECTION ( 'NONE',  ( 0.0000000000000000000, 1.000000000000000000, 0.0000000000000000000 ) ) ;
#1967 = CARTESIAN_POINT ( 'NONE',  ( -1.499999999999999556, 0.0000000000000000000, 1.500000000000000222 ) ) ;
#1968 = LINE ( 'NONE', #2426, #3075 ) ;
#1969 = CARTESIAN_POINT ( 'NONE',  ( -0.6249999999999947820, 0.2000000000000000111, 1.500000000000001998 ) ) ;
#1970 = FACE_OUTER_BOUND ( 'NONE', #1983, .T. ) ;
#1971 = CARTESIAN_POINT ( 'NONE',  ( -1.244903562631567429, 0.05000000000000000278, -1.400616594575732288 ) ) ;
#1972 = DIRECTION ( 'NONE',  ( 0.0000000000000000000, 0.0000000000000000000, 1.000000000000000000 ) ) ;
#1973 = ORIENTED_EDGE ( 'NONE', *, *, #2909, .F. ) ;
#1974 = CC_DESIGN_DATE_AND_TIME_ASSIGNMENT ( #2709, #3044, ( #3868 ) ) ;
#1975 = LINE ( 'NONE', #117, #1411 ) ;
#1976 = CARTESIAN_POINT ( 'NONE',  ( 0.0000000000000000000, 0.2000000000000000111, 0.0000000000000000000 ) ) ;
#1977 = DIRECTION ( 'NONE',  ( -0.0000000000000000000, 1.000000000000000000, -0.0000000000000000000 ) ) ;
#1978 = FACE_OUTER_BOUND ( 'NONE', #2634, .T. ) ;
#1979 = ORIENTED_EDGE ( 'NONE', *, *, #1076, .T. ) ;
#1980 = CARTESIAN_POINT ( 'NONE',  ( -0.9342869680558283374, 0.05000000000000000278, -1.400616594575732288 ) ) ;
#1981 = VECTOR ( 'NONE', #489, 1000.000000000000000 ) ;
#1982 = PLANE ( 'NONE',  #2762 ) ;
#1983 = EDGE_LOOP ( 'NONE', ( #1468, #1182, #1043, #2091 ) ) ;
#1984 = CARTESIAN_POINT ( 'NONE',  ( 0.6250000000000037748, 0.2000000000000000111, 1.089999999999997637 ) ) ;
#1985 = ADVANCED_FACE ( 'NONE', ( #1453 ), #2126, .F. ) ;
#1986 = CARTESIAN_POINT ( 'NONE',  ( 0.7249999999999996447, 0.0000000000000000000, 0.7250000000000000888 ) ) ;
#1987 = CARTESIAN_POINT ( 'NONE',  ( -1.244903562631567429, 0.0000000000000000000, -1.114999999999993330 ) ) ;
#1988 = ORIENTED_EDGE ( 'NONE', *, *, #3336, .T. ) ;
#1989 = DIRECTION ( 'NONE',  ( 0.0000000000000000000, 1.000000000000000000, 0.0000000000000000000 ) ) ;
#1990 = ORIENTED_EDGE ( 'NONE', *, *, #2597, .T. ) ;
#1991 = CARTESIAN_POINT ( 'NONE',  ( -0.9342869680558283374, 0.05000000000000000278, -1.425616594575732421 ) ) ;
#1992 = ADVANCED_FACE ( 'NONE', ( #1007 ), #3832, .F. ) ;
#1993 = ORIENTED_EDGE ( 'NONE', *, *, #746, .T. ) ;
#1994 = CARTESIAN_POINT ( 'NONE',  ( -0.9092869680558282042, 0.0000000000000000000, -1.400616594575732288 ) ) ;
#1995 = DIRECTION ( 'NONE',  ( -1.000000000000000000, 0.0000000000000000000, -0.0000000000000000000 ) ) ;
#1996 = VERTEX_POINT ( 'NONE', #1211 ) ;
#1997 = CYLINDRICAL_SURFACE ( 'NONE', #3494, 0.02500000000000006384 ) ;
#1998 = EDGE_CURVE ( 'NONE', #1909, #575, #48, .T. ) ;
#1999 = CARTESIAN_POINT ( 'NONE',  ( -1.089999999999999858, 0.0000000000000000000, 0.6250000000000000000 ) ) ;
#2000 = VERTEX_POINT ( 'NONE', #935 ) ;
#2001 = DIRECTION ( 'NONE',  ( -1.000000000000000000, 0.0000000000000000000, 1.131341397376178602E-14 ) ) ;
#2002 = AXIS2_PLACEMENT_3D ( 'NONE', #786, #3038, #4017 ) ;
#2003 = LINE ( 'NONE', #1894, #2769 ) ;
#2004 = DIRECTION ( 'NONE',  ( 0.0000000000000000000, 0.0000000000000000000, 1.000000000000000000 ) ) ;
#2005 = ORIENTED_EDGE ( 'NONE', *, *, #4109, .T. ) ;
#2006 = DIRECTION ( 'NONE',  ( 1.000000000000000000, 0.0000000000000000000, 0.0000000000000000000 ) ) ;
#2007 = DIRECTION ( 'NONE',  ( 0.0000000000000000000, 0.0000000000000000000, 1.000000000000000000 ) ) ;
#2008 = FACE_BOUND ( 'NONE', #1306, .T. ) ;
#2009 = ADVANCED_FACE ( 'NONE', ( #3486 ), #4137, .F. ) ;
#2010 = DIRECTION ( 'NONE',  ( -0.0000000000000000000, 0.0000000000000000000, -1.000000000000000000 ) ) ;
#2011 = VECTOR ( 'NONE', #2694, 1000.000000000000000 ) ;
#2012 = CARTESIAN_POINT ( 'NONE',  ( 0.1149999999999842953, -0.0000000000000000000, -1.500000000000001110 ) ) ;
#2013 = VERTEX_POINT ( 'NONE', #2183 ) ;
#2014 = LINE ( 'NONE', #4151, #3632 ) ;
#2015 = CARTESIAN_POINT ( 'NONE',  ( 0.6250000000000053291, 0.2000000000000000111, 1.499999999999997558 ) ) ;
#2016 = ORIENTED_EDGE ( 'NONE', *, *, #1724, .F. ) ;
#2017 = CARTESIAN_POINT ( 'NONE',  ( -0.7250000000000003109, 0.05000000000000000278, 0.7250000000000000888 ) ) ;
#2018 = CARTESIAN_POINT ( 'NONE',  ( 0.3949999999999843636, 0.2000000000000000111, -1.500000000000003775 ) ) ;
#2019 = ORIENTED_EDGE ( 'NONE', *, *, #258, .F. ) ;
#2020 = ADVANCED_FACE ( 'NONE', ( #3276 ), #2856, .F. ) ;
#2021 = EDGE_CURVE ( 'NONE', #2371, #1591, #902, .T. ) ;
#2022 = CARTESIAN_POINT ( 'NONE',  ( 1.499999999999999778, 0.2000000000000000111, -0.1150000000000000050 ) ) ;
#2023 = LINE ( 'NONE', #113, #4148 ) ;
#2024 = ORIENTED_EDGE ( 'NONE', *, *, #508, .T. ) ;
#2025 = CARTESIAN_POINT ( 'NONE',  ( 1.500000000000000444, 0.8900000000000000133, 1.499999999999999778 ) ) ;
#2026 = AXIS2_PLACEMENT_3D ( 'NONE', #1952, #1012, #34 ) ;
#2027 = VECTOR ( 'NONE', #2564, 1000.000000000000000 ) ;
#2028 = EDGE_CURVE ( 'NONE', #1886, #3191, #2119, .T. ) ;
#2029 = AXIS2_PLACEMENT_3D ( 'NONE', #2261, #645, #3884 ) ;
#2030 = LINE ( 'NONE', #3434, #1162 ) ;
#2031 = DIRECTION ( 'NONE',  ( -1.000000000000000000, 0.0000000000000000000, 0.0000000000000000000 ) ) ;
#2032 = ADVANCED_FACE ( 'NONE', ( #1760 ), #3167, .F. ) ;
#2033 = CARTESIAN_POINT ( 'NONE',  ( 0.3949999999999843636, 0.0000000000000000000, -1.500000000000003775 ) ) ;
#2034 = VECTOR ( 'NONE', #359, 1000.000000000000000 ) ;
#2035 = DIRECTION ( 'NONE',  ( 1.000000000000000000, 0.0000000000000000000, 0.0000000000000000000 ) ) ;
#2036 = DIRECTION ( 'NONE',  ( -0.0000000000000000000, -1.000000000000000000, -0.0000000000000000000 ) ) ;
#2037 = ORIENTED_EDGE ( 'NONE', *, *, #1738, .F. ) ;
#2038 = FACE_OUTER_BOUND ( 'NONE', #4153, .T. ) ;
#2039 = DIRECTION ( 'NONE',  ( -1.000000000000000000, 0.0000000000000000000, 1.131341397376178602E-14 ) ) ;
#2040 = DIRECTION ( 'NONE',  ( 0.0000000000000000000, -0.0000000000000000000, 1.000000000000000000 ) ) ;
#2041 = CARTESIAN_POINT ( 'NONE',  ( 0.1150000000000038075, 0.0000000000000000000, 1.089999999999999414 ) ) ;
#2042 = ORIENTED_EDGE ( 'NONE', *, *, #3856, .T. ) ;
#2043 = CARTESIAN_POINT ( 'NONE',  ( -0.3950000000000114531, 0.2000000000000000111, -1.089999999999995639 ) ) ;
#2044 = ORIENTED_EDGE ( 'NONE', *, *, #1927, .T. ) ;
#2045 = EDGE_CURVE ( 'NONE', #3891, #2628, #3994, .T. ) ;
#2046 = DIRECTION ( 'NONE',  ( 0.0000000000000000000, 0.0000000000000000000, -1.000000000000000000 ) ) ;
#2047 = EDGE_CURVE ( 'NONE', #3105, #3305, #1293, .T. ) ;
#2048 = ORIENTED_EDGE ( 'NONE', *, *, #3620, .T. ) ;
#2049 = FACE_OUTER_BOUND ( 'NONE', #1525, .T. ) ;
#2050 = CARTESIAN_POINT ( 'NONE',  ( 0.0000000000000000000, 0.2000000000000000111, 0.0000000000000000000 ) ) ;
#2051 = CARTESIAN_POINT ( 'NONE',  ( -0.9092869680558283152, -0.0000000000000000000, -1.114999999999993330 ) ) ;
#2052 = ADVANCED_FACE ( 'NONE', ( #3888 ), #2825, .F. ) ;
#2053 = ORIENTED_EDGE ( 'NONE', *, *, #2600, .F. ) ;
#2054 = DIRECTION ( 'NONE',  ( 1.000000000000000000, 0.0000000000000000000, -3.437714205441843395E-15 ) ) ;
#2055 = FACE_OUTER_BOUND ( 'NONE', #1036, .T. ) ;
#2056 = APPROVAL_PERSON_ORGANIZATION ( #319, #1887, #3422 ) ;
#2057 = PLANE ( 'NONE',  #2442 ) ;
#2058 = DIRECTION ( 'NONE',  ( 0.0000000000000000000, 1.000000000000000000, 0.0000000000000000000 ) ) ;
#2059 = LINE ( 'NONE', #1856, #1944 ) ;
#2060 = ORIENTED_EDGE ( 'NONE', *, *, #1500, .F. ) ;
#2061 = EDGE_CURVE ( 'NONE', #17, #2528, #148, .T. ) ;
#2062 = VECTOR ( 'NONE', #3314, 1000.000000000000000 ) ;
#2063 = CARTESIAN_POINT ( 'NONE',  ( -1.499999999999999778, 0.2000000000000000111, -0.3950000000000000733 ) ) ;
#2064 = ORIENTED_EDGE ( 'NONE', *, *, #3708, .F. ) ;
#2065 = CARTESIAN_POINT ( 'NONE',  ( 1.089999999999999858, 0.0000000000000000000, -0.6250000000000000000 ) ) ;
#2066 = FACE_OUTER_BOUND ( 'NONE', #2282, .T. ) ;
#2067 = DIRECTION ( 'NONE',  ( 0.0000000000000000000, 0.0000000000000000000, -1.000000000000000000 ) ) ;
#2068 = ORIENTED_EDGE ( 'NONE', *, *, #2967, .F. ) ;
#2069 = LINE ( 'NONE', #2509, #2220 ) ;
#2070 = VERTEX_POINT ( 'NONE', #316 ) ;
#2071 = ORIENTED_EDGE ( 'NONE', *, *, #273, .T. ) ;
#2072 = DIRECTION ( 'NONE',  ( 0.0000000000000000000, -0.0000000000000000000, 1.000000000000000000 ) ) ;
#2073 = DIRECTION ( 'NONE',  ( -1.000000000000000000, 0.0000000000000000000, 3.470769149724937955E-15 ) ) ;
#2074 = VECTOR ( 'NONE', #1628, 1000.000000000000000 ) ;
#2075 = EDGE_CURVE ( 'NONE', #2508, #575, #2374, .T. ) ;
#2076 = CLOSED_SHELL ( 'NONE', ( #967, #2521, #715, #1375, #461, #170 ) ) ;
#2077 = FACE_OUTER_BOUND ( 'NONE', #260, .T. ) ;
#2078 = CARTESIAN_POINT ( 'NONE',  ( 0.1149999999999885975, 0.0000000000000000000, -1.090000000000001190 ) ) ;
#2079 = APPLICATION_CONTEXT ( 'configuration controlled 3d designs of mechanical parts and assemblies' ) ;
#2080 = VECTOR ( 'NONE', #90, 1000.000000000000000 ) ;
#2081 = DIRECTION ( 'NONE',  ( 0.0000000000000000000, -0.0000000000000000000, 1.000000000000000000 ) ) ;
#2082 = VECTOR ( 'NONE', #2039, 1000.000000000000000 ) ;
#2083 = EDGE_CURVE ( 'NONE', #3800, #930, #1859, .T. ) ;
#2084 = AXIS2_PLACEMENT_3D ( 'NONE', #2643, #1647, #1365 ) ;
#2085 = PLANE ( 'NONE',  #1280 ) ;
#2086 = AXIS2_PLACEMENT_3D ( 'NONE', #4014, #796, #2081 ) ;
#2087 = LINE ( 'NONE', #3259, #4107 ) ;
#2088 = CARTESIAN_POINT ( 'NONE',  ( -1.089999999999999858, 0.0000000000000000000, -0.6250000000000000000 ) ) ;
#2089 = DIRECTION ( 'NONE',  ( -0.0000000000000000000, 1.000000000000000000, -0.0000000000000000000 ) ) ;
#2090 = CARTESIAN_POINT ( 'NONE',  ( -0.1150000000000114125, 0.0000000000000000000, -1.089999999999998526 ) ) ;
#2091 = ORIENTED_EDGE ( 'NONE', *, *, #1813, .T. ) ;
#2092 = DIRECTION ( 'NONE',  ( -1.047444401652940007E-14, 0.0000000000000000000, -1.000000000000000000 ) ) ;
#2093 = ORIENTED_EDGE ( 'NONE', *, *, #3278, .F. ) ;
#2094 = CARTESIAN_POINT ( 'NONE',  ( -1.089999999999999858, 0.2000000000000000111, 0.1150000000000000050 ) ) ;
#2095 = EDGE_CURVE ( 'NONE', #1674, #196, #3029, .T. ) ;
#2096 = ORIENTED_EDGE ( 'NONE', *, *, #1718, .F. ) ;
#2097 = CARTESIAN_POINT ( 'NONE',  ( -0.1150000000000114125, 0.2000000000000000111, -1.089999999999998526 ) ) ;
#2098 = VECTOR ( 'NONE', #3394, 1000.000000000000000 ) ;
#2099 = DIRECTION ( 'NONE',  ( -0.0000000000000000000, -1.000000000000000000, -0.0000000000000000000 ) ) ;
#2100 = AXIS2_PLACEMENT_3D ( 'NONE', #2611, #2575, #1613 ) ;
#2101 = ORIENTED_EDGE ( 'NONE', *, *, #1622, .T. ) ;
#2102 = CARTESIAN_POINT ( 'NONE',  ( 0.0000000000000000000, 0.2000000000000000111, 0.0000000000000000000 ) ) ;
#2103 = LINE ( 'NONE', #3383, #1229 ) ;
#2104 = EDGE_LOOP ( 'NONE', ( #325, #843, #1316, #2601 ) ) ;
#2105 = VERTEX_POINT ( 'NONE', #1274 ) ;
#2106 = VECTOR ( 'NONE', #1862, 1000.000000000000000 ) ;
#2107 = DIRECTION ( 'NONE',  ( 0.0000000000000000000, -0.0000000000000000000, 1.000000000000000000 ) ) ;
#2108 = ORIENTED_EDGE ( 'NONE', *, *, #298, .F. ) ;
#2109 = VECTOR ( 'NONE', #2986, 1000.000000000000000 ) ;
#2110 = CC_DESIGN_APPROVAL ( #1887, ( #816 ) ) ;
#2111 = DIRECTION ( 'NONE',  ( -0.0000000000000000000, -1.000000000000000000, -0.0000000000000000000 ) ) ;
#2112 = APPROVAL_STATUS ( 'not_yet_approved' ) ;
#2113 = VERTEX_POINT ( 'NONE', #2599 ) ;
#2114 = DIRECTION ( 'NONE',  ( 0.0000000000000000000, 1.000000000000000000, 0.0000000000000000000 ) ) ;
#2115 = LINE ( 'NONE', #3399, #948 ) ;
#2116 = VERTEX_POINT ( 'NONE', #1289 ) ;
#2117 = DIRECTION ( 'NONE',  ( 1.000000000000000000, 0.0000000000000000000, -1.047444401652940007E-14 ) ) ;
#2118 = DIRECTION ( 'NONE',  ( -1.000000000000000000, 0.0000000000000000000, 1.047444401652940007E-14 ) ) ;
#2119 = LINE ( 'NONE', #892, #1815 ) ;
#2120 = CARTESIAN_POINT ( 'NONE',  ( 1.499999999999999778, -0.4701063709417307446, -0.3950000000000000733 ) ) ;
#2121 = ORIENTED_EDGE ( 'NONE', *, *, #124, .T. ) ;
#2123 = DIRECTION ( 'NONE',  ( -1.000000000000000000, 0.0000000000000000000, 1.445602896647339163E-16 ) ) ;
#2122 = DIRECTION ( 'NONE',  ( -3.437714205441843395E-15, 0.0000000000000000000, -1.000000000000000000 ) ) ;
#2124 = CARTESIAN_POINT ( 'NONE',  ( 0.5100000000000000089, 0.2000000000000000111, -5.215579452323112870E-15 ) ) ;
#2125 = FACE_OUTER_BOUND ( 'NONE', #1329, .T. ) ;
#2126 = PLANE ( 'NONE',  #2735 ) ;
#2127 = FACE_OUTER_BOUND ( 'NONE', #1737, .T. ) ;
#2128 = DIRECTION ( 'NONE',  ( 1.000000000000000000, 0.0000000000000000000, 0.0000000000000000000 ) ) ;
#2129 = EDGE_CURVE ( 'NONE', #1801, #801, #2834, .T. ) ;
#2130 = CARTESIAN_POINT ( 'NONE',  ( 0.3950000000000038480, 0.0000000000000000000, 1.089999999999998526 ) ) ;
#2131 = AXIS2_PLACEMENT_3D ( 'NONE', #1599, #1643, #2289 ) ;
#2132 = CARTESIAN_POINT ( 'NONE',  ( 1.089999999999999858, 0.0000000000000000000, -0.1150000000000000050 ) ) ;
#2133 = PLANE ( 'NONE',  #2518 ) ;
#2134 = FACE_OUTER_BOUND ( 'NONE', #4004, .T. ) ;
#2135 = ORIENTED_EDGE ( 'NONE', *, *, #2481, .T. ) ;
#2136 = DIRECTION ( 'NONE',  ( -0.0000000000000000000, 0.0000000000000000000, 1.000000000000000000 ) ) ;
#2137 = EDGE_CURVE ( 'NONE', #2528, #3297, #100, .T. ) ;
#2138 = CARTESIAN_POINT ( 'NONE',  ( -0.6250000000000114353, -0.4701063709417307446, -1.089999999999993197 ) ) ;
#2139 = VERTEX_POINT ( 'NONE', #3565 ) ;
#2140 = CARTESIAN_POINT ( 'NONE',  ( -0.9342869680558283374, -0.0000000000000000000, -1.425616594575732421 ) ) ;
#2141 = EDGE_LOOP ( 'NONE', ( #1520, #2835, #3601, #3619 ) ) ;
#2142 = DIRECTION ( 'NONE',  ( -0.0000000000000000000, 1.000000000000000000, -0.0000000000000000000 ) ) ;
#2143 = CARTESIAN_POINT ( 'NONE',  ( 1.499999999999999778, 0.2000000000000000111, -0.1150000000000000050 ) ) ;
#2144 = VERTEX_POINT ( 'NONE', #636 ) ;
#2145 = DIRECTION ( 'NONE',  ( -0.0000000000000000000, 1.000000000000000000, -0.0000000000000000000 ) ) ;
#2146 = ORIENTED_EDGE ( 'NONE', *, *, #2185, .F. ) ;
#2147 = FACE_OUTER_BOUND ( 'NONE', #1126, .T. ) ;
#2148 = CALENDAR_DATE ( 2021, 3, 4 ) ;
#2149 = EDGE_CURVE ( 'NONE', #4111, #4176, #699, .T. ) ;
#2150 = FACE_OUTER_BOUND ( 'NONE', #3070, .T. ) ;
#2151 = EDGE_CURVE ( 'NONE', #4065, #3857, #3272, .T. ) ;
#2152 = EDGE_LOOP ( 'NONE', ( #1979, #804, #3351, #4070 ) ) ;
#2153 = CARTESIAN_POINT ( 'NONE',  ( 1.500000000000000444, 0.0000000000000000000, 1.499999999999999778 ) ) ;
#2154 = PLANE ( 'NONE',  #2892 ) ;
#2155 = VECTOR ( 'NONE', #2938, 1000.000000000000000 ) ;
#2156 = DIRECTION ( 'NONE',  ( -0.0000000000000000000, -1.000000000000000000, -0.0000000000000000000 ) ) ;
#2157 = VERTEX_POINT ( 'NONE', #16 ) ;
#2158 = EDGE_LOOP ( 'NONE', ( #596, #494, #3833, #214 ) ) ;
#2159 = PLANE ( 'NONE',  #2978 ) ;
#2160 = EDGE_CURVE ( 'NONE', #3828, #3298, #2169, .T. ) ;
#2161 = LINE ( 'NONE', #375, #2263 ) ;
#2162 = LINE ( 'NONE', #1367, #1440 ) ;
#2163 = VERTEX_POINT ( 'NONE', #1967 ) ;
#2164 = DIRECTION ( 'NONE',  ( 1.131341397376178917E-14, 0.0000000000000000000, 1.000000000000000000 ) ) ;
#2165 = LINE ( 'NONE', #232, #1000 ) ;
#2166 = ORIENTED_EDGE ( 'NONE', *, *, #2572, .T. ) ;
#2167 = ORIENTED_EDGE ( 'NONE', *, *, #3514, .F. ) ;
#2168 = DIRECTION ( 'NONE',  ( 3.437714205441843395E-15, 0.0000000000000000000, 1.000000000000000000 ) ) ;
#2169 = LINE ( 'NONE', #4194, #1197 ) ;
#2170 = DIRECTION ( 'NONE',  ( -0.0000000000000000000, -1.000000000000000000, -0.0000000000000000000 ) ) ;
#2171 = VERTEX_POINT ( 'NONE', #2943 ) ;
#2172 = CARTESIAN_POINT ( 'NONE',  ( 1.089999999999999858, 0.2000000000000000111, -0.3950000000000000733 ) ) ;
#2173 = VECTOR ( 'NONE', #2633, 1000.000000000000000 ) ;
#2174 = DIRECTION ( 'NONE',  ( -3.491481338843133355E-15, 0.0000000000000000000, -1.000000000000000000 ) ) ;
#2175 = DIRECTION ( 'NONE',  ( -1.000000000000000000, 0.0000000000000000000, 0.0000000000000000000 ) ) ;
#2176 = LINE ( 'NONE', #201, #1301 ) ;
#2177 = DIRECTION ( 'NONE',  ( -1.000000000000000000, 0.0000000000000000000, 3.491481338843133355E-15 ) ) ;
#2178 = EDGE_CURVE ( 'NONE', #3924, #2771, #441, .T. ) ;
#2179 = EDGE_CURVE ( 'NONE', #2538, #1247, #4039, .T. ) ;
#2180 = VECTOR ( 'NONE', #69, 1000.000000000000000 ) ;
#2181 = AXIS2_PLACEMENT_3D ( 'NONE', #463, #2073, #3665 ) ;
#2182 = VERTEX_POINT ( 'NONE', #2627 ) ;
#2183 = CARTESIAN_POINT ( 'NONE',  ( -0.9092869680558283152, 0.05000000000000000278, -1.114999999999993330 ) ) ;
#2184 = LINE ( 'NONE', #1765, #1258 ) ;
#2185 = EDGE_CURVE ( 'NONE', #3838, #85, #340, .T. ) ;
#2186 = DIRECTION ( 'NONE',  ( -1.057758217059028785E-14, 0.0000000000000000000, -1.000000000000000000 ) ) ;
#2187 = CARTESIAN_POINT ( 'NONE',  ( 0.0000000000000000000, 0.0000000000000000000, 0.0000000000000000000 ) ) ;
#2188 = AXIS2_PLACEMENT_3D ( 'NONE', #1890, #2278, #1612 ) ;
#2189 = ORIENTED_EDGE ( 'NONE', *, *, #519, .F. ) ;
#2190 = CARTESIAN_POINT ( 'NONE',  ( -1.499999999999999778, 0.2000000000000000111, -0.1150000000000000050 ) ) ;
#2191 = VERTEX_POINT ( 'NONE', #1920 ) ;
#2192 = AXIS2_PLACEMENT_3D ( 'NONE', #604, #1214, #1972 ) ;
#2193 = CARTESIAN_POINT ( 'NONE',  ( -1.499999999999999778, -0.4701063709417307446, -0.1150000000000000050 ) ) ;
#2194 = ORIENTED_EDGE ( 'NONE', *, *, #1025, .T. ) ;
#2195 = EDGE_LOOP ( 'NONE', ( #149, #580, #404, #3819 ) ) ;
#2196 = CARTESIAN_POINT ( 'NONE',  ( 1.089999999999999636, 0.2000000000000000111, 0.3950000000000000733 ) ) ;
#2197 = CARTESIAN_POINT ( 'NONE',  ( 1.499999999999999778, 0.0000000000000000000, -0.1150000000000000050 ) ) ;
#2198 = CARTESIAN_POINT ( 'NONE',  ( -0.6249999999999947820, 0.2000000000000000111, 1.500000000000001998 ) ) ;
#2199 = ORIENTED_EDGE ( 'NONE', *, *, #3889, .T. ) ;
#2200 = ADVANCED_FACE ( 'NONE', ( #3072 ), #2905, .F. ) ;
#2201 = DIRECTION ( 'NONE',  ( -1.131341397376178602E-14, 0.0000000000000000000, -1.000000000000000000 ) ) ;
#2202 = VECTOR ( 'NONE', #2386, 1000.000000000000000 ) ;
#2203 = ORIENTED_EDGE ( 'NONE', *, *, #3856, .F. ) ;
#2204 = CARTESIAN_POINT ( 'NONE',  ( -1.089999999999999858, 0.2000000000000000111, 0.6250000000000000000 ) ) ;
#2205 = AXIS2_PLACEMENT_3D ( 'NONE', #4110, #549, #2815 ) ;
#2206 = LINE ( 'NONE', #157, #3361 ) ;
#2207 = VERTEX_POINT ( 'NONE', #3550 ) ;
#2208 = CARTESIAN_POINT ( 'NONE',  ( 0.6250000000000037748, 0.2000000000000000111, 1.089999999999997637 ) ) ;
#2209 = ORIENTED_EDGE ( 'NONE', *, *, #1076, .F. ) ;
#2210 = DIRECTION ( 'NONE',  ( 1.000000000000000000, 0.0000000000000000000, -3.437714205441843395E-15 ) ) ;
#2211 = VECTOR ( 'NONE', #1405, 1000.000000000000000 ) ;
#2212 = VERTEX_POINT ( 'NONE', #1664 ) ;
#2213 = FACE_OUTER_BOUND ( 'NONE', #2427, .T. ) ;
#2214 = ORIENTED_EDGE ( 'NONE', *, *, #2351, .F. ) ;
#2215 = DIRECTION ( 'NONE',  ( -0.0000000000000000000, -0.0000000000000000000, 1.000000000000000000 ) ) ;
#2216 = EDGE_CURVE ( 'NONE', #1545, #17, #3228, .T. ) ;
#2217 = VERTEX_POINT ( 'NONE', #292 ) ;
#2218 = CARTESIAN_POINT ( 'NONE',  ( -1.089999999999999858, 0.2000000000000000111, 0.3950000000000000733 ) ) ;
#2219 = CARTESIAN_POINT ( 'NONE',  ( -1.499999999999999778, 0.2000000000000000111, 0.6250000000000000000 ) ) ;
#2220 = VECTOR ( 'NONE', #3448, 1000.000000000000000 ) ;
#2221 = ORIENTED_EDGE ( 'NONE', *, *, #1740, .F. ) ;
#2222 = CARTESIAN_POINT ( 'NONE',  ( -0.6249999999999962252, 0.0000000000000000000, 1.090000000000002078 ) ) ;
#2223 = ORIENTED_EDGE ( 'NONE', *, *, #2967, .T. ) ;
#2224 = CARTESIAN_POINT ( 'NONE',  ( -0.3949999999999961875, 0.2000000000000000111, 1.090000000000001190 ) ) ;
#2225 = ADVANCED_FACE ( 'NONE', ( #3786 ), #771, .F. ) ;
#2226 = LINE ( 'NONE', #2078, #2274 ) ;
#2227 = DIRECTION ( 'NONE',  ( 0.0000000000000000000, -0.0000000000000000000, 1.000000000000000000 ) ) ;
#2228 = DIRECTION ( 'NONE',  ( -1.000000000000000000, 0.0000000000000000000, 1.047444401652940007E-14 ) ) ;
#2229 = LINE ( 'NONE', #979, #2432 ) ;
#2230 = ORIENTED_EDGE ( 'NONE', *, *, #3474, .T. ) ;
#2231 = DIRECTION ( 'NONE',  ( 1.000000000000000000, -0.0000000000000000000, 0.0000000000000000000 ) ) ;
#2232 = VECTOR ( 'NONE', #478, 1000.000000000000000 ) ;
#2233 = DIRECTION ( 'NONE',  ( 0.0000000000000000000, -0.0000000000000000000, 1.000000000000000000 ) ) ;
#2234 = FACE_OUTER_BOUND ( 'NONE', #1027, .T. ) ;
#2235 = VECTOR ( 'NONE', #2608, 1000.000000000000000 ) ;
#2236 = CARTESIAN_POINT ( 'NONE',  ( 0.3950000000000038480, 0.2000000000000000111, 1.089999999999998526 ) ) ;
#2237 = EDGE_CURVE ( 'NONE', #537, #3105, #598, .T. ) ;
#2238 = ORIENTED_EDGE ( 'NONE', *, *, #2909, .T. ) ;
#2239 = CARTESIAN_POINT ( 'NONE',  ( 0.1149999999999885975, 0.2000000000000000111, -1.090000000000001190 ) ) ;
#2240 = AXIS2_PLACEMENT_3D ( 'NONE', #3817, #226, #1866 ) ;
#2241 = DIRECTION ( 'NONE',  ( 0.0000000000000000000, 0.0000000000000000000, 1.000000000000000000 ) ) ;
#2242 = VERTEX_POINT ( 'NONE', #669 ) ;
#2243 = ORIENTED_EDGE ( 'NONE', *, *, #4132, .T. ) ;
#2244 = ADVANCED_FACE ( 'NONE', ( #3429 ), #1001, .F. ) ;
#2245 = PLANE ( 'NONE',  #3280 ) ;
#2246 = VERTEX_POINT ( 'NONE', #1637 ) ;
#2247 = DIRECTION ( 'NONE',  ( -1.495451272393799296E-16, -0.0000000000000000000, 1.000000000000000000 ) ) ;
#2248 = DIRECTION ( 'NONE',  ( 0.0000000000000000000, 0.0000000000000000000, -1.000000000000000000 ) ) ;
#2249 = ORIENTED_EDGE ( 'NONE', *, *, #3181, .T. ) ;
#2250 = ORIENTED_EDGE ( 'NONE', *, *, #81, .F. ) ;
#2251 = DIRECTION ( 'NONE',  ( -0.0000000000000000000, 1.000000000000000000, -0.0000000000000000000 ) ) ;
#2252 = DIRECTION ( 'NONE',  ( -1.000000000000000000, 0.0000000000000000000, 0.0000000000000000000 ) ) ;
#2253 = FACE_OUTER_BOUND ( 'NONE', #2387, .T. ) ;
#2254 = DATE_AND_TIME ( #3666, #1090 ) ;
#2255 = CARTESIAN_POINT ( 'NONE',  ( -1.089999999999999858, 0.2000000000000000111, 0.3950000000000000733 ) ) ;
#2256 = ORIENTED_EDGE ( 'NONE', *, *, #2805, .F. ) ;
#2257 = DIRECTION ( 'NONE',  ( 1.000000000000000000, 0.0000000000000000000, -3.491481338843133355E-15 ) ) ;
#2258 = VECTOR ( 'NONE', #2900, 1000.000000000000000 ) ;
#2259 = EDGE_CURVE ( 'NONE', #3542, #2528, #649, .T. ) ;
#2260 = EDGE_LOOP ( 'NONE', ( #1789, #1350, #1055, #980 ) ) ;
#2261 = CARTESIAN_POINT ( 'NONE',  ( 0.3949999999999843636, 0.2000000000000000111, -1.500000000000003775 ) ) ;
#2262 = DIRECTION ( 'NONE',  ( -1.000000000000000000, 0.0000000000000000000, 0.0000000000000000000 ) ) ;
#2263 = VECTOR ( 'NONE', #694, 1000.000000000000000 ) ;
#2264 = VECTOR ( 'NONE', #867, 1000.000000000000000 ) ;
#2265 = DIRECTION ( 'NONE',  ( 0.0000000000000000000, 0.0000000000000000000, -1.000000000000000000 ) ) ;
#2266 = EDGE_LOOP ( 'NONE', ( #890, #3002, #1465, #3452 ) ) ;
#2267 = DIRECTION ( 'NONE',  ( -1.000000000000000000, 0.0000000000000000000, 0.0000000000000000000 ) ) ;
#2268 = FACE_OUTER_BOUND ( 'NONE', #2358, .T. ) ;
#2269 = ORIENTED_EDGE ( 'NONE', *, *, #1256, .T. ) ;
#2270 = EDGE_CURVE ( 'NONE', #1746, #1759, #1961, .T. ) ;
#2271 = CARTESIAN_POINT ( 'NONE',  ( 1.499999999999999778, 0.2000000000000000111, -0.6250000000000000000 ) ) ;
#2272 = ORIENTED_EDGE ( 'NONE', *, *, #3214, .T. ) ;
#2273 = APPROVAL ( #4096, 'UNSPECIFIED' ) ;
#2274 = VECTOR ( 'NONE', #1758, 1000.000000000000000 ) ;
#2275 = DIRECTION ( 'NONE',  ( 0.0000000000000000000, -1.000000000000000000, 0.0000000000000000000 ) ) ;
#2276 = VECTOR ( 'NONE', #2440, 1000.000000000000000 ) ;
#2277 = DIRECTION ( 'NONE',  ( -1.000000000000000000, 0.0000000000000000000, 1.047444401652940007E-14 ) ) ;
#2278 = DIRECTION ( 'NONE',  ( 0.0000000000000000000, -1.000000000000000000, -0.0000000000000000000 ) ) ;
#2279 = CARTESIAN_POINT ( 'NONE',  ( 1.500000000000000444, 0.0000000000000000000, 1.499999999999999778 ) ) ;
#2280 = LINE ( 'NONE', #1063, #1723 ) ;
#2281 = ADVANCED_FACE ( 'NONE', ( #1449 ), #1783, .F. ) ;
#2282 = EDGE_LOOP ( 'NONE', ( #87, #1543, #4181, #20 ) ) ;
#2283 = AXIS2_PLACEMENT_3D ( 'NONE', #3881, #1913, #1938 ) ;
#2284 = FACE_OUTER_BOUND ( 'NONE', #3583, .T. ) ;
#2285 = DIRECTION ( 'NONE',  ( 0.0000000000000000000, -0.0000000000000000000, -1.000000000000000000 ) ) ;
#2286 = DIRECTION ( 'NONE',  ( -1.000000000000000000, 0.0000000000000000000, 3.491481338843133355E-15 ) ) ;
#2287 = ORIENTED_EDGE ( 'NONE', *, *, #2179, .T. ) ;
#2288 = EDGE_CURVE ( 'NONE', #2760, #240, #2586, .T. ) ;
#2289 = DIRECTION ( 'NONE',  ( 0.0000000000000000000, 0.0000000000000000000, -1.000000000000000000 ) ) ;
#2290 = VERTEX_POINT ( 'NONE', #2899 ) ;
#2291 = VERTEX_POINT ( 'NONE', #2798 ) ;
#2292 = CARTESIAN_POINT ( 'NONE',  ( 1.089999999999999858, 0.0000000000000000000, -0.6250000000000000000 ) ) ;
#2293 = CARTESIAN_POINT ( 'NONE',  ( -1.499999999999999778, 0.2000000000000000111, -0.6250000000000000000 ) ) ;
#2294 = EDGE_CURVE ( 'NONE', #3266, #154, #3693, .T. ) ;
#2295 = MANIFOLD_SOLID_BREP ( 'Boss-Extrude2[11]', #4171 ) ;
#2296 = LOCAL_TIME ( 13, 20, 40.00000000000000000, #4019 ) ;
#2297 = DIRECTION ( 'NONE',  ( 0.0000000000000000000, 0.0000000000000000000, -1.000000000000000000 ) ) ;
#2298 = VERTEX_POINT ( 'NONE', #1496 ) ;
#2299 = VERTEX_POINT ( 'NONE', #1185 ) ;
#2300 = VECTOR ( 'NONE', #749, 1000.000000000000000 ) ;
#2301 = ADVANCED_FACE ( 'NONE', ( #237 ), #3754, .F. ) ;
#2302 = EDGE_LOOP ( 'NONE', ( #3794, #12, #3824, #1712 ) ) ;
#2303 = VECTOR ( 'NONE', #1977, 1000.000000000000000 ) ;
#2304 = CARTESIAN_POINT ( 'NONE',  ( -0.9342869680558283374, 0.05000000000000000278, -1.425616594575732421 ) ) ;
#2305 = CARTESIAN_POINT ( 'NONE',  ( 0.3949999999999886380, 0.2000000000000000111, -1.090000000000003633 ) ) ;
#2306 = ORIENTED_EDGE ( 'NONE', *, *, #1594, .T. ) ;
#2307 = LINE ( 'NONE', #1177, #3775 ) ;
#2308 = PLANE ( 'NONE',  #3367 ) ;
#2309 = ORIENTED_EDGE ( 'NONE', *, *, #4109, .F. ) ;
#2310 = PLANE ( 'NONE',  #3972 ) ;
#2311 = CARTESIAN_POINT ( 'NONE',  ( 0.1150000000000038075, 0.0000000000000000000, 1.089999999999999414 ) ) ;
#2312 = ADVANCED_FACE ( 'NONE', ( #4197 ), #2631, .F. ) ;
#2313 = VECTOR ( 'NONE', #813, 1000.000000000000000 ) ;
#2314 = EDGE_CURVE ( 'NONE', #2242, #1690, #1598, .T. ) ;
#2315 = VERTEX_POINT ( 'NONE', #2172 ) ;
#2316 = ORIENTED_EDGE ( 'NONE', *, *, #1025, .F. ) ;
#2317 = DIRECTION ( 'NONE',  ( 3.771137991253928672E-15, 0.0000000000000000000, 1.000000000000000000 ) ) ;
#2318 = VECTOR ( 'NONE', #624, 1000.000000000000000 ) ;
#2319 = EDGE_LOOP ( 'NONE', ( #3217, #1102, #522, #1340 ) ) ;
#2320 = PLANE ( 'NONE',  #2573 ) ;
#2321 = EDGE_CURVE ( 'NONE', #349, #1801, #2930, .T. ) ;
#2322 = ORIENTED_EDGE ( 'NONE', *, *, #2061, .T. ) ;
#2323 = DIRECTION ( 'NONE',  ( -0.0000000000000000000, 0.0000000000000000000, 1.000000000000000000 ) ) ;
#2324 = VECTOR ( 'NONE', #748, 1000.000000000000000 ) ;
#2325 = ORIENTED_EDGE ( 'NONE', *, *, #4030, .F. ) ;
#2326 = ADVANCED_FACE ( 'NONE', ( #2268 ), #1508, .F. ) ;
#2327 = VECTOR ( 'NONE', #4126, 1000.000000000000000 ) ;
#2328 = CARTESIAN_POINT ( 'NONE',  ( -0.7250000000000003109, 0.05000000000000000278, 0.7250000000000000888 ) ) ;
#2329 = VERTEX_POINT ( 'NONE', #2130 ) ;
#2330 = APPROVAL ( #513, 'UNSPECIFIED' ) ;
#2331 = LINE ( 'NONE', #1079, #3237 ) ;
#2332 = CARTESIAN_POINT ( 'NONE',  ( 1.499999999999999778, 0.0000000000000000000, 0.1150000000000000050 ) ) ;
#2333 = LINE ( 'NONE', #1326, #3905 ) ;
#2334 = ADVANCED_FACE ( 'NONE', ( #3375 ), #561, .F. ) ;
#2335 = CARTESIAN_POINT ( 'NONE',  ( -1.499999999999999778, 0.0000000000000000000, 0.1150000000000000050 ) ) ;
#2336 = ORIENTED_EDGE ( 'NONE', *, *, #2545, .T. ) ;
#2337 = CARTESIAN_POINT ( 'NONE',  ( 1.500000000000000444, 0.0000000000000000000, 1.499999999999999778 ) ) ;
#2338 = DIRECTION ( 'NONE',  ( -1.000000000000000000, 0.0000000000000000000, -0.0000000000000000000 ) ) ;
#2339 = VERTEX_POINT ( 'NONE', #1152 ) ;
#2340 = CARTESIAN_POINT ( 'NONE',  ( 1.500000000000000444, 0.0000000000000000000, 1.499999999999999778 ) ) ;
#2341 = DIRECTION ( 'NONE',  ( 0.0000000000000000000, 0.0000000000000000000, 1.000000000000000000 ) ) ;
#2342 = EDGE_CURVE ( 'NONE', #2977, #3297, #550, .T. ) ;
#2343 = ORIENTED_EDGE ( 'NONE', *, *, #957, .F. ) ;
#2344 = ADVANCED_FACE ( 'NONE', ( #1399 ), #1263, .F. ) ;
#2345 = PLANE ( 'NONE',  #2896 ) ;
#2346 = MANIFOLD_SOLID_BREP ( 'Boss-Extrude2[10]', #1852 ) ;
#2347 = ORIENTED_EDGE ( 'NONE', *, *, #3702, .T. ) ;
#2348 = DIRECTION ( 'NONE',  ( 0.0000000000000000000, -1.000000000000000000, 0.0000000000000000000 ) ) ;
#2349 = DIRECTION ( 'NONE',  ( -0.0000000000000000000, -1.000000000000000000, -0.0000000000000000000 ) ) ;
#2350 = VECTOR ( 'NONE', #3293, 1000.000000000000000 ) ;
#2351 = EDGE_CURVE ( 'NONE', #777, #3051, #2422, .T. ) ;
#2352 = DIRECTION ( 'NONE',  ( -0.0000000000000000000, 0.0000000000000000000, 1.000000000000000000 ) ) ;
#2353 = ORIENTED_EDGE ( 'NONE', *, *, #977, .F. ) ;
#2354 = CARTESIAN_POINT ( 'NONE',  ( 0.3949999999999843636, 0.2000000000000000111, -1.500000000000003775 ) ) ;
#2355 = FACE_OUTER_BOUND ( 'NONE', #4189, .T. ) ;
#2356 = ORIENTED_EDGE ( 'NONE', *, *, #3887, .T. ) ;
#2357 = LINE ( 'NONE', #2088, #2783 ) ;
#2358 = EDGE_LOOP ( 'NONE', ( #3560, #515, #1539, #3153 ) ) ;
#2359 = CARTESIAN_POINT ( 'NONE',  ( -0.9999999999999995559, 0.8400000000000000799, -1.000000000000000000 ) ) ;
#2360 = VECTOR ( 'NONE', #3901, 1000.000000000000000 ) ;
#2361 = VECTOR ( 'NONE', #3700, 1000.000000000000000 ) ;
#2362 = LINE ( 'NONE', #3907, #3466 ) ;
#2363 = ORIENTED_EDGE ( 'NONE', *, *, #871, .T. ) ;
#2364 = LINE ( 'NONE', #3509, #3628 ) ;
#2365 = CARTESIAN_POINT ( 'NONE',  ( -0.3949999999999947997, 0.2000000000000000111, 1.500000000000001110 ) ) ;
#2366 = DIRECTION ( 'NONE',  ( -1.000000000000000000, 0.0000000000000000000, 1.131341397376178759E-14 ) ) ;
#2367 = VERTEX_POINT ( 'NONE', #193 ) ;
#2368 = ADVANCED_FACE ( 'NONE', ( #2525 ), #1538, .F. ) ;
#2369 = VECTOR ( 'NONE', #1685, 1000.000000000000000 ) ;
#2370 = VECTOR ( 'NONE', #2685, 1000.000000000000000 ) ;
#2371 = VERTEX_POINT ( 'NONE', #3840 ) ;
#2372 = DIRECTION ( 'NONE',  ( -0.0000000000000000000, -1.000000000000000000, -0.0000000000000000000 ) ) ;
#2373 = EDGE_CURVE ( 'NONE', #2865, #3864, #2165, .T. ) ;
#2374 = LINE ( 'NONE', #1932, #2478 ) ;
#2375 = EDGE_CURVE ( 'NONE', #2315, #900, #4192, .T. ) ;
#2376 = LINE ( 'NONE', #1882, #2887 ) ;
#2377 = CARTESIAN_POINT ( 'NONE',  ( -0.6249999999999947820, -0.4701063709417307446, 1.500000000000001998 ) ) ;
#2378 = EDGE_CURVE ( 'NONE', #2684, #2207, #1811, .T. ) ;
#2379 = CARTESIAN_POINT ( 'NONE',  ( 1.500000000000000444, 0.0000000000000000000, 1.499999999999999778 ) ) ;
#2380 = CARTESIAN_POINT ( 'NONE',  ( 1.499999999999999778, 0.2000000000000000111, -0.6250000000000000000 ) ) ;
#2381 = AXIS2_PLACEMENT_3D ( 'NONE', #1608, #3588, #2248 ) ;
#2382 = LINE ( 'NONE', #1092, #1507 ) ;
#2383 = DIRECTION ( 'NONE',  ( 1.000000000000000000, 0.0000000000000000000, -3.771137991253927883E-15 ) ) ;
#2384 = DIRECTION ( 'NONE',  ( -0.0000000000000000000, 1.000000000000000000, -0.0000000000000000000 ) ) ;
#2385 = LINE ( 'NONE', #1101, #1510 ) ;
#2386 = DIRECTION ( 'NONE',  ( 1.047444401652940007E-14, 0.0000000000000000000, 1.000000000000000000 ) ) ;
#2387 = EDGE_LOOP ( 'NONE', ( #3983, #703, #3311, #2199 ) ) ;
#2388 = DIRECTION ( 'NONE',  ( 0.0000000000000000000, 0.0000000000000000000, -1.000000000000000000 ) ) ;
#2389 = DIRECTION ( 'NONE',  ( 1.000000000000000000, 0.0000000000000000000, -1.047444401652940007E-14 ) ) ;
#2390 = FACE_OUTER_BOUND ( 'NONE', #2980, .T. ) ;
#2391 = PLANE ( 'NONE',  #725 ) ;
#2392 = ORIENTED_EDGE ( 'NONE', *, *, #495, .T. ) ;
#2393 = CARTESIAN_POINT ( 'NONE',  ( 1.499999999999999556, 0.2000000000000000111, 0.6250000000000000000 ) ) ;
#2394 = EDGE_CURVE ( 'NONE', #3269, #2116, #1707, .T. ) ;
#2395 = ORIENTED_EDGE ( 'NONE', *, *, #2759, .T. ) ;
#2396 = EDGE_CURVE ( 'NONE', #1926, #261, #4088, .T. ) ;
#2397 = ADVANCED_FACE ( 'NONE', ( #96 ), #142, .F. ) ;
#2398 = AXIS2_PLACEMENT_3D ( 'NONE', #787, #3359, #1424 ) ;
#2399 = ORIENTED_EDGE ( 'NONE', *, *, #521, .F. ) ;
#2400 = LOCAL_TIME ( 13, 20, 40.00000000000000000, #983 ) ;
#2401 = CARTESIAN_POINT ( 'NONE',  ( 1.500000000000000444, 0.8900000000000000133, -1.500000000000000000 ) ) ;
#2402 = EDGE_CURVE ( 'NONE', #3735, #516, #853, .T. ) ;
#2403 = ORIENTED_EDGE ( 'NONE', *, *, #338, .T. ) ;
#2404 = DIRECTION ( 'NONE',  ( -0.0000000000000000000, 0.0000000000000000000, -1.000000000000000000 ) ) ;
#2405 = AXIS2_PLACEMENT_3D ( 'NONE', #652, #2265, #315 ) ;
#2406 = PERSON_AND_ORGANIZATION ( #751, #3054 ) ;
#2407 = ORIENTED_EDGE ( 'NONE', *, *, #14, .T. ) ;
#2408 = LINE ( 'NONE', #1141, #4129 ) ;
#2409 = DIRECTION ( 'NONE',  ( 0.0000000000000000000, 0.0000000000000000000, -1.000000000000000000 ) ) ;
#2410 = ORIENTED_EDGE ( 'NONE', *, *, #524, .F. ) ;
#2411 = DIRECTION ( 'NONE',  ( -1.000000000000000000, 0.0000000000000000000, 0.0000000000000000000 ) ) ;
#2412 = APPLICATION_CONTEXT ( 'configuration controlled 3d designs of mechanical parts and assemblies' ) ;
#2413 = LINE ( 'NONE', #1885, #1536 ) ;
#2414 = VECTOR ( 'NONE', #1650, 1000.000000000000000 ) ;
#2415 = DIRECTION ( 'NONE',  ( 1.000000000000000000, 0.0000000000000000000, -3.771137991253928672E-15 ) ) ;
#2416 = ORIENTED_EDGE ( 'NONE', *, *, #3772, .F. ) ;
#2417 = DIRECTION ( 'NONE',  ( 1.000000000000000000, 0.0000000000000000000, 0.0000000000000000000 ) ) ;
#2418 = VECTOR ( 'NONE', #2750, 1000.000000000000000 ) ;
#2419 = VERTEX_POINT ( 'NONE', #783 ) ;
#2420 = ORIENTED_EDGE ( 'NONE', *, *, #3147, .T. ) ;
#2421 = CARTESIAN_POINT ( 'NONE',  ( -0.1149999999999961886, 0.2000000000000000111, 1.090000000000000302 ) ) ;
#2422 = LINE ( 'NONE', #1352, #808 ) ;
#2423 = EDGE_LOOP ( 'NONE', ( #1107, #1401, #2316, #2716 ) ) ;
#2424 = CARTESIAN_POINT ( 'NONE',  ( -1.499999999999999778, 0.2000000000000000111, -0.1150000000000000050 ) ) ;
#2425 = FACE_OUTER_BOUND ( 'NONE', #3811, .T. ) ;
#2426 = CARTESIAN_POINT ( 'NONE',  ( -0.3950000000000157274, 0.0000000000000000000, -1.499999999999995781 ) ) ;
#2427 = EDGE_LOOP ( 'NONE', ( #1172, #3995, #1704, #644 ) ) ;
#2428 = DIRECTION ( 'NONE',  ( 0.0000000000000000000, 0.0000000000000000000, 1.000000000000000000 ) ) ;
#2429 = EDGE_CURVE ( 'NONE', #1422, #3773, #2880, .T. ) ;
#2430 = DIRECTION ( 'NONE',  ( 3.702153759706600275E-15, 0.0000000000000000000, 1.000000000000000000 ) ) ;
#2431 = EDGE_CURVE ( 'NONE', #2182, #2749, #3223, .T. ) ;
#2432 = VECTOR ( 'NONE', #3553, 1000.000000000000000 ) ;
#2433 = DIRECTION ( 'NONE',  ( 0.0000000000000000000, -1.000000000000000000, 0.0000000000000000000 ) ) ;
#2434 = DIRECTION ( 'NONE',  ( -1.000000000000000000, 0.0000000000000000000, 1.047444401652940007E-14 ) ) ;
#2435 = VERTEX_POINT ( 'NONE', #2015 ) ;
#2436 = DIRECTION ( 'NONE',  ( -0.0000000000000000000, -1.000000000000000000, -0.0000000000000000000 ) ) ;
#2437 = LINE ( 'NONE', #3232, #2936 ) ;
#2438 = EDGE_CURVE ( 'NONE', #3816, #85, #2115, .T. ) ;
#2439 = DIRECTION ( 'NONE',  ( 1.000000000000000000, 0.0000000000000000000, -1.131341397376178917E-14 ) ) ;
#2440 = DIRECTION ( 'NONE',  ( -3.491481338843133355E-15, 0.0000000000000000000, -1.000000000000000000 ) ) ;
#2441 = VECTOR ( 'NONE', #1220, 1000.000000000000000 ) ;
#2442 = AXIS2_PLACEMENT_3D ( 'NONE', #3050, #2739, #3714 ) ;
#2443 = LINE ( 'NONE', #1361, #775 ) ;
#2444 = PLANE ( 'NONE',  #1853 ) ;
#2445 = ORIENTED_EDGE ( 'NONE', *, *, #778, .F. ) ;
#2446 = VECTOR ( 'NONE', #3379, 1000.000000000000000 ) ;
#2447 = CARTESIAN_POINT ( 'NONE',  ( 0.1150000000000052369, -0.4701063709417307446, 1.499999999999999334 ) ) ;
#2448 = ORIENTED_EDGE ( 'NONE', *, *, #871, .F. ) ;
#2449 = ORIENTED_EDGE ( 'NONE', *, *, #1356, .F. ) ;
#2450 = ORIENTED_EDGE ( 'NONE', *, *, #124, .F. ) ;
#2451 = PLANE ( 'NONE',  #3897 ) ;
#2452 = EDGE_CURVE ( 'NONE', #951, #1843, #1593, .T. ) ;
#2453 = ORIENTED_EDGE ( 'NONE', *, *, #1821, .T. ) ;
#2454 = DIRECTION ( 'NONE',  ( -0.0000000000000000000, -1.000000000000000000, -0.0000000000000000000 ) ) ;
#2455 = LINE ( 'NONE', #3729, #1788 ) ;
#2456 = AXIS2_PLACEMENT_3D ( 'NONE', #3720, #3501, #2233 ) ;
#2457 = ORIENTED_EDGE ( 'NONE', *, *, #2288, .T. ) ;
#2458 = VECTOR ( 'NONE', #2215, 1000.000000000000000 ) ;
#2459 = ORIENTED_EDGE ( 'NONE', *, *, #1912, .F. ) ;
#2460 = EDGE_CURVE ( 'NONE', #537, #3269, #2925, .T. ) ;
#2461 = EDGE_LOOP ( 'NONE', ( #2064, #2492, #723, #1951 ) ) ;
#2462 = FACE_OUTER_BOUND ( 'NONE', #3630, .T. ) ;
#2463 = DIRECTION ( 'NONE',  ( -1.495451272393799296E-16, -0.0000000000000000000, 1.000000000000000000 ) ) ;
#2464 = DIRECTION ( 'NONE',  ( -0.0000000000000000000, -1.000000000000000000, -0.0000000000000000000 ) ) ;
#2465 = FACE_OUTER_BOUND ( 'NONE', #274, .T. ) ;
#2466 = LINE ( 'NONE', #1839, #1587 ) ;
#2467 = EDGE_CURVE ( 'NONE', #930, #3145, #3882, .T. ) ;
#2468 = VERTEX_POINT ( 'NONE', #3745 ) ;
#2469 = VECTOR ( 'NONE', #949, 1000.000000000000000 ) ;
#2470 = ORIENTED_EDGE ( 'NONE', *, *, #1047, .T. ) ;
#2471 = CARTESIAN_POINT ( 'NONE',  ( 0.1149999999999842953, 0.2000000000000000111, -1.500000000000001110 ) ) ;
#2472 = ORIENTED_EDGE ( 'NONE', *, *, #435, .T. ) ;
#2473 = DIRECTION ( 'NONE',  ( 0.0000000000000000000, -0.0000000000000000000, 1.000000000000000000 ) ) ;
#2474 = VECTOR ( 'NONE', #875, 1000.000000000000000 ) ;
#2475 = FACE_OUTER_BOUND ( 'NONE', #1517, .T. ) ;
#2476 = ORIENTED_EDGE ( 'NONE', *, *, #1686, .F. ) ;
#2477 = CARTESIAN_POINT ( 'NONE',  ( -0.3950000000000114531, -0.4701063709417307446, -1.089999999999995639 ) ) ;
#2478 = VECTOR ( 'NONE', #5, 1000.000000000000000 ) ;
#2479 = CARTESIAN_POINT ( 'NONE',  ( 0.3949999999999843636, 0.2000000000000000111, -1.500000000000003775 ) ) ;
#2480 = CARTESIAN_POINT ( 'NONE',  ( 0.1149999999999885975, -0.4701063709417307446, -1.090000000000001190 ) ) ;
#2481 = EDGE_CURVE ( 'NONE', #195, #2299, #3990, .T. ) ;
#2482 = EDGE_CURVE ( 'NONE', #1733, #371, #143, .T. ) ;
#2483 = LINE ( 'NONE', #1577, #105 ) ;
#2484 = PLANE ( 'NONE',  #1776 ) ;
#2485 = DIRECTION ( 'NONE',  ( 0.0000000000000000000, 0.0000000000000000000, 1.000000000000000000 ) ) ;
#2486 = LINE ( 'NONE', #389, #1603 ) ;
#2487 = ADVANCED_FACE ( 'NONE', ( #3119 ), #3354, .F. ) ;
#2488 = EDGE_CURVE ( 'NONE', #2207, #2695, #3830, .T. ) ;
#2489 = AXIS2_PLACEMENT_3D ( 'NONE', #678, #1009, #3922 ) ;
#2490 = DIRECTION ( 'NONE',  ( 0.0000000000000000000, 1.000000000000000000, 0.0000000000000000000 ) ) ;
#2491 = FACE_OUTER_BOUND ( 'NONE', #1136, .T. ) ;
#2492 = ORIENTED_EDGE ( 'NONE', *, *, #861, .F. ) ;
#2493 = CARTESIAN_POINT ( 'NONE',  ( 1.500000000000000444, 0.8900000000000000133, -1.500000000000000000 ) ) ;
#2494 = CC_DESIGN_PERSON_AND_ORGANIZATION_ASSIGNMENT ( #1482, #3482, ( #1606 ) ) ;
#2495 = DIRECTION ( 'NONE',  ( -1.000000000000000000, 0.0000000000000000000, -0.0000000000000000000 ) ) ;
#2496 = DIRECTION ( 'NONE',  ( -0.0000000000000000000, -1.000000000000000000, -0.0000000000000000000 ) ) ;
#2497 = VERTEX_POINT ( 'NONE', #2196 ) ;
#2498 = CARTESIAN_POINT ( 'NONE',  ( -1.499999999999999778, 0.2000000000000000111, -0.3950000000000000733 ) ) ;
#2499 = VERTEX_POINT ( 'NONE', #1199 ) ;
#2500 = COORDINATED_UNIVERSAL_TIME_OFFSET ( 5, 30, .AHEAD. ) ;
#2501 = DIRECTION ( 'NONE',  ( 0.0000000000000000000, 0.0000000000000000000, -1.000000000000000000 ) ) ;
#2502 = ORIENTED_EDGE ( 'NONE', *, *, #73, .F. ) ;
#2503 = LINE ( 'NONE', #860, #936 ) ;
#2504 = PLANE ( 'NONE',  #470 ) ;
#2505 = APPROVAL_DATE_TIME ( #2254, #2273 ) ;
#2506 = EDGE_CURVE ( 'NONE', #2499, #740, #755, .T. ) ;
#2507 = AXIS2_PLACEMENT_3D ( 'NONE', #3543, #2921, #1590 ) ;
#2508 = VERTEX_POINT ( 'NONE', #3123 ) ;
#2509 = CARTESIAN_POINT ( 'NONE',  ( -1.499999999999999778, 0.0000000000000000000, -0.6250000000000000000 ) ) ;
#2510 = DIRECTION ( 'NONE',  ( 0.0000000000000000000, -1.000000000000000000, 0.0000000000000000000 ) ) ;
#2511 = PERSON_AND_ORGANIZATION_ROLE ( 'classification_officer' ) ;
#2512 = AXIS2_PLACEMENT_3D ( 'NONE', #82, #3267, #3899 ) ;
#2513 = VECTOR ( 'NONE', #3913, 1000.000000000000000 ) ;
#2514 = ORIENTED_EDGE ( 'NONE', *, *, #3589, .F. ) ;
#2515 = DIRECTION ( 'NONE',  ( 1.044536239345790961E-14, 0.0000000000000000000, 1.000000000000000000 ) ) ;
#2516 = EDGE_CURVE ( 'NONE', #3857, #3432, #3473, .T. ) ;
#2517 = LINE ( 'NONE', #2480, #2723 ) ;
#2518 = AXIS2_PLACEMENT_3D ( 'NONE', #2187, #2490, #1467 ) ;
#2519 = EDGE_LOOP ( 'NONE', ( #2403, #1061, #3883, #1795 ) ) ;
#2520 = LINE ( 'NONE', #3634, #4187 ) ;
#2521 = ADVANCED_FACE ( 'NONE', ( #2582 ), #2484, .F. ) ;
#2522 = ORIENTED_EDGE ( 'NONE', *, *, #810, .F. ) ;
#2523 = ORIENTED_EDGE ( 'NONE', *, *, #1170, .F. ) ;
#2524 = DIRECTION ( 'NONE',  ( -0.0000000000000000000, 0.0000000000000000000, 1.000000000000000000 ) ) ;
#2525 = FACE_OUTER_BOUND ( 'NONE', #3675, .T. ) ;
#2526 = DIRECTION ( 'NONE',  ( -3.437714205441843395E-15, 0.0000000000000000000, -1.000000000000000000 ) ) ;
#2527 = DIRECTION ( 'NONE',  ( -3.702153759706600275E-15, 0.0000000000000000000, -1.000000000000000000 ) ) ;
#2528 = VERTEX_POINT ( 'NONE', #1865 ) ;
#2529 = VERTEX_POINT ( 'NONE', #1222 ) ;
#2530 = DIRECTION ( 'NONE',  ( -1.000000000000000000, 0.0000000000000000000, 3.491481338843133355E-15 ) ) ;
#2531 = LINE ( 'NONE', #3124, #3944 ) ;
#2532 = DIRECTION ( 'NONE',  ( -1.000000000000000000, 0.0000000000000000000, 0.0000000000000000000 ) ) ;
#2533 = VERTEX_POINT ( 'NONE', #3759 ) ;
#2534 = CARTESIAN_POINT ( 'NONE',  ( -1.499999999999999778, -0.4701063709417307446, -0.6250000000000000000 ) ) ;
#2535 = LINE ( 'NONE', #4143, #2327 ) ;
#2536 = CARTESIAN_POINT ( 'NONE',  ( 0.6249999999999843459, 0.2000000000000000111, -1.500000000000006217 ) ) ;
#2537 = EDGE_CURVE ( 'NONE', #97, #30, #1288, .T. ) ;
#2538 = VERTEX_POINT ( 'NONE', #2153 ) ;
#2539 = VECTOR ( 'NONE', #3659, 1000.000000000000000 ) ;
#2540 = PLANE ( 'NONE',  #2996 ) ;
#2541 = AXIS2_PLACEMENT_3D ( 'NONE', #3110, #3406, #1466 ) ;
#2542 = CARTESIAN_POINT ( 'NONE',  ( 1.089999999999999858, 0.2000000000000000111, -0.1150000000000000050 ) ) ;
#2543 = DIRECTION ( 'NONE',  ( -7.592011060113653249E-16, 0.0000000000000000000, 1.000000000000000000 ) ) ;
#2544 = VECTOR ( 'NONE', #768, 1000.000000000000000 ) ;
#2545 = EDGE_CURVE ( 'NONE', #2468, #4195, #1104, .T. ) ;
#2546 = CARTESIAN_POINT ( 'NONE',  ( 0.6250000000000037748, 0.2000000000000000111, 1.089999999999997637 ) ) ;
#2547 = VERTEX_POINT ( 'NONE', #4105 ) ;
#2548 = CARTESIAN_POINT ( 'NONE',  ( -1.499999999999999778, 0.2000000000000000111, 0.6250000000000000000 ) ) ;
#2549 = AXIS2_PLACEMENT_3D ( 'NONE', #277, #3549, #1236 ) ;
#2550 = CARTESIAN_POINT ( 'NONE',  ( 0.1149999999999885975, -0.4701063709417307446, -1.090000000000001190 ) ) ;
#2551 = ORIENTED_EDGE ( 'NONE', *, *, #1223, .F. ) ;
#2552 = DIRECTION ( 'NONE',  ( -0.0000000000000000000, 1.000000000000000000, -0.0000000000000000000 ) ) ;
#2553 = EDGE_CURVE ( 'NONE', #1699, #2371, #3025, .T. ) ;
#2554 = DIRECTION ( 'NONE',  ( -0.0000000000000000000, -1.000000000000000000, 0.0000000000000000000 ) ) ;
#2555 = ORIENTED_EDGE ( 'NONE', *, *, #2160, .F. ) ;
#2556 = CC_DESIGN_PERSON_AND_ORGANIZATION_ASSIGNMENT ( #4127, #241, ( #112 ) ) ;
#2557 = PLANE ( 'NONE',  #1128 ) ;
#2558 = ORIENTED_EDGE ( 'NONE', *, *, #152, .F. ) ;
#2559 = CARTESIAN_POINT ( 'NONE',  ( 0.3949999999999886380, 0.0000000000000000000, -1.090000000000003633 ) ) ;
#2560 = DIRECTION ( 'NONE',  ( -1.000000000000000000, 0.0000000000000000000, 3.771137991253928672E-15 ) ) ;
#2561 = ORIENTED_EDGE ( 'NONE', *, *, #691, .F. ) ;
#2562 = CARTESIAN_POINT ( 'NONE',  ( 1.089999999999999636, 0.2000000000000000111, 0.3950000000000000733 ) ) ;
#2563 = CIRCLE ( 'NONE', #1527, 0.1750000000000000167 ) ;
#2564 = DIRECTION ( 'NONE',  ( 1.000000000000000000, -0.0000000000000000000, -1.445602896647339163E-16 ) ) ;
#2565 = VERTEX_POINT ( 'NONE', #1531 ) ;
#2566 = FACE_OUTER_BOUND ( 'NONE', #3405, .T. ) ;
#2567 = CARTESIAN_POINT ( 'NONE',  ( -1.089999999999999858, 0.2000000000000000111, -0.3950000000000000733 ) ) ;
#2568 = VECTOR ( 'NONE', #1095, 1000.000000000000000 ) ;
#2569 = ORIENTED_EDGE ( 'NONE', *, *, #1204, .T. ) ;
#2570 = DIRECTION ( 'NONE',  ( -0.0000000000000000000, -1.000000000000000000, -0.0000000000000000000 ) ) ;
#2571 = LINE ( 'NONE', #3193, #276 ) ;
#2572 = EDGE_CURVE ( 'NONE', #2801, #3838, #1243, .T. ) ;
#2573 = AXIS2_PLACEMENT_3D ( 'NONE', #1688, #2654, #59 ) ;
#2574 = CARTESIAN_POINT ( 'NONE',  ( 1.089999999999999858, 0.2000000000000000111, -0.6250000000000000000 ) ) ;
#2575 = DIRECTION ( 'NONE',  ( 0.0000000000000000000, -1.000000000000000000, 0.0000000000000000000 ) ) ;
#2576 = ORIENTED_EDGE ( 'NONE', *, *, #1695, .F. ) ;
#2577 = LINE ( 'NONE', #2642, #3733 ) ;
#2578 = DIRECTION ( 'NONE',  ( 0.0000000000000000000, 0.0000000000000000000, 1.000000000000000000 ) ) ;
#2579 = EDGE_CURVE ( 'NONE', #801, #3325, #2069, .T. ) ;
#2580 = ORIENTED_EDGE ( 'NONE', *, *, #578, .T. ) ;
#2581 = CARTESIAN_POINT ( 'NONE',  ( 0.6250000000000037748, 0.2000000000000000111, 1.089999999999997637 ) ) ;
#2582 = FACE_OUTER_BOUND ( 'NONE', #3510, .T. ) ;
#2583 = AXIS2_PLACEMENT_3D ( 'NONE', #830, #3364, #439 ) ;
#2584 = ORIENTED_EDGE ( 'NONE', *, *, #1047, .F. ) ;
#2585 = VERTEX_POINT ( 'NONE', #1210 ) ;
#2586 = LINE ( 'NONE', #3112, #1711 ) ;
#2587 = CARTESIAN_POINT ( 'NONE',  ( 0.6249999999999886757, 0.2000000000000000111, -1.090000000000006297 ) ) ;
#2588 = FACE_OUTER_BOUND ( 'NONE', #922, .T. ) ;
#2589 = ADVANCED_FACE ( 'NONE', ( #2974 ), #917, .F. ) ;
#2590 = VECTOR ( 'NONE', #1406, 1000.000000000000000 ) ;
#2591 = DIRECTION ( 'NONE',  ( 0.0000000000000000000, -0.0000000000000000000, 1.000000000000000000 ) ) ;
#2592 = ORIENTED_EDGE ( 'NONE', *, *, #4139, .F. ) ;
#2593 = FACE_OUTER_BOUND ( 'NONE', #1230, .T. ) ;
#2594 = DIRECTION ( 'NONE',  ( -3.470769149724937955E-15, 0.0000000000000000000, -1.000000000000000000 ) ) ;
#2595 = CARTESIAN_POINT ( 'NONE',  ( 0.3950000000000052913, 0.2000000000000000111, 1.499999999999998446 ) ) ;
#2596 = EDGE_CURVE ( 'NONE', #1923, #465, #194, .T. ) ;
#2597 = EDGE_CURVE ( 'NONE', #4160, #3137, #1191, .T. ) ;
#2598 = ORIENTED_EDGE ( 'NONE', *, *, #2488, .T. ) ;
#2599 = CARTESIAN_POINT ( 'NONE',  ( 0.1150000000000038075, 0.0000000000000000000, 1.089999999999999414 ) ) ;
#2600 = EDGE_CURVE ( 'NONE', #3191, #2329, #434, .T. ) ;
#2601 = ORIENTED_EDGE ( 'NONE', *, *, #1333, .T. ) ;
#2602 = PLANE ( 'NONE',  #178 ) ;
#2603 = CARTESIAN_POINT ( 'NONE',  ( 0.1150000000000052369, 0.0000000000000000000, 1.499999999999999334 ) ) ;
#2604 = EDGE_LOOP ( 'NONE', ( #1318, #1065, #3715, #3273 ) ) ;
#2605 = ADVANCED_FACE ( 'NONE', ( #2626 ), #3138, .F. ) ;
#2606 = APPROVAL_DATE_TIME ( #3454, #733 ) ;
#2607 = ORIENTED_EDGE ( 'NONE', *, *, #251, .T. ) ;
#2608 = DIRECTION ( 'NONE',  ( -1.000000000000000000, -0.0000000000000000000, -0.0000000000000000000 ) ) ;
#2609 = ORIENTED_EDGE ( 'NONE', *, *, #1830, .F. ) ;
#2610 = PLANE ( 'NONE',  #2405 ) ;
#2611 = CARTESIAN_POINT ( 'NONE',  ( -1.219903562631567517, -0.0000000000000000000, -1.114999999999993330 ) ) ;
#2612 = VECTOR ( 'NONE', #3836, 1000.000000000000000 ) ;
#2613 = LOCAL_TIME ( 13, 20, 40.00000000000000000, #2715 ) ;
#2614 = DIRECTION ( 'NONE',  ( 1.000000000000000000, 0.0000000000000000000, 0.0000000000000000000 ) ) ;
#2615 = LINE ( 'NONE', #1667, #2370 ) ;
#2616 = VERTEX_POINT ( 'NONE', #225 ) ;
#2617 = FACE_OUTER_BOUND ( 'NONE', #3718, .T. ) ;
#2618 = EDGE_CURVE ( 'NONE', #832, #3249, #2014, .T. ) ;
#2619 = EDGE_CURVE ( 'NONE', #1690, #196, #2781, .T. ) ;
#2620 = ORIENTED_EDGE ( 'NONE', *, *, #4131, .F. ) ;
#2621 = DIRECTION ( 'NONE',  ( 3.470769149724937955E-15, -0.0000000000000000000, 1.000000000000000000 ) ) ;
#2622 = LINE ( 'NONE', #2493, #3365 ) ;
#2623 = ORIENTED_EDGE ( 'NONE', *, *, #1550, .F. ) ;
#2624 = DIRECTION ( 'NONE',  ( 0.0000000000000000000, 0.0000000000000000000, 1.000000000000000000 ) ) ;
#2625 = EDGE_CURVE ( 'NONE', #2657, #1470, #3529, .T. ) ;
#2626 = FACE_OUTER_BOUND ( 'NONE', #3507, .T. ) ;
#2627 = CARTESIAN_POINT ( 'NONE',  ( -1.499999999999999778, 0.2000000000000000111, 0.6250000000000000000 ) ) ;
#2628 = VERTEX_POINT ( 'NONE', #3224 ) ;
#2629 = ORIENTED_EDGE ( 'NONE', *, *, #2814, .F. ) ;
#2630 = ADVANCED_FACE ( 'NONE', ( #385 ), #4, .F. ) ;
#2631 = CYLINDRICAL_SURFACE ( 'NONE', #721, 0.02500000000000006384 ) ;
#2632 = ORIENTED_EDGE ( 'NONE', *, *, #14, .F. ) ;
#2633 = DIRECTION ( 'NONE',  ( -0.0000000000000000000, -1.000000000000000000, -0.0000000000000000000 ) ) ;
#2634 = EDGE_LOOP ( 'NONE', ( #835, #2584, #1228, #3377 ) ) ;
#2635 = CC_DESIGN_PERSON_AND_ORGANIZATION_ASSIGNMENT ( #25, #793, ( #3868 ) ) ;
#2636 = VECTOR ( 'NONE', #1081, 1000.000000000000000 ) ;
#2637 = ORIENTED_EDGE ( 'NONE', *, *, #2373, .T. ) ;
#2638 = CARTESIAN_POINT ( 'NONE',  ( -0.1149999999999947731, 0.2000000000000000111, 1.500000000000000222 ) ) ;
#2639 = PLANE ( 'NONE',  #4172 ) ;
#2640 = LINE ( 'NONE', #3709, #395 ) ;
#2641 = ORIENTED_EDGE ( 'NONE', *, *, #449, .T. ) ;
#2642 = CARTESIAN_POINT ( 'NONE',  ( 1.500000000000000444, 0.0000000000000000000, 1.499999999999999778 ) ) ;
#2643 = CARTESIAN_POINT ( 'NONE',  ( -1.089999999999999858, -0.4701063709417307446, -0.3950000000000000733 ) ) ;
#2644 = VECTOR ( 'NONE', #3218, 1000.000000000000000 ) ;
#2645 = VERTEX_POINT ( 'NONE', #3210 ) ;
#2646 = LINE ( 'NONE', #3048, #662 ) ;
#2647 = CARTESIAN_POINT ( 'NONE',  ( 0.0000000000000000000, 0.0000000000000000000, 0.0000000000000000000 ) ) ;
#2648 = LINE ( 'NONE', #1728, #2898 ) ;
#2649 = DIRECTION ( 'NONE',  ( 3.437714205441843395E-15, -0.0000000000000000000, 1.000000000000000000 ) ) ;
#2650 = EDGE_LOOP ( 'NONE', ( #2972, #4149, #2860, #3978 ) ) ;
#2651 = EDGE_CURVE ( 'NONE', #900, #2339, #3524, .T. ) ;
#2652 = ADVANCED_FACE ( 'NONE', ( #750 ), #1907, .T. ) ;
#2653 = AXIS2_PLACEMENT_3D ( 'NONE', #963, #1611, #44 ) ;
#2654 = DIRECTION ( 'NONE',  ( 1.000000000000000000, 0.0000000000000000000, 0.0000000000000000000 ) ) ;
#2655 = ORIENTED_EDGE ( 'NONE', *, *, #3021, .F. ) ;
#2656 = DIRECTION ( 'NONE',  ( 1.000000000000000000, 0.0000000000000000000, 0.0000000000000000000 ) ) ;
#2657 = VERTEX_POINT ( 'NONE', #1262 ) ;
#2658 = CARTESIAN_POINT ( 'NONE',  ( -1.499999999999999778, 0.0000000000000000000, 0.3950000000000000733 ) ) ;
#2659 = AXIS2_PLACEMENT_3D ( 'NONE', #4073, #200, #2779 ) ;
#2660 = DIRECTION ( 'NONE',  ( 1.000000000000000000, 0.0000000000000000000, -1.047444401652940007E-14 ) ) ;
#2661 = EDGE_LOOP ( 'NONE', ( #886, #3385, #224, #706 ) ) ;
#2662 = ORIENTED_EDGE ( 'NONE', *, *, #2782, .T. ) ;
#2663 = LINE ( 'NONE', #702, #1576 ) ;
#2664 = PLANE ( 'NONE',  #341 ) ;
#2665 = ORIENTED_EDGE ( 'NONE', *, *, #186, .F. ) ;
#2666 = LINE ( 'NONE', #4068, #271 ) ;
#2667 = CARTESIAN_POINT ( 'NONE',  ( 1.089999999999999858, -0.4701063709417307446, -0.1150000000000000050 ) ) ;
#2668 = ORIENTED_EDGE ( 'NONE', *, *, #273, .F. ) ;
#2669 = VECTOR ( 'NONE', #1485, 1000.000000000000000 ) ;
#2670 = DIRECTION ( 'NONE',  ( -0.0000000000000000000, 1.000000000000000000, -0.0000000000000000000 ) ) ;
#2671 = ADVANCED_FACE ( 'NONE', ( #850, #1339, #1489 ), #934, .F. ) ;
#2672 = ORIENTED_EDGE ( 'NONE', *, *, #2842, .T. ) ;
#2673 = CARTESIAN_POINT ( 'NONE',  ( -0.7250000000000000888, 0.05000000000000000278, -0.7249999999999998668 ) ) ;
#2674 = DIRECTION ( 'NONE',  ( -0.0000000000000000000, 1.000000000000000000, -0.0000000000000000000 ) ) ;
#2675 = VECTOR ( 'NONE', #2904, 1000.000000000000000 ) ;
#2676 = EDGE_CURVE ( 'NONE', #2801, #2144, #1444, .T. ) ;
#2677 = VECTOR ( 'NONE', #698, 1000.000000000000000 ) ;
#2678 = PLANE ( 'NONE',  #1880 ) ;
#2679 = EDGE_LOOP ( 'NONE', ( #1414, #3059, #3047, #1221 ) ) ;
#2680 = DIRECTION ( 'NONE',  ( 1.000000000000000000, 0.0000000000000000000, 0.0000000000000000000 ) ) ;
#2681 = ORIENTED_EDGE ( 'NONE', *, *, #2129, .F. ) ;
#2682 = PLANE ( 'NONE',  #1881 ) ;
#2683 = VECTOR ( 'NONE', #239, 1000.000000000000000 ) ;
#2684 = VERTEX_POINT ( 'NONE', #2559 ) ;
#2685 = DIRECTION ( 'NONE',  ( -0.0000000000000000000, 1.000000000000000000, -0.0000000000000000000 ) ) ;
#2686 = VECTOR ( 'NONE', #1205, 1000.000000000000000 ) ;
#2687 = CARTESIAN_POINT ( 'NONE',  ( 0.3949999999999886380, 0.0000000000000000000, -1.090000000000003633 ) ) ;
#2688 = ORIENTED_EDGE ( 'NONE', *, *, #1655, .T. ) ;
#2689 = DESIGN_CONTEXT ( 'detailed design', #2786, 'design' ) ;
#2690 = VECTOR ( 'NONE', #4087, 1000.000000000000000 ) ;
#2691 = CARTESIAN_POINT ( 'NONE',  ( -1.499999999999999778, 0.0000000000000000000, -0.6250000000000000000 ) ) ;
#2692 = ADVANCED_FACE ( 'NONE', ( #894 ), #1931, .T. ) ;
#2693 = LINE ( 'NONE', #1915, #3386 ) ;
#2694 = DIRECTION ( 'NONE',  ( 1.000000000000000000, 0.0000000000000000000, 0.0000000000000000000 ) ) ;
#2695 = VERTEX_POINT ( 'NONE', #2587 ) ;
#2696 = EDGE_CURVE ( 'NONE', #3880, #2298, #3319, .T. ) ;
#2697 = DIRECTION ( 'NONE',  ( -0.0000000000000000000, 0.0000000000000000000, 1.000000000000000000 ) ) ;
#2698 = EDGE_CURVE ( 'NONE', #3880, #2105, #1149, .T. ) ;
#2699 = CARTESIAN_POINT ( 'NONE',  ( -0.6249999999999947820, 0.0000000000000000000, 1.500000000000001998 ) ) ;
#2700 = CARTESIAN_POINT ( 'NONE',  ( 1.499999999999999556, 0.0000000000000000000, 0.3950000000000000733 ) ) ;
#2701 = ADVANCED_FACE ( 'NONE', ( #639 ), #2610, .F. ) ;
#2702 = ORIENTED_EDGE ( 'NONE', *, *, #476, .F. ) ;
#2703 = CARTESIAN_POINT ( 'NONE',  ( -0.1150000000000157147, 0.2000000000000000111, -1.499999999999998446 ) ) ;
#2704 = PLANE ( 'NONE',  #394 ) ;
#2705 = EDGE_CURVE ( 'NONE', #2911, #3109, #280, .T. ) ;
#2706 = VERTEX_POINT ( 'NONE', #3196 ) ;
#2707 = ORIENTED_EDGE ( 'NONE', *, *, #102, .F. ) ;
#2708 = DIRECTION ( 'NONE',  ( 1.000000000000000000, -0.0000000000000000000, 7.592011060113659166E-16 ) ) ;
#2709 = DATE_AND_TIME ( #422, #1277 ) ;
#2710 = DIRECTION ( 'NONE',  ( 0.0000000000000000000, -1.000000000000000000, 0.0000000000000000000 ) ) ;
#2711 = ORIENTED_EDGE ( 'NONE', *, *, #3041, .T. ) ;
#2712 = CC_DESIGN_PERSON_AND_ORGANIZATION_ASSIGNMENT ( #223, #4106, ( #1606 ) ) ;
#2713 = FACE_OUTER_BOUND ( 'NONE', #4075, .T. ) ;
#2714 = DIRECTION ( 'NONE',  ( 0.0000000000000000000, 1.000000000000000000, 0.0000000000000000000 ) ) ;
#2715 = COORDINATED_UNIVERSAL_TIME_OFFSET ( 5, 30, .AHEAD. ) ;
#2716 = ORIENTED_EDGE ( 'NONE', *, *, #3372, .F. ) ;
#2717 = ORIENTED_EDGE ( 'NONE', *, *, #3976, .T. ) ;
#2718 = DIRECTION ( 'NONE',  ( -1.000000000000000000, 0.0000000000000000000, 0.0000000000000000000 ) ) ;
#2719 = VECTOR ( 'NONE', #2680, 1000.000000000000000 ) ;
#2720 = ORIENTED_EDGE ( 'NONE', *, *, #3952, .F. ) ;
#2721 = CARTESIAN_POINT ( 'NONE',  ( -1.499999999999999778, -0.0000000000000000000, -0.1150000000000000050 ) ) ;
#2722 = ADVANCED_FACE ( 'NONE', ( #693 ), #4162, .F. ) ;
#2723 = VECTOR ( 'NONE', #534, 1000.000000000000000 ) ;
#2724 = CARTESIAN_POINT ( 'NONE',  ( 1.499999999999999778, 0.2000000000000000111, -0.3950000000000000733 ) ) ;
#2725 = ORIENTED_EDGE ( 'NONE', *, *, #2537, .F. ) ;
#2726 = CARTESIAN_POINT ( 'NONE',  ( -0.9342869680558283374, 0.05000000000000000278, -1.089999999999993197 ) ) ;
#2727 = VECTOR ( 'NONE', #3479, 1000.000000000000000 ) ;
#2728 = VERTEX_POINT ( 'NONE', #1948 ) ;
#2729 = CARTESIAN_POINT ( 'NONE',  ( -0.7250000000000003109, 0.0000000000000000000, 0.7250000000000000888 ) ) ;
#2730 =( NAMED_UNIT ( * ) SI_UNIT ( $, .STERADIAN. ) SOLID_ANGLE_UNIT ( ) );
#2731 = EDGE_CURVE ( 'NONE', #2013, #3551, #2364, .T. ) ;
#2732 = VECTOR ( 'NONE', #2156, 1000.000000000000000 ) ;
#2733 = ORIENTED_EDGE ( 'NONE', *, *, #1850, .F. ) ;
#2734 = DIRECTION ( 'NONE',  ( -0.0000000000000000000, 1.000000000000000000, -0.0000000000000000000 ) ) ;
#2735 = AXIS2_PLACEMENT_3D ( 'NONE', #1891, #2510, #1506 ) ;
#2736 = ORIENTED_EDGE ( 'NONE', *, *, #1133, .T. ) ;
#2737 = CIRCLE ( 'NONE', #2810, 0.1750000000000000167 ) ;
#2738 = PLANE ( 'NONE',  #3562 ) ;
#2739 = DIRECTION ( 'NONE',  ( 0.0000000000000000000, -1.000000000000000000, 0.0000000000000000000 ) ) ;
#2740 = DIRECTION ( 'NONE',  ( 0.0000000000000000000, -0.0000000000000000000, 1.000000000000000000 ) ) ;
#2741 = LINE ( 'NONE', #1605, #1011 ) ;
#2742 = ORIENTED_EDGE ( 'NONE', *, *, #2047, .T. ) ;
#2743 = VECTOR ( 'NONE', #2136, 1000.000000000000000 ) ;
#2744 = PERSON_AND_ORGANIZATION_ROLE ( 'classification_officer' ) ;
#2745 = VERTEX_POINT ( 'NONE', #3539 ) ;
#2746 = LINE ( 'NONE', #4190, #2235 ) ;
#2747 = DIRECTION ( 'NONE',  ( -0.0000000000000000000, -1.000000000000000000, -0.0000000000000000000 ) ) ;
#2748 = LINE ( 'NONE', #1392, #3652 ) ;
#2749 = VERTEX_POINT ( 'NONE', #1585 ) ;
#2750 = DIRECTION ( 'NONE',  ( -3.491481338843133355E-15, 0.0000000000000000000, -1.000000000000000000 ) ) ;
#2751 = CARTESIAN_POINT ( 'NONE',  ( 0.6250000000000053291, 0.0000000000000000000, 1.499999999999997558 ) ) ;
#2752 = EDGE_CURVE ( 'NONE', #3885, #1699, #1701, .T. ) ;
#2753 = DIRECTION ( 'NONE',  ( 1.000000000000000000, 0.0000000000000000000, -1.047444401652940007E-14 ) ) ;
#2754 = PERSON_AND_ORGANIZATION_ROLE ( 'design_owner' ) ;
#2755 = PRODUCT_DEFINITION_SHAPE ( 'NONE', 'NONE',  #112 ) ;
#2756 = AXIS2_PLACEMENT_3D ( 'NONE', #2673, #3641, #2935 ) ;
#2757 = EDGE_LOOP ( 'NONE', ( #3100, #3578, #1325, #1682 ) ) ;
#2758 = VERTEX_POINT ( 'NONE', #3892 ) ;
#2759 = EDGE_CURVE ( 'NONE', #1037, #4111, #3220, .T. ) ;
#2760 = VERTEX_POINT ( 'NONE', #1022 ) ;
#2761 = VERTEX_POINT ( 'NONE', #711 ) ;
#2762 = AXIS2_PLACEMENT_3D ( 'NONE', #2667, #726, #1692 ) ;
#2763 = LINE ( 'NONE', #1041, #2350 ) ;
#2764 = ADVANCED_FACE ( 'NONE', ( #1901 ), #1006, .F. ) ;
#2765 = CARTESIAN_POINT ( 'NONE',  ( 1.089999999999999636, 0.2000000000000000111, 0.6250000000000000000 ) ) ;
#2766 = CARTESIAN_POINT ( 'NONE',  ( 0.0000000000000000000, 0.0000000000000000000, 0.0000000000000000000 ) ) ;
#2767 = LINE ( 'NONE', #1264, #3080 ) ;
#2768 = ORIENTED_EDGE ( 'NONE', *, *, #3446, .T. ) ;
#2769 = VECTOR ( 'NONE', #2532, 1000.000000000000000 ) ;
#2770 = CC_DESIGN_PERSON_AND_ORGANIZATION_ASSIGNMENT ( #4125, #2754, ( #3312 ) ) ;
#2771 = VERTEX_POINT ( 'NONE', #3275 ) ;
#2772 = LINE ( 'NONE', #188, #1145 ) ;
#2773 = CARTESIAN_POINT ( 'NONE',  ( 0.6250000000000037748, 0.2000000000000000111, 1.089999999999997637 ) ) ;
#2774 = ORIENTED_EDGE ( 'NONE', *, *, #3451, .F. ) ;
#2775 = CARTESIAN_POINT ( 'NONE',  ( -0.6249999999999947820, 0.2000000000000000111, 1.500000000000001998 ) ) ;
#2776 = VECTOR ( 'NONE', #3605, 1000.000000000000000 ) ;
#2777 = DIRECTION ( 'NONE',  ( -1.000000000000000000, 0.0000000000000000000, 0.0000000000000000000 ) ) ;
#2778 = ORIENTED_EDGE ( 'NONE', *, *, #3420, .T. ) ;
#2779 = DIRECTION ( 'NONE',  ( -1.044536239345790961E-14, 0.0000000000000000000, -1.000000000000000000 ) ) ;
#2780 = CARTESIAN_POINT ( 'NONE',  ( 1.499999999999999778, -0.4701063709417307446, -0.6250000000000000000 ) ) ;
#2781 = LINE ( 'NONE', #238, #1058 ) ;
#2782 = EDGE_CURVE ( 'NONE', #371, #1336, #35, .T. ) ;
#2783 = VECTOR ( 'NONE', #2409, 1000.000000000000000 ) ;
#2784 = ORIENTED_EDGE ( 'NONE', *, *, #2237, .F. ) ;
#2785 = VECTOR ( 'NONE', #1183, 1000.000000000000000 ) ;
#2786 = APPLICATION_CONTEXT ( 'configuration controlled 3d designs of mechanical parts and assemblies' ) ;
#2787 = AXIS2_PLACEMENT_3D ( 'NONE', #4020, #1739, #418 ) ;
#2788 = LINE ( 'NONE', #1257, #2027 ) ;
#2789 = CARTESIAN_POINT ( 'NONE',  ( -0.6249999999999962252, 0.2000000000000000111, 1.090000000000002078 ) ) ;
#2790 = VECTOR ( 'NONE', #1432, 1000.000000000000000 ) ;
#2791 = EDGE_CURVE ( 'NONE', #4060, #2217, #2161, .T. ) ;
#2792 = DIRECTION ( 'NONE',  ( 1.000000000000000000, 0.0000000000000000000, -1.131341397376178602E-14 ) ) ;
#2793 = AXIS2_PLACEMENT_3D ( 'NONE', #4054, #2428, #1456 ) ;
#2794 = VECTOR ( 'NONE', #2649, 1000.000000000000000 ) ;
#2795 = ADVANCED_BREP_SHAPE_REPRESENTATION ( 'XLF-861+', ( #3793, #3274, #3490, #3984, #530, #216, #849, #345, #1404, #2346, #2295, #3404, #399, #3655 ), #235 ) ;
#2796 = VERTEX_POINT ( 'NONE', #61 ) ;
#2797 = CARTESIAN_POINT ( 'NONE',  ( 1.499999999999999778, 0.2000000000000000111, 0.1150000000000000050 ) ) ;
#2798 = CARTESIAN_POINT ( 'NONE',  ( -1.089999999999999858, 0.2000000000000000111, 0.3950000000000000733 ) ) ;
#2799 = DIRECTION ( 'NONE',  ( -0.0000000000000000000, 1.000000000000000000, -0.0000000000000000000 ) ) ;
#2800 = ORIENTED_EDGE ( 'NONE', *, *, #521, .T. ) ;
#2801 = VERTEX_POINT ( 'NONE', #1663 ) ;
#2802 = CARTESIAN_POINT ( 'NONE',  ( 1.499999999999999778, 0.0000000000000000000, 0.1150000000000000050 ) ) ;
#2803 = DIRECTION ( 'NONE',  ( 0.0000000000000000000, -0.0000000000000000000, -1.000000000000000000 ) ) ;
#2804 = VERTEX_POINT ( 'NONE', #1994 ) ;
#2805 = EDGE_CURVE ( 'NONE', #4160, #349, #190, .T. ) ;
#2806 = VERTEX_POINT ( 'NONE', #1304 ) ;
#2807 = EDGE_CURVE ( 'NONE', #1886, #2299, #1239, .T. ) ;
#2808 = DIRECTION ( 'NONE',  ( -1.044536239345790961E-14, 0.0000000000000000000, -1.000000000000000000 ) ) ;
#2809 = CALENDAR_DATE ( 2021, 3, 4 ) ;
#2810 = AXIS2_PLACEMENT_3D ( 'NONE', #3392, #868, #2485 ) ;
#2811 = ORIENTED_EDGE ( 'NONE', *, *, #689, .F. ) ;
#2812 = CARTESIAN_POINT ( 'NONE',  ( 1.499999999999999556, 0.2000000000000000111, 0.3950000000000000733 ) ) ;
#2813 = FACE_OUTER_BOUND ( 'NONE', #3538, .T. ) ;
#2814 = EDGE_CURVE ( 'NONE', #2706, #1372, #1388, .T. ) ;
#2815 = DIRECTION ( 'NONE',  ( 1.000000000000000000, 0.0000000000000000000, -3.771137991253928672E-15 ) ) ;
#2816 = DATE_AND_TIME ( #1937, #129 ) ;
#2817 = ORIENTED_EDGE ( 'NONE', *, *, #220, .T. ) ;
#2818 = VECTOR ( 'NONE', #2341, 1000.000000000000000 ) ;
#2819 = CARTESIAN_POINT ( 'NONE',  ( 0.1150000000000038075, 0.2000000000000000111, 1.089999999999999414 ) ) ;
#2820 = ADVANCED_FACE ( 'NONE', ( #488 ), #2970, .F. ) ;
#2821 = ORIENTED_EDGE ( 'NONE', *, *, #1873, .T. ) ;
#2822 = FACE_OUTER_BOUND ( 'NONE', #2152, .T. ) ;
#2823 = CC_DESIGN_DATE_AND_TIME_ASSIGNMENT ( #3357, #3126, ( #3902 ) ) ;
#2824 = DIRECTION ( 'NONE',  ( 1.000000000000000000, 0.0000000000000000000, 0.0000000000000000000 ) ) ;
#2825 = PLANE ( 'NONE',  #1659 ) ;
#2826 = ORIENTED_EDGE ( 'NONE', *, *, #3156, .F. ) ;
#2827 = ADVANCED_FACE ( 'NONE', ( #4035 ), #29, .F. ) ;
#2828 = DIRECTION ( 'NONE',  ( 0.0000000000000000000, -1.000000000000000000, 0.0000000000000000000 ) ) ;
#2829 = VECTOR ( 'NONE', #2430, 1000.000000000000000 ) ;
#2830 = ORIENTED_EDGE ( 'NONE', *, *, #1927, .F. ) ;
#2831 = CARTESIAN_POINT ( 'NONE',  ( 0.3950000000000052913, 0.2000000000000000111, 1.499999999999998446 ) ) ;
#2832 = ORIENTED_EDGE ( 'NONE', *, *, #501, .T. ) ;
#2833 = CARTESIAN_POINT ( 'NONE',  ( 1.089999999999999858, 0.2000000000000000111, -0.1150000000000000050 ) ) ;
#2834 = LINE ( 'NONE', #2293, #3329 ) ;
#2835 = ORIENTED_EDGE ( 'NONE', *, *, #3947, .T. ) ;
#2836 = EDGE_CURVE ( 'NONE', #2749, #2163, #2520, .T. ) ;
#2837 = LINE ( 'NONE', #817, #2785 ) ;
#2838 = CARTESIAN_POINT ( 'NONE',  ( 0.6250000000000038858, 0.0000000000000000000, 1.089999999999997637 ) ) ;
#2839 = DIRECTION ( 'NONE',  ( -1.000000000000000000, 0.0000000000000000000, 1.057758217059028785E-14 ) ) ;
#2840 = LINE ( 'NONE', #3593, #1 ) ;
#2841 = MECHANICAL_CONTEXT ( 'NONE', #2079, 'mechanical' ) ;
#2842 = EDGE_CURVE ( 'NONE', #3432, #1964, #3170, .T. ) ;
#2843 = CARTESIAN_POINT ( 'NONE',  ( -0.1149999999999947731, 0.2000000000000000111, 1.500000000000000222 ) ) ;
#2844 = EDGE_LOOP ( 'NONE', ( #3586, #1861, #1683, #3664 ) ) ;
#2845 = ADVANCED_FACE ( 'NONE', ( #3020 ), #1982, .F. ) ;
#2846 = CARTESIAN_POINT ( 'NONE',  ( 0.6249999999999886757, -0.4701063709417307446, -1.090000000000006297 ) ) ;
#2847 = VECTOR ( 'NONE', #3313, 1000.000000000000000 ) ;
#2848 = EDGE_LOOP ( 'NONE', ( #132, #407, #1958, #2576 ) ) ;
#2849 = FACE_OUTER_BOUND ( 'NONE', #3300, .T. ) ;
#2850 = CARTESIAN_POINT ( 'NONE',  ( -0.1150000000000114125, 0.2000000000000000111, -1.089999999999998526 ) ) ;
#2851 = VECTOR ( 'NONE', #3146, 1000.000000000000000 ) ;
#2852 = PRODUCT_DEFINITION_FORMATION_WITH_SPECIFIED_SOURCE ( 'ANY', '', #3312, .NOT_KNOWN. ) ;
#2853 = DIRECTION ( 'NONE',  ( 0.0000000000000000000, -1.000000000000000000, 0.0000000000000000000 ) ) ;
#2854 = ORIENTED_EDGE ( 'NONE', *, *, #657, .F. ) ;
#2855 = CARTESIAN_POINT ( 'NONE',  ( -1.244903562631567429, -0.0000000000000000000, -1.400616594575732288 ) ) ;
#2856 = PLANE ( 'NONE',  #3097 ) ;
#2857 = VERTEX_POINT ( 'NONE', #2335 ) ;
#2858 = VERTEX_POINT ( 'NONE', #2942 ) ;
#2859 = ORIENTED_EDGE ( 'NONE', *, *, #433, .T. ) ;
#2860 = ORIENTED_EDGE ( 'NONE', *, *, #2460, .F. ) ;
#2861 = CARTESIAN_POINT ( 'NONE',  ( 1.089999999999999858, 0.2000000000000000111, -0.6250000000000000000 ) ) ;
#2862 = ORIENTED_EDGE ( 'NONE', *, *, #449, .F. ) ;
#2863 = LINE ( 'NONE', #2687, #3863 ) ;
#2864 = DIRECTION ( 'NONE',  ( -1.000000000000000000, 0.0000000000000000000, -7.592011060113653249E-16 ) ) ;
#2865 = VERTEX_POINT ( 'NONE', #46 ) ;
#2866 = DIRECTION ( 'NONE',  ( -0.0000000000000000000, -1.000000000000000000, -0.0000000000000000000 ) ) ;
#2867 = DIRECTION ( 'NONE',  ( 1.000000000000000000, 0.0000000000000000000, 7.592011060113653249E-16 ) ) ;
#2868 = AXIS2_PLACEMENT_3D ( 'NONE', #3776, #2839, #3790 ) ;
#2869 = CYLINDRICAL_SURFACE ( 'NONE', #1114, 0.02500000000000006384 ) ;
#2870 = VERTEX_POINT ( 'NONE', #675 ) ;
#2871 = VERTEX_POINT ( 'NONE', #3964 ) ;
#2872 = CARTESIAN_POINT ( 'NONE',  ( -1.499999999999999556, 0.0000000000000000000, 1.500000000000000222 ) ) ;
#2873 = FACE_OUTER_BOUND ( 'NONE', #1501, .T. ) ;
#2874 = CARTESIAN_POINT ( 'NONE',  ( 0.6249999999999886757, 0.0000000000000000000, -1.090000000000006297 ) ) ;
#2875 = AXIS2_PLACEMENT_3D ( 'NONE', #2359, #1989, #2007 ) ;
#2876 = ORIENTED_EDGE ( 'NONE', *, *, #2151, .T. ) ;
#2877 = CARTESIAN_POINT ( 'NONE',  ( -0.9999999999999995559, 0.8400000000000000799, -0.8249999999999999556 ) ) ;
#2878 = FACE_OUTER_BOUND ( 'NONE', #3769, .T. ) ;
#2879 = ORIENTED_EDGE ( 'NONE', *, *, #1616, .T. ) ;
#2880 = LINE ( 'NONE', #3681, #3581 ) ;
#2881 = VERTEX_POINT ( 'NONE', #2304 ) ;
#2882 = ORIENTED_EDGE ( 'NONE', *, *, #3343, .F. ) ;
#2883 = DIRECTION ( 'NONE',  ( -1.000000000000000000, 0.0000000000000000000, -0.0000000000000000000 ) ) ;
#2884 = ADVANCED_FACE ( 'NONE', ( #381 ), #2682, .T. ) ;
#2885 = LINE ( 'NONE', #3053, #3696 ) ;
#2886 = EDGE_LOOP ( 'NONE', ( #1519, #451, #1533, #3778 ) ) ;
#2887 = VECTOR ( 'NONE', #3851, 1000.000000000000000 ) ;
#2888 = DIRECTION ( 'NONE',  ( 1.000000000000000000, -0.0000000000000000000, 0.0000000000000000000 ) ) ;
#2889 = EDGE_CURVE ( 'NONE', #2000, #3746, #1645, .T. ) ;
#2890 = FACE_OUTER_BOUND ( 'NONE', #1345, .T. ) ;
#2891 = DIRECTION ( 'NONE',  ( 0.0000000000000000000, 0.0000000000000000000, -1.000000000000000000 ) ) ;
#2892 = AXIS2_PLACEMENT_3D ( 'NONE', #3437, #523, #2753 ) ;
#2893 = CARTESIAN_POINT ( 'NONE',  ( -0.3949999999999961875, -0.4701063709417307446, 1.090000000000001190 ) ) ;
#2894 = VECTOR ( 'NONE', #2624, 1000.000000000000000 ) ;
#2895 = EDGE_CURVE ( 'NONE', #2163, #1843, #2577, .T. ) ;
#2896 = AXIS2_PLACEMENT_3D ( 'NONE', #710, #2010, #387 ) ;
#2897 = VERTEX_POINT ( 'NONE', #3346 ) ;
#2898 = VECTOR ( 'NONE', #1464, 1000.000000000000000 ) ;
#2899 = CARTESIAN_POINT ( 'NONE',  ( 0.3949999999999886380, 0.2000000000000000111, -1.090000000000003633 ) ) ;
#2900 = DIRECTION ( 'NONE',  ( -1.000000000000000000, 0.0000000000000000000, 3.491481338843133355E-15 ) ) ;
#2901 = ORIENTED_EDGE ( 'NONE', *, *, #408, .T. ) ;
#2902 = DIRECTION ( 'NONE',  ( -0.0000000000000000000, 0.0000000000000000000, 1.000000000000000000 ) ) ;
#2903 = ORIENTED_EDGE ( 'NONE', *, *, #1738, .T. ) ;
#2904 = DIRECTION ( 'NONE',  ( -1.000000000000000000, -0.0000000000000000000, -0.0000000000000000000 ) ) ;
#2905 = PLANE ( 'NONE',  #3395 ) ;
#2906 = ORIENTED_EDGE ( 'NONE', *, *, #1188, .F. ) ;
#2907 = VECTOR ( 'NONE', #2035, 1000.000000000000000 ) ;
#2908 = PLANE ( 'NONE',  #1769 ) ;
#2909 = EDGE_CURVE ( 'NONE', #1033, #2367, #3369, .T. ) ;
#2910 = EDGE_CURVE ( 'NONE', #2207, #1926, #802, .T. ) ;
#2911 = VERTEX_POINT ( 'NONE', #2421 ) ;
#2912 = VECTOR ( 'NONE', #457, 1000.000000000000000 ) ;
#2913 = DIRECTION ( 'NONE',  ( 0.0000000000000000000, 0.0000000000000000000, 1.000000000000000000 ) ) ;
#2914 = APPROVAL_DATE_TIME ( #3252, #1028 ) ;
#2915 = ORIENTED_EDGE ( 'NONE', *, *, #297, .T. ) ;
#2916 = DIRECTION ( 'NONE',  ( 0.0000000000000000000, -1.000000000000000000, 0.0000000000000000000 ) ) ;
#2917 = LINE ( 'NONE', #383, #585 ) ;
#2918 = EDGE_CURVE ( 'NONE', #1726, #2585, #88, .T. ) ;
#2919 = ORIENTED_EDGE ( 'NONE', *, *, #3254, .T. ) ;
#2920 = UNCERTAINTY_MEASURE_WITH_UNIT (LENGTH_MEASURE( 1.000000000000000082E-05 ), #455, 'distance_accuracy_value', 'NONE');
#2921 = DIRECTION ( 'NONE',  ( -1.131341397376178917E-14, 0.0000000000000000000, -1.000000000000000000 ) ) ;
#2922 = ADVANCED_FACE ( 'NONE', ( #1805 ), #446, .F. ) ;
#2923 = EDGE_LOOP ( 'NONE', ( #386, #3158, #3348, #3813 ) ) ;
#2924 = CARTESIAN_POINT ( 'NONE',  ( -0.7250000000000000888, 0.05000000000000000278, -0.7249999999999998668 ) ) ;
#2925 = LINE ( 'NONE', #3678, #3425 ) ;
#2926 = AXIS2_PLACEMENT_3D ( 'NONE', #2562, #1013, #920 ) ;
#2927 = ORIENTED_EDGE ( 'NONE', *, *, #3997, .F. ) ;
#2928 = ORIENTED_EDGE ( 'NONE', *, *, #2021, .T. ) ;
#2929 = CARTESIAN_POINT ( 'NONE',  ( -1.499999999999999556, 0.8900000000000000133, 1.500000000000000222 ) ) ;
#2930 = LINE ( 'NONE', #3779, #898 ) ;
#2931 = ORIENTED_EDGE ( 'NONE', *, *, #3611, .F. ) ;
#2932 = CARTESIAN_POINT ( 'NONE',  ( -1.499999999999999778, 0.2000000000000000111, 0.1150000000000000050 ) ) ;
#2933 = LINE ( 'NONE', #3018, #288 ) ;
#2934 = VECTOR ( 'NONE', #1034, 1000.000000000000000 ) ;
#2935 = DIRECTION ( 'NONE',  ( -1.000000000000000000, 0.0000000000000000000, -0.0000000000000000000 ) ) ;
#2936 = VECTOR ( 'NONE', #1957, 1000.000000000000000 ) ;
#2937 = DIRECTION ( 'NONE',  ( 1.000000000000000000, 0.0000000000000000000, -1.131341397376178759E-14 ) ) ;
#2938 = DIRECTION ( 'NONE',  ( -0.0000000000000000000, 1.000000000000000000, -0.0000000000000000000 ) ) ;
#2939 = EDGE_CURVE ( 'NONE', #3636, #2881, #3932, .T. ) ;
#2940 = ADVANCED_FACE ( 'NONE', ( #2213 ), #3012, .T. ) ;
#2941 = VECTOR ( 'NONE', #915, 1000.000000000000000 ) ;
#2942 = CARTESIAN_POINT ( 'NONE',  ( -0.1150000000000157147, 0.2000000000000000111, -1.499999999999998446 ) ) ;
#2943 = CARTESIAN_POINT ( 'NONE',  ( -0.1150000000000114125, 0.0000000000000000000, -1.089999999999998526 ) ) ;
#2944 = EDGE_CURVE ( 'NONE', #2796, #2871, #943, .T. ) ;
#2945 = EDGE_LOOP ( 'NONE', ( #121, #762, #294, #571 ) ) ;
#2946 = CARTESIAN_POINT ( 'NONE',  ( 0.3949999999999886380, 0.0000000000000000000, -1.090000000000003633 ) ) ;
#2947 = CARTESIAN_POINT ( 'NONE',  ( 1.499999999999999778, 0.0000000000000000000, -0.3950000000000000733 ) ) ;
#2948 = ADVANCED_FACE ( 'NONE', ( #2878 ), #3358, .F. ) ;
#2949 = CLOSED_SHELL ( 'NONE', ( #1346, #3090, #3134, #3962, #2589, #1213 ) ) ;
#2950 = DIRECTION ( 'NONE',  ( -0.0000000000000000000, 1.000000000000000000, -0.0000000000000000000 ) ) ;
#2951 = ORIENTED_EDGE ( 'NONE', *, *, #754, .F. ) ;
#2952 = PLANE ( 'NONE',  #2131 ) ;
#2953 = ORIENTED_EDGE ( 'NONE', *, *, #2759, .F. ) ;
#2954 = DIRECTION ( 'NONE',  ( 0.0000000000000000000, -1.000000000000000000, 0.0000000000000000000 ) ) ;
#2955 = LOCAL_TIME ( 13, 20, 40.00000000000000000, #3814 ) ;
#2956 = DIRECTION ( 'NONE',  ( -3.491481338843133355E-15, 0.0000000000000000000, -1.000000000000000000 ) ) ;
#2957 = ADVANCED_FACE ( 'NONE', ( #594 ), #4006, .F. ) ;
#2958 = EDGE_LOOP ( 'NONE', ( #3954, #2681, #589, #3067, #540, #3049, #4185, #3740, #1349, #3810, #1377, #4016, #798, #1565, #671, #1378 ) ) ;
#2959 = CARTESIAN_POINT ( 'NONE',  ( -1.499999999999999778, -0.0000000000000000000, -0.1150000000000000050 ) ) ;
#2960 = LINE ( 'NONE', #1045, #2818 ) ;
#2961 = CARTESIAN_POINT ( 'NONE',  ( -0.9342869680558283374, 0.05000000000000000278, -1.114999999999993330 ) ) ;
#2962 = EDGE_CURVE ( 'NONE', #240, #1534, #2969, .T. ) ;
#2963 = VERTEX_POINT ( 'NONE', #2393 ) ;
#2964 = CARTESIAN_POINT ( 'NONE',  ( -0.7250000000000000888, 0.05000000000000000278, -0.7249999999999998668 ) ) ;
#2965 = LINE ( 'NONE', #2861, #2106 ) ;
#2966 = ORIENTED_EDGE ( 'NONE', *, *, #3653, .T. ) ;
#2967 = EDGE_CURVE ( 'NONE', #2144, #2547, #3114, .T. ) ;
#2968 = ADVANCED_FACE ( 'NONE', ( #2066 ), #770, .F. ) ;
#2969 = LINE ( 'NONE', #415, #2011 ) ;
#2970 = PLANE ( 'NONE',  #3712 ) ;
#2971 = CARTESIAN_POINT ( 'NONE',  ( -0.1149999999999961886, -0.4701063709417307446, 1.090000000000000302 ) ) ;
#2972 = ORIENTED_EDGE ( 'NONE', *, *, #1820, .F. ) ;
#2973 = CARTESIAN_POINT ( 'NONE',  ( 1.089999999999999636, 0.0000000000000000000, 0.6250000000000000000 ) ) ;
#2974 = FACE_OUTER_BOUND ( 'NONE', #1391, .T. ) ;
#2975 = ORIENTED_EDGE ( 'NONE', *, *, #3918, .F. ) ;
#2976 = PLANE ( 'NONE',  #3629 ) ;
#2977 = VERTEX_POINT ( 'NONE', #2724 ) ;
#2978 = AXIS2_PLACEMENT_3D ( 'NONE', #245, #1858, #215 ) ;
#2979 = VECTOR ( 'NONE', #3461, 1000.000000000000000 ) ;
#2980 = EDGE_LOOP ( 'NONE', ( #1441, #820, #1429, #3030 ) ) ;
#2981 = DIRECTION ( 'NONE',  ( -0.0000000000000000000, 1.000000000000000000, -0.0000000000000000000 ) ) ;
#2982 = ADVANCED_FACE ( 'NONE', ( #1696 ), #2057, .F. ) ;
#2983 = VECTOR ( 'NONE', #869, 1000.000000000000000 ) ;
#2984 = DIRECTION ( 'NONE',  ( 0.0000000000000000000, 0.0000000000000000000, 1.000000000000000000 ) ) ;
#2985 = ORIENTED_EDGE ( 'NONE', *, *, #2075, .F. ) ;
#2986 = DIRECTION ( 'NONE',  ( -1.000000000000000000, -0.0000000000000000000, -0.0000000000000000000 ) ) ;
#2987 = CARTESIAN_POINT ( 'NONE',  ( -0.6250000000000157652, 0.2000000000000000111, -1.499999999999993117 ) ) ;
#2988 = VECTOR ( 'NONE', #3650, 1000.000000000000000 ) ;
#2989 = DIRECTION ( 'NONE',  ( 0.0000000000000000000, -1.000000000000000000, -0.0000000000000000000 ) ) ;
#2990 = PLANE ( 'NONE',  #4055 ) ;
#2991 = VECTOR ( 'NONE', #27, 1000.000000000000000 ) ;
#2992 = DIRECTION ( 'NONE',  ( 1.000000000000000000, 0.0000000000000000000, -0.0000000000000000000 ) ) ;
#2993 = ORIENTED_EDGE ( 'NONE', *, *, #987, .T. ) ;
#2994 = CARTESIAN_POINT ( 'NONE',  ( 1.499999999999999556, 0.0000000000000000000, 0.6250000000000000000 ) ) ;
#2995 = CARTESIAN_POINT ( 'NONE',  ( -0.6249999999999947820, -0.4701063709417307446, 1.500000000000001998 ) ) ;
#2996 = AXIS2_PLACEMENT_3D ( 'NONE', #1234, #3815, #3855 ) ;
#2997 = ORIENTED_EDGE ( 'NONE', *, *, #904, .T. ) ;
#2998 = ORIENTED_EDGE ( 'NONE', *, *, #579, .F. ) ;
#2999 = PLANE ( 'NONE',  #3736 ) ;
#3000 = EDGE_CURVE ( 'NONE', #1694, #1690, #996, .T. ) ;
#3001 = ADVANCED_FACE ( 'NONE', ( #940 ), #2085, .F. ) ;
#3002 = ORIENTED_EDGE ( 'NONE', *, *, #3366, .T. ) ;
#3003 = CC_DESIGN_PERSON_AND_ORGANIZATION_ASSIGNMENT ( #3871, #2744, ( #816 ) ) ;
#3004 = PLANE ( 'NONE',  #333 ) ;
#3005 = CARTESIAN_POINT ( 'NONE',  ( -0.7250000000000000888, -0.0000000000000000000, -0.7249999999999998668 ) ) ;
#3006 = ORIENTED_EDGE ( 'NONE', *, *, #360, .T. ) ;
#3007 = LINE ( 'NONE', #1869, #837 ) ;
#3008 = ORIENTED_EDGE ( 'NONE', *, *, #803, .T. ) ;
#3009 = CIRCLE ( 'NONE', #3208, 0.02500000000000006384 ) ;
#3010 = EDGE_LOOP ( 'NONE', ( #2502, #8, #1437, #2347 ) ) ;
#3011 = CALENDAR_DATE ( 2021, 3, 4 ) ;
#3012 = PLANE ( 'NONE',  #1575 ) ;
#3013 = CARTESIAN_POINT ( 'NONE',  ( 0.3950000000000038480, 0.0000000000000000000, 1.089999999999998526 ) ) ;
#3014 = ORIENTED_EDGE ( 'NONE', *, *, #2402, .T. ) ;
#3015 = LINE ( 'NONE', #3547, #3874 ) ;
#3016 = CARTESIAN_POINT ( 'NONE',  ( 1.089999999999999636, 0.0000000000000000000, 0.3950000000000000733 ) ) ;
#3017 = EDGE_LOOP ( 'NONE', ( #1687, #923, #815, #1560 ) ) ;
#3018 = CARTESIAN_POINT ( 'NONE',  ( -1.499999999999999556, 0.8900000000000000133, 1.500000000000000222 ) ) ;
#3019 = DIRECTION ( 'NONE',  ( -0.0000000000000000000, 1.000000000000000000, -0.0000000000000000000 ) ) ;
#3020 = FACE_OUTER_BOUND ( 'NONE', #1279, .T. ) ;
#3021 = EDGE_CURVE ( 'NONE', #1549, #263, #688, .T. ) ;
#3022 = EDGE_CURVE ( 'NONE', #3475, #2157, #2772, .T. ) ;
#3023 = ORIENTED_EDGE ( 'NONE', *, *, #2918, .F. ) ;
#3024 = CARTESIAN_POINT ( 'NONE',  ( 1.089999999999999858, 0.2000000000000000111, -0.6250000000000000000 ) ) ;
#3025 = LINE ( 'NONE', #1518, #2727 ) ;
#3026 = ORIENTED_EDGE ( 'NONE', *, *, #3318, .T. ) ;
#3027 = VERTEX_POINT ( 'NONE', #1831 ) ;
#3028 = DIRECTION ( 'NONE',  ( -1.057758217059028785E-14, 0.0000000000000000000, -1.000000000000000000 ) ) ;
#3029 = LINE ( 'NONE', #1571, #2074 ) ;
#3030 = ORIENTED_EDGE ( 'NONE', *, *, #969, .T. ) ;
#3031 = LINE ( 'NONE', #1307, #2173 ) ;
#3032 = CARTESIAN_POINT ( 'NONE',  ( 1.089999999999999636, 0.0000000000000000000, 0.6250000000000000000 ) ) ;
#3033 = LINE ( 'NONE', #1753, #1255 ) ;
#3034 = CARTESIAN_POINT ( 'NONE',  ( -0.9999999999999995559, 0.8400000000000000799, -1.000000000000000000 ) ) ;
#3035 = DIRECTION ( 'NONE',  ( 1.000000000000000000, 0.0000000000000000000, -1.047444401652940007E-14 ) ) ;
#3036 = CARTESIAN_POINT ( 'NONE',  ( 0.1149999999999885975, 0.2000000000000000111, -1.090000000000001190 ) ) ;
#3037 = FACE_OUTER_BOUND ( 'NONE', #1868, .T. ) ;
#3038 = DIRECTION ( 'NONE',  ( 0.0000000000000000000, 0.0000000000000000000, -1.000000000000000000 ) ) ;
#3039 = ORIENTED_EDGE ( 'NONE', *, *, #1904, .T. ) ;
#3040 = CIRCLE ( 'NONE', #3859, 0.02500000000000006384 ) ;
#3041 = EDGE_CURVE ( 'NONE', #517, #74, #1285, .T. ) ;
#3042 = EDGE_CURVE ( 'NONE', #2157, #195, #231, .T. ) ;
#3043 = PLANE ( 'NONE',  #1625 ) ;
#3044 = DATE_TIME_ROLE ( 'creation_date' ) ;
#3045 = EDGE_LOOP ( 'NONE', ( #1371, #3556, #4022, #1498, #3694, #2915, #2641, #2269 ) ) ;
#3046 = EDGE_CURVE ( 'NONE', #3511, #1591, #3576, .T. ) ;
#3047 = ORIENTED_EDGE ( 'NONE', *, *, #722, .T. ) ;
#3048 = CARTESIAN_POINT ( 'NONE',  ( -1.089999999999999858, 0.2000000000000000111, -0.6250000000000000000 ) ) ;
#3049 = ORIENTED_EDGE ( 'NONE', *, *, #4103, .F. ) ;
#3050 = CARTESIAN_POINT ( 'NONE',  ( 0.0000000000000000000, 0.2000000000000000111, 0.0000000000000000000 ) ) ;
#3051 = VERTEX_POINT ( 'NONE', #3091 ) ;
#3052 = CC_DESIGN_PERSON_AND_ORGANIZATION_ASSIGNMENT ( #531, #1117, ( #2852 ) ) ;
#3053 = CARTESIAN_POINT ( 'NONE',  ( 0.3949999999999843636, -0.4701063709417307446, -1.500000000000003775 ) ) ;
#3054 = ORGANIZATION ( 'UNSPECIFIED', 'UNSPECIFIED', '' ) ;
#3055 = ORIENTED_EDGE ( 'NONE', *, *, #110, .T. ) ;
#3056 = CARTESIAN_POINT ( 'NONE',  ( -0.3950000000000114531, 0.2000000000000000111, -1.089999999999995639 ) ) ;
#3057 = FACE_OUTER_BOUND ( 'NONE', #2958, .T. ) ;
#3058 = ORIENTED_EDGE ( 'NONE', *, *, #2889, .F. ) ;
#3059 = ORIENTED_EDGE ( 'NONE', *, *, #638, .T. ) ;
#3060 = VECTOR ( 'NONE', #4130, 1000.000000000000000 ) ;
#3061 = CARTESIAN_POINT ( 'NONE',  ( 1.089999999999999636, 0.2000000000000000111, 0.3950000000000000733 ) ) ;
#3062 = LINE ( 'NONE', #729, #1698 ) ;
#3063 = EDGE_CURVE ( 'NONE', #2298, #2857, #429, .T. ) ;
#3064 = ORIENTED_EDGE ( 'NONE', *, *, #2149, .F. ) ;
#3065 = DIRECTION ( 'NONE',  ( 0.0000000000000000000, 1.000000000000000000, 0.0000000000000000000 ) ) ;
#3066 = VECTOR ( 'NONE', #2708, 1000.000000000000000 ) ;
#3067 = ORIENTED_EDGE ( 'NONE', *, *, #3865, .T. ) ;
#3068 = CARTESIAN_POINT ( 'NONE',  ( -0.9999999999999995559, 0.8900000000000000133, -1.175000000000000044 ) ) ;
#3069 = CARTESIAN_POINT ( 'NONE',  ( 0.1150000000000052369, 0.0000000000000000000, 1.499999999999999334 ) ) ;
#3070 = EDGE_LOOP ( 'NONE', ( #4164, #3345, #2256, #1990 ) ) ;
#3071 = EDGE_CURVE ( 'NONE', #1534, #331, #3469, .T. ) ;
#3072 = FACE_OUTER_BOUND ( 'NONE', #3520, .T. ) ;
#3073 = CARTESIAN_POINT ( 'NONE',  ( -0.1150000000000157147, 0.2000000000000000111, -1.499999999999998446 ) ) ;
#3074 = ORIENTED_EDGE ( 'NONE', *, *, #3653, .F. ) ;
#3075 = VECTOR ( 'NONE', #2808, 1000.000000000000000 ) ;
#3076 = VERTEX_POINT ( 'NONE', #2765 ) ;
#3077 = DIRECTION ( 'NONE',  ( -1.000000000000000000, -0.0000000000000000000, -0.0000000000000000000 ) ) ;
#3078 = AXIS2_PLACEMENT_3D ( 'NONE', #1942, #3559, #3203 ) ;
#3079 = FACE_OUTER_BOUND ( 'NONE', #376, .T. ) ;
#3080 = VECTOR ( 'NONE', #1922, 1000.000000000000000 ) ;
#3081 = DIRECTION ( 'NONE',  ( 1.131341397376178602E-14, 0.0000000000000000000, 1.000000000000000000 ) ) ;
#3082 = LINE ( 'NONE', #2987, #2934 ) ;
#3083 =( NAMED_UNIT ( * ) PLANE_ANGLE_UNIT ( ) SI_UNIT ( $, .RADIAN. ) );
#3084 = DIRECTION ( 'NONE',  ( -1.000000000000000000, 0.0000000000000000000, 3.771137991253928672E-15 ) ) ;
#3085 = VECTOR ( 'NONE', #3505, 1000.000000000000000 ) ;
#3086 = LINE ( 'NONE', #1722, #4157 ) ;
#3087 = ORIENTED_EDGE ( 'NONE', *, *, #1550, .T. ) ;
#3088 = CARTESIAN_POINT ( 'NONE',  ( -0.9999999999999995559, 0.8400000000000000799, -1.000000000000000000 ) ) ;
#3089 = CARTESIAN_POINT ( 'NONE',  ( -0.1150000000000157147, -0.4701063709417307446, -1.499999999999998446 ) ) ;
#3090 = ADVANCED_FACE ( 'NONE', ( #2873 ), #2451, .F. ) ;
#3091 = CARTESIAN_POINT ( 'NONE',  ( -0.9999999999999995559, 0.8900000000000000133, -0.8249999999999999556 ) ) ;
#3092 = DIRECTION ( 'NONE',  ( -1.000000000000000000, 0.0000000000000000000, 0.0000000000000000000 ) ) ;
#3093 = VERTEX_POINT ( 'NONE', #4046 ) ;
#3094 = EDGE_CURVE ( 'NONE', #1249, #2070, #2622, .T. ) ;
#3095 = CARTESIAN_POINT ( 'NONE',  ( -1.089999999999999858, 0.2000000000000000111, 0.6250000000000000000 ) ) ;
#3096 = APPROVAL_STATUS ( 'not_yet_approved' ) ;
#3097 = AXIS2_PLACEMENT_3D ( 'NONE', #3197, #1237, #584 ) ;
#3098 = ORIENTED_EDGE ( 'NONE', *, *, #2294, .T. ) ;
#3099 = CARTESIAN_POINT ( 'NONE',  ( 0.0000000000000000000, 0.0000000000000000000, 0.0000000000000000000 ) ) ;
#3100 = ORIENTED_EDGE ( 'NONE', *, *, #93, .F. ) ;
#3101 = EDGE_CURVE ( 'NONE', #2113, #4195, #1849, .T. ) ;
#3102 = ORIENTED_EDGE ( 'NONE', *, *, #1188, .T. ) ;
#3103 = AXIS2_PLACEMENT_3D ( 'NONE', #1877, #4118, #2824 ) ;
#3104 = DIRECTION ( 'NONE',  ( 1.000000000000000000, 0.0000000000000000000, -3.771137991253928672E-15 ) ) ;
#3105 = VERTEX_POINT ( 'NONE', #3402 ) ;
#3106 = LINE ( 'NONE', #3353, #3212 ) ;
#3107 = PLANE ( 'NONE',  #3149 ) ;
#3108 = APPROVAL_DATE_TIME ( #2816, #2330 ) ;
#3109 = VERTEX_POINT ( 'NONE', #2819 ) ;
#3110 = CARTESIAN_POINT ( 'NONE',  ( 0.1150000000000052369, 0.2000000000000000111, 1.499999999999999334 ) ) ;
#3111 = VECTOR ( 'NONE', #2262, 1000.000000000000000 ) ;
#3112 = CARTESIAN_POINT ( 'NONE',  ( -1.499999999999999778, -0.4701063709417307446, -0.1150000000000000050 ) ) ;
#3113 = VERTEX_POINT ( 'NONE', #2802 ) ;
#3114 = LINE ( 'NONE', #2365, #2211 ) ;
#3115 = LINE ( 'NONE', #3291, #2414 ) ;
#3116 = VERTEX_POINT ( 'NONE', #3117 ) ;
#3117 = CARTESIAN_POINT ( 'NONE',  ( -1.089999999999999858, 0.2000000000000000111, -0.1150000000000000050 ) ) ;
#3118 = EDGE_CURVE ( 'NONE', #975, #3305, #2517, .T. ) ;
#3119 = FACE_OUTER_BOUND ( 'NONE', #217, .T. ) ;
#3120 = EDGE_CURVE ( 'NONE', #3891, #2871, #1187, .T. ) ;
#3121 = ORIENTED_EDGE ( 'NONE', *, *, #2137, .T. ) ;
#3122 = VECTOR ( 'NONE', #3762, 1000.000000000000000 ) ;
#3123 = CARTESIAN_POINT ( 'NONE',  ( -0.1149999999999947731, 0.0000000000000000000, 1.500000000000000222 ) ) ;
#3124 = CARTESIAN_POINT ( 'NONE',  ( 1.499999999999999556, 0.0000000000000000000, 0.6250000000000000000 ) ) ;
#3125 = ORIENTED_EDGE ( 'NONE', *, *, #1276, .F. ) ;
#3126 = DATE_TIME_ROLE ( 'classification_date' ) ;
#3127 = ORIENTED_EDGE ( 'NONE', *, *, #2625, .T. ) ;
#3128 = DIRECTION ( 'NONE',  ( -0.0000000000000000000, -1.000000000000000000, -0.0000000000000000000 ) ) ;
#3129 = ADVANCED_FACE ( 'NONE', ( #2008, #1439 ), #1461, .T. ) ;
#3130 = VECTOR ( 'NONE', #2338, 1000.000000000000000 ) ;
#3131 = DIRECTION ( 'NONE',  ( -0.0000000000000000000, 1.000000000000000000, -0.0000000000000000000 ) ) ;
#3132 = DIRECTION ( 'NONE',  ( -1.000000000000000000, 0.0000000000000000000, 0.0000000000000000000 ) ) ;
#3133 = LINE ( 'NONE', #4007, #609 ) ;
#3134 = ADVANCED_FACE ( 'NONE', ( #328 ), #1146, .F. ) ;
#3135 = DIRECTION ( 'NONE',  ( -1.000000000000000000, 0.0000000000000000000, 0.0000000000000000000 ) ) ;
#3136 = LINE ( 'NONE', #2479, #1822 ) ;
#3137 = VERTEX_POINT ( 'NONE', #3418 ) ;
#3138 = PLANE ( 'NONE',  #3103 ) ;
#3139 = CARTESIAN_POINT ( 'NONE',  ( -0.9342869680558283374, 0.05000000000000000278, -1.089999999999993197 ) ) ;
#3140 = VECTOR ( 'NONE', #185, 1000.000000000000000 ) ;
#3141 = CARTESIAN_POINT ( 'NONE',  ( -0.6249999999999947820, 0.0000000000000000000, 1.500000000000001998 ) ) ;
#3142 = CARTESIAN_POINT ( 'NONE',  ( -1.089999999999999858, 0.0000000000000000000, -0.6250000000000000000 ) ) ;
#3143 = ORIENTED_EDGE ( 'NONE', *, *, #1594, .F. ) ;
#3144 = PLANE ( 'NONE',  #913 ) ;
#3145 = VERTEX_POINT ( 'NONE', #3504 ) ;
#3146 = DIRECTION ( 'NONE',  ( 0.0000000000000000000, 0.0000000000000000000, -1.000000000000000000 ) ) ;
#3147 = EDGE_CURVE ( 'NONE', #2695, #1746, #2307, .T. ) ;
#3148 = ORIENTED_EDGE ( 'NONE', *, *, #3834, .T. ) ;
#3149 = AXIS2_PLACEMENT_3D ( 'NONE', #3444, #1488, #2495 ) ;
#3150 = CARTESIAN_POINT ( 'NONE',  ( 0.1150000000000052369, 0.2000000000000000111, 1.499999999999999334 ) ) ;
#3151 = CARTESIAN_POINT ( 'NONE',  ( -0.3949999999999947997, 0.2000000000000000111, 1.500000000000001110 ) ) ;
#3152 = APPROVAL_PERSON_ORGANIZATION ( #1084, #1028, #3381 ) ;
#3153 = ORIENTED_EDGE ( 'NONE', *, *, #754, .T. ) ;
#3154 = ORIENTED_EDGE ( 'NONE', *, *, #2752, .T. ) ;
#3155 = PLANE ( 'NONE',  #2192 ) ;
#3156 = EDGE_CURVE ( 'NONE', #2116, #3105, #3417, .T. ) ;
#3157 = CARTESIAN_POINT ( 'NONE',  ( -0.3950000000000157829, 0.0000000000000000000, -1.499999999999995781 ) ) ;
#3158 = ORIENTED_EDGE ( 'NONE', *, *, #1133, .F. ) ;
#3159 = AXIS2_PLACEMENT_3D ( 'NONE', #1164, #2174, #547 ) ;
#3160 = FACE_OUTER_BOUND ( 'NONE', #597, .T. ) ;
#3161 = DIRECTION ( 'NONE',  ( -3.491481338843133355E-15, 0.0000000000000000000, -1.000000000000000000 ) ) ;
#3162 = ORIENTED_EDGE ( 'NONE', *, *, #3022, .F. ) ;
#3163 = CARTESIAN_POINT ( 'NONE',  ( 1.499999999999999778, 0.0000000000000000000, -0.1150000000000000050 ) ) ;
#3164 = LINE ( 'NONE', #2536, #1752 ) ;
#3165 = CC_DESIGN_APPROVAL ( #733, ( #3902 ) ) ;
#3166 = CARTESIAN_POINT ( 'NONE',  ( 0.1149999999999842953, 0.2000000000000000111, -1.500000000000001110 ) ) ;
#3167 = PLANE ( 'NONE',  #2240 ) ;
#3168 = EDGE_LOOP ( 'NONE', ( #4170, #1836, #21, #1634 ) ) ;
#3169 = DIRECTION ( 'NONE',  ( 3.491481338843133355E-15, 0.0000000000000000000, 1.000000000000000000 ) ) ;
#3170 = CIRCLE ( 'NONE', #1446, 0.02500000000000006384 ) ;
#3171 = ADVANCED_FACE ( 'NONE', ( #2822 ), #870, .F. ) ;
#3172 = VERTEX_POINT ( 'NONE', #3456 ) ;
#3173 = DIRECTION ( 'NONE',  ( -0.0000000000000000000, -1.000000000000000000, -0.0000000000000000000 ) ) ;
#3174 = EDGE_LOOP ( 'NONE', ( #4121, #2702, #3225, #918 ) ) ;
#3175 = DIRECTION ( 'NONE',  ( -3.491481338843133355E-15, 0.0000000000000000000, -1.000000000000000000 ) ) ;
#3176 = VECTOR ( 'NONE', #3724, 1000.000000000000000 ) ;
#3177 = ORIENTED_EDGE ( 'NONE', *, *, #657, .T. ) ;
#3178 = CARTESIAN_POINT ( 'NONE',  ( 1.089999999999999858, -0.4701063709417307446, 0.1150000000000000050 ) ) ;
#3179 = ORIENTED_EDGE ( 'NONE', *, *, #3683, .T. ) ;
#3180 = CARTESIAN_POINT ( 'NONE',  ( 1.499999999999999778, 0.2000000000000000111, 0.1150000000000000050 ) ) ;
#3181 = EDGE_CURVE ( 'NONE', #2105, #3213, #799, .T. ) ;
#3182 = LINE ( 'NONE', #1098, #3536 ) ;
#3183 = ORIENTED_EDGE ( 'NONE', *, *, #730, .T. ) ;
#3184 = CARTESIAN_POINT ( 'NONE',  ( -0.9342869680558283374, -0.0000000000000000000, -1.089999999999993197 ) ) ;
#3185 = VERTEX_POINT ( 'NONE', #2567 ) ;
#3186 = LINE ( 'NONE', #183, #3332 ) ;
#3187 = EDGE_CURVE ( 'NONE', #1934, #281, #1950, .T. ) ;
#3188 = ORIENTED_EDGE ( 'NONE', *, *, #2597, .F. ) ;
#3189 = CARTESIAN_POINT ( 'NONE',  ( -0.3950000000000157274, 0.2000000000000000111, -1.499999999999995781 ) ) ;
#3190 = VECTOR ( 'NONE', #1781, 1000.000000000000000 ) ;
#3191 = VERTEX_POINT ( 'NONE', #3842 ) ;
#3192 = FACE_OUTER_BOUND ( 'NONE', #3692, .T. ) ;
#3193 = CARTESIAN_POINT ( 'NONE',  ( 0.3950000000000052913, -0.4701063709417307446, 1.499999999999998446 ) ) ;
#3194 = ORIENTED_EDGE ( 'NONE', *, *, #391, .F. ) ;
#3195 = DIRECTION ( 'NONE',  ( 1.000000000000000000, 0.0000000000000000000, -1.057758217059028785E-14 ) ) ;
#3196 = CARTESIAN_POINT ( 'NONE',  ( -1.499999999999999778, 0.2000000000000000111, -0.6250000000000000000 ) ) ;
#3197 = CARTESIAN_POINT ( 'NONE',  ( 0.0000000000000000000, 0.0000000000000000000, 0.0000000000000000000 ) ) ;
#3198 = VERTEX_POINT ( 'NONE', #2850 ) ;
#3199 = PLANE ( 'NONE',  #4147 ) ;
#3200 = CARTESIAN_POINT ( 'NONE',  ( 0.1150000000000038075, 0.2000000000000000111, 1.089999999999999414 ) ) ;
#3201 = ORIENTED_EDGE ( 'NONE', *, *, #2075, .T. ) ;
#3202 = CARTESIAN_POINT ( 'NONE',  ( 0.7249999999999996447, 0.05000000000000000278, 0.7250000000000000888 ) ) ;
#3203 = DIRECTION ( 'NONE',  ( 0.0000000000000000000, 0.0000000000000000000, -1.000000000000000000 ) ) ;
#3204 = ORIENTED_EDGE ( 'NONE', *, *, #2431, .F. ) ;
#3205 = ORIENTED_EDGE ( 'NONE', *, *, #3997, .T. ) ;
#3206 = LINE ( 'NONE', #1069, #312 ) ;
#3207 = EDGE_CURVE ( 'NONE', #1751, #2706, #1100, .T. ) ;
#3208 = AXIS2_PLACEMENT_3D ( 'NONE', #1250, #2853, #2891 ) ;
#3209 = ORIENTED_EDGE ( 'NONE', *, *, #4058, .T. ) ;
#3210 = CARTESIAN_POINT ( 'NONE',  ( -0.6250000000000157652, 0.0000000000000000000, -1.499999999999993117 ) ) ;
#3211 = CARTESIAN_POINT ( 'NONE',  ( -1.089999999999999858, -0.4701063709417307446, -0.1150000000000000050 ) ) ;
#3212 = VECTOR ( 'NONE', #3755, 1000.000000000000000 ) ;
#3213 = VERTEX_POINT ( 'NONE', #2190 ) ;
#3214 = EDGE_CURVE ( 'NONE', #3266, #2870, #3164, .T. ) ;
#3215 = VECTOR ( 'NONE', #3600, 1000.000000000000000 ) ;
#3216 = PRODUCT_RELATED_PRODUCT_CATEGORY ( 'detail', '', ( #3312 ) ) ;
#3217 = ORIENTED_EDGE ( 'NONE', *, *, #68, .F. ) ;
#3218 = DIRECTION ( 'NONE',  ( 0.0000000000000000000, 0.0000000000000000000, -1.000000000000000000 ) ) ;
#3219 = CARTESIAN_POINT ( 'NONE',  ( -1.499999999999999778, 0.0000000000000000000, 0.1150000000000000050 ) ) ;
#3220 = LINE ( 'NONE', #2292, #1755 ) ;
#3221 = ORIENTED_EDGE ( 'NONE', *, *, #208, .F. ) ;
#3222 = ORIENTED_EDGE ( 'NONE', *, *, #2619, .T. ) ;
#3223 = LINE ( 'NONE', #2219, #3324 ) ;
#3224 = CARTESIAN_POINT ( 'NONE',  ( -0.3949999999999947997, 0.2000000000000000111, 1.500000000000001110 ) ) ;
#3225 = ORIENTED_EDGE ( 'NONE', *, *, #1256, .F. ) ;
#3226 = EDGE_LOOP ( 'NONE', ( #427, #1823, #1132, #2830 ) ) ;
#3227 = CARTESIAN_POINT ( 'NONE',  ( -0.6249999999999962252, 0.2000000000000000111, 1.090000000000002078 ) ) ;
#3228 = LINE ( 'NONE', #3876, #3176 ) ;
#3229 = CARTESIAN_POINT ( 'NONE',  ( -1.089999999999999858, 0.2000000000000000111, -0.1150000000000000050 ) ) ;
#3230 = ORIENTED_EDGE ( 'NONE', *, *, #3508, .T. ) ;
#3231 = VECTOR ( 'NONE', #3175, 1000.000000000000000 ) ;
#3232 = CARTESIAN_POINT ( 'NONE',  ( -0.1149999999999961886, 0.2000000000000000111, 1.090000000000000302 ) ) ;
#3233 = DIRECTION ( 'NONE',  ( 3.491481338843133355E-15, 0.0000000000000000000, 1.000000000000000000 ) ) ;
#3234 = EDGE_CURVE ( 'NONE', #2857, #740, #2413, .T. ) ;
#3235 = ADVANCED_FACE ( 'NONE', ( #187 ), #3144, .F. ) ;
#3236 = EDGE_CURVE ( 'NONE', #3076, #2497, #3522, .T. ) ;
#3237 = VECTOR ( 'NONE', #2349, 1000.000000000000000 ) ;
#3238 = CARTESIAN_POINT ( 'NONE',  ( 0.3949999999999843636, 0.2000000000000000111, -1.500000000000003775 ) ) ;
#3239 = LINE ( 'NONE', #780, #2539 ) ;
#3240 = EDGE_CURVE ( 'NONE', #1762, #3891, #1334, .T. ) ;
#3241 = EDGE_LOOP ( 'NONE', ( #2146, #939, #623, #1241 ) ) ;
#3242 = CARTESIAN_POINT ( 'NONE',  ( 1.089999999999999858, -0.0000000000000000000, 0.1150000000000000050 ) ) ;
#3243 = LINE ( 'NONE', #2, #2894 ) ;
#3244 = PLANE ( 'NONE',  #2029 ) ;
#3245 = CARTESIAN_POINT ( 'NONE',  ( -0.9342869680558283374, 0.05000000000000000278, -1.114999999999993330 ) ) ;
#3246 = ORIENTED_EDGE ( 'NONE', *, *, #4131, .T. ) ;
#3247 = CARTESIAN_POINT ( 'NONE',  ( 0.0000000000000000000, 0.05000000000000000278, 0.0000000000000000000 ) ) ;
#3248 = DIRECTION ( 'NONE',  ( -0.0000000000000000000, -1.000000000000000000, -0.0000000000000000000 ) ) ;
#3249 = VERTEX_POINT ( 'NONE', #925 ) ;
#3250 = DIRECTION ( 'NONE',  ( -0.0000000000000000000, 1.000000000000000000, -0.0000000000000000000 ) ) ;
#3251 = ADVANCED_FACE ( 'NONE', ( #3264 ), #4114, .T. ) ;
#3252 = DATE_AND_TIME ( #3011, #1842 ) ;
#3253 = CARTESIAN_POINT ( 'NONE',  ( 0.3949999999999886380, -0.4701063709417307446, -1.090000000000003633 ) ) ;
#3254 = EDGE_CURVE ( 'NONE', #3800, #2565, #2965, .T. ) ;
#3255 = EDGE_CURVE ( 'NONE', #331, #680, #1798, .T. ) ;
#3256 = ORIENTED_EDGE ( 'NONE', *, *, #4030, .T. ) ;
#3257 = CARTESIAN_POINT ( 'NONE',  ( 1.089999999999999858, 0.0000000000000000000, -0.3950000000000000733 ) ) ;
#3258 = ORIENTED_EDGE ( 'NONE', *, *, #985, .T. ) ;
#3259 = CARTESIAN_POINT ( 'NONE',  ( -1.089999999999999858, -0.4701063709417307446, -0.3950000000000000733 ) ) ;
#3260 = LINE ( 'NONE', #2332, #2719 ) ;
#3261 = EDGE_CURVE ( 'NONE', #3027, #3475, #2571, .T. ) ;
#3262 = CARTESIAN_POINT ( 'NONE',  ( 0.0000000000000000000, 0.0000000000000000000, 0.0000000000000000000 ) ) ;
#3263 = VERTEX_POINT ( 'NONE', #2236 ) ;
#3264 = FACE_OUTER_BOUND ( 'NONE', #2679, .T. ) ;
#3265 = CARTESIAN_POINT ( 'NONE',  ( -1.089999999999999858, -0.4701063709417307446, 0.3950000000000000733 ) ) ;
#3266 = VERTEX_POINT ( 'NONE', #1900 ) ;
#3267 = DIRECTION ( 'NONE',  ( 1.000000000000000000, 0.0000000000000000000, -3.470769149724937955E-15 ) ) ;
#3268 = VECTOR ( 'NONE', #75, 1000.000000000000000 ) ;
#3269 = VERTEX_POINT ( 'NONE', #3471 ) ;
#3270 = CARTESIAN_POINT ( 'NONE',  ( -1.499999999999999778, 0.0000000000000000000, 0.1150000000000000050 ) ) ;
#3271 = ADVANCED_FACE ( 'NONE', ( #4079 ), #3797, .F. ) ;
#3272 = CIRCLE ( 'NONE', #2100, 0.02500000000000006384 ) ;
#3273 = ORIENTED_EDGE ( 'NONE', *, *, #1779, .F. ) ;
#3274 = MANIFOLD_SOLID_BREP ( 'Boss-Extrude2[2]', #1814 ) ;
#3275 = CARTESIAN_POINT ( 'NONE',  ( -0.9342869680558283374, 0.0000000000000000000, -1.089999999999993419 ) ) ;
#3276 = FACE_OUTER_BOUND ( 'NONE', #3226, .T. ) ;
#3277 = CARTESIAN_POINT ( 'NONE',  ( 1.499999999999999556, 0.2000000000000000111, 0.6250000000000000000 ) ) ;
#3278 = EDGE_CURVE ( 'NONE', #2760, #3493, #3624, .T. ) ;
#3279 = LINE ( 'NONE', #1281, #1914 ) ;
#3280 = AXIS2_PLACEMENT_3D ( 'NONE', #368, #2660, #1653 ) ;
#3281 = DIRECTION ( 'NONE',  ( 1.000000000000000000, 0.0000000000000000000, 0.0000000000000000000 ) ) ;
#3282 = CARTESIAN_POINT ( 'NONE',  ( 0.3949999999999886380, 0.2000000000000000111, -1.090000000000003633 ) ) ;
#3283 = FACE_OUTER_BOUND ( 'NONE', #3943, .T. ) ;
#3284 = PLANE ( 'NONE',  #133 ) ;
#3285 = EDGE_LOOP ( 'NONE', ( #3463, #2993, #159, #2470 ) ) ;
#3286 = VECTOR ( 'NONE', #2984, 1000.000000000000000 ) ;
#3287 = DIRECTION ( 'NONE',  ( -0.0000000000000000000, -0.0000000000000000000, 1.000000000000000000 ) ) ;
#3288 = CARTESIAN_POINT ( 'NONE',  ( -1.499999999999999778, 0.2000000000000000111, -0.6250000000000000000 ) ) ;
#3289 = ORIENTED_EDGE ( 'NONE', *, *, #1604, .T. ) ;
#3290 = ORIENTED_EDGE ( 'NONE', *, *, #3042, .F. ) ;
#3291 = CARTESIAN_POINT ( 'NONE',  ( 1.500000000000000444, 0.0000000000000000000, 1.499999999999999778 ) ) ;
#3292 = ADVANCED_FACE ( 'NONE', ( #1235 ), #24, .F. ) ;
#3293 = DIRECTION ( 'NONE',  ( -0.0000000000000000000, -1.000000000000000000, -0.0000000000000000000 ) ) ;
#3294 = ORIENTED_EDGE ( 'NONE', *, *, #2179, .F. ) ;
#3295 = DIRECTION ( 'NONE',  ( 1.000000000000000000, 0.0000000000000000000, 0.0000000000000000000 ) ) ;
#3296 = CARTESIAN_POINT ( 'NONE',  ( 1.499999999999999778, 0.2000000000000000111, -0.6250000000000000000 ) ) ;
#3297 = VERTEX_POINT ( 'NONE', #1597 ) ;
#3298 = VERTEX_POINT ( 'NONE', #647 ) ;
#3299 = ADVANCED_FACE ( 'NONE', ( #3057 ), #2639, .F. ) ;
#3300 = EDGE_LOOP ( 'NONE', ( #2353, #3643, #1503, #3055 ) ) ;
#3301 = PLANE ( 'NONE',  #2084 ) ;
#3302 = ORIENTED_EDGE ( 'NONE', *, *, #1020, .T. ) ;
#3303 = VECTOR ( 'NONE', #1369, 1000.000000000000000 ) ;
#3304 = CARTESIAN_POINT ( 'NONE',  ( 0.3950000000000052913, 0.2000000000000000111, 1.499999999999998446 ) ) ;
#3305 = VERTEX_POINT ( 'NONE', #3870 ) ;
#3306 = CARTESIAN_POINT ( 'NONE',  ( -1.499999999999999778, 0.0000000000000000000, -0.6250000000000000000 ) ) ;
#3307 = LINE ( 'NONE', #2872, #2458 ) ;
#3308 = ORIENTED_EDGE ( 'NONE', *, *, #3094, .F. ) ;
#3309 = DIRECTION ( 'NONE',  ( 1.000000000000000000, 0.0000000000000000000, 0.0000000000000000000 ) ) ;
#3310 = EDGE_CURVE ( 'NONE', #150, #1889, #227, .T. ) ;
#3311 = ORIENTED_EDGE ( 'NONE', *, *, #587, .F. ) ;
#3312 = PRODUCT ( 'XLF-861+', 'XLF-861+', '', ( #3350 ) ) ;
#3313 = DIRECTION ( 'NONE',  ( 0.0000000000000000000, 0.0000000000000000000, -1.000000000000000000 ) ) ;
#3314 = DIRECTION ( 'NONE',  ( -1.047841733774100299E-14, 0.0000000000000000000, -1.000000000000000000 ) ) ;
#3315 = AXIS2_PLACEMENT_3D ( 'NONE', #981, #1308, #3853 ) ;
#3316 = ADVANCED_FACE ( 'NONE', ( #3160 ), #972, .F. ) ;
#3317 = ORIENTED_EDGE ( 'NONE', *, *, #995, .F. ) ;
#3318 = EDGE_CURVE ( 'NONE', #1926, #286, #323, .T. ) ;
#3319 = LINE ( 'NONE', #3831, #2469 ) ;
#3320 = CARTESIAN_POINT ( 'NONE',  ( 0.0000000000000000000, 0.2000000000000000111, 0.0000000000000000000 ) ) ;
#3321 = AXIS2_PLACEMENT_3D ( 'NONE', #1078, #146, #107 ) ;
#3322 = ORIENTED_EDGE ( 'NONE', *, *, #3514, .T. ) ;
#3323 = PLANE ( 'NONE',  #2489 ) ;
#3324 = VECTOR ( 'NONE', #1242, 1000.000000000000000 ) ;
#3325 = VERTEX_POINT ( 'NONE', #631 ) ;
#3326 = DIRECTION ( 'NONE',  ( 0.0000000000000000000, 0.0000000000000000000, 1.000000000000000000 ) ) ;
#3327 = CARTESIAN_POINT ( 'NONE',  ( -1.219903562631567517, -0.0000000000000000000, -1.089999999999993419 ) ) ;
#3328 = EDGE_LOOP ( 'NONE', ( #3682, #3861, #1570, #2005 ) ) ;
#3329 = VECTOR ( 'NONE', #1586, 1000.000000000000000 ) ;
#3330 = DIRECTION ( 'NONE',  ( 0.0000000000000000000, 0.0000000000000000000, 1.000000000000000000 ) ) ;
#3331 = EDGE_LOOP ( 'NONE', ( #2998, #1757, #3988, #3370, #3363, #650, #1167, #795 ) ) ;
#3332 = VECTOR ( 'NONE', #168, 1000.000000000000000 ) ;
#3333 = DIRECTION ( 'NONE',  ( 1.000000000000000000, 0.0000000000000000000, -3.491481338843133355E-15 ) ) ;
#3334 = DIRECTION ( 'NONE',  ( 1.000000000000000000, 0.0000000000000000000, -3.771137991253928672E-15 ) ) ;
#3335 = FACE_OUTER_BOUND ( 'NONE', #1479, .T. ) ;
#3336 = EDGE_CURVE ( 'NONE', #2977, #3800, #1583, .T. ) ;
#3337 = PLANE ( 'NONE',  #834 ) ;
#3338 = ADVANCED_FACE ( 'NONE', ( #4183 ), #1284, .F. ) ;
#3339 = EDGE_CURVE ( 'NONE', #2013, #3924, #134, .T. ) ;
#3340 = LINE ( 'NONE', #198, #4101 ) ;
#3341 = DIRECTION ( 'NONE',  ( 1.000000000000000000, 0.0000000000000000000, -1.047444401652940007E-14 ) ) ;
#3342 = ORIENTED_EDGE ( 'NONE', *, *, #3372, .T. ) ;
#3343 = EDGE_CURVE ( 'NONE', #4083, #2645, #3926, .T. ) ;
#3344 = CARTESIAN_POINT ( 'NONE',  ( -1.499999999999999778, 0.2000000000000000111, 0.1150000000000000050 ) ) ;
#3345 = ORIENTED_EDGE ( 'NONE', *, *, #3865, .F. ) ;
#3346 = CARTESIAN_POINT ( 'NONE',  ( 1.499999999999999556, 0.2000000000000000111, 0.6250000000000000000 ) ) ;
#3347 = DIRECTION ( 'NONE',  ( 1.000000000000000000, -0.0000000000000000000, 0.0000000000000000000 ) ) ;
#3348 = ORIENTED_EDGE ( 'NONE', *, *, #1904, .F. ) ;
#3349 = CC_DESIGN_DATE_AND_TIME_ASSIGNMENT ( #3459, #806, ( #816 ) ) ;
#3350 = MECHANICAL_CONTEXT ( 'NONE', #1125, 'mechanical' ) ;
#3351 = ORIENTED_EDGE ( 'NONE', *, *, #1572, .F. ) ;
#3352 = CALENDAR_DATE ( 2021, 3, 4 ) ;
#3353 = CARTESIAN_POINT ( 'NONE',  ( -1.089999999999999858, 0.0000000000000000000, 0.3950000000000000733 ) ) ;
#3354 = PLANE ( 'NONE',  #4026 ) ;
#3355 = VERTEX_POINT ( 'NONE', #1260 ) ;
#3356 = VECTOR ( 'NONE', #3439, 1000.000000000000000 ) ;
#3357 = DATE_AND_TIME ( #1745, #2613 ) ;
#3358 = PLANE ( 'NONE',  #4062 ) ;
#3359 = DIRECTION ( 'NONE',  ( 0.0000000000000000000, -1.000000000000000000, 0.0000000000000000000 ) ) ;
#3360 = ORIENTED_EDGE ( 'NONE', *, *, #3063, .T. ) ;
#3361 = VECTOR ( 'NONE', #2417, 1000.000000000000000 ) ;
#3362 = CARTESIAN_POINT ( 'NONE',  ( -0.6250000000000114353, 0.2000000000000000111, -1.089999999999993197 ) ) ;
#3363 = ORIENTED_EDGE ( 'NONE', *, *, #468, .F. ) ;
#3364 = DIRECTION ( 'NONE',  ( 0.0000000000000000000, -1.000000000000000000, 0.0000000000000000000 ) ) ;
#3365 = VECTOR ( 'NONE', #1158, 1000.000000000000000 ) ;
#3366 = EDGE_CURVE ( 'NONE', #3109, #2468, #743, .T. ) ;
#3367 = AXIS2_PLACEMENT_3D ( 'NONE', #365, #1317, #1056 ) ;
#3368 = EDGE_LOOP ( 'NONE', ( #2445, #2325, #2093, #4042 ) ) ;
#3369 = LINE ( 'NONE', #430, #1589 ) ;
#3370 = ORIENTED_EDGE ( 'NONE', *, *, #2151, .F. ) ;
#3371 = CARTESIAN_POINT ( 'NONE',  ( 1.500000000000000444, 0.8900000000000000133, 1.499999999999999778 ) ) ;
#3372 = EDGE_CURVE ( 'NONE', #4123, #2508, #3015, .T. ) ;
#3373 = CLOSED_SHELL ( 'NONE', ( #104, #1335, #3981, #608, #737, #1609 ) ) ;
#3374 = CARTESIAN_POINT ( 'NONE',  ( 0.0000000000000000000, 0.0000000000000000000, 0.0000000000000000000 ) ) ;
#3375 = FACE_OUTER_BOUND ( 'NONE', #4008, .T. ) ;
#3376 = AXIS2_PLACEMENT_3D ( 'NONE', #1086, #1442, #1119 ) ;
#3377 = ORIENTED_EDGE ( 'NONE', *, *, #1150, .F. ) ;
#3378 = ORIENTED_EDGE ( 'NONE', *, *, #476, .T. ) ;
#3379 = DIRECTION ( 'NONE',  ( 1.057758217059028785E-14, -0.0000000000000000000, 1.000000000000000000 ) ) ;
#3380 = CARTESIAN_POINT ( 'NONE',  ( 1.089999999999999858, 0.0000000000000000000, -0.6250000000000000000 ) ) ;
#3381 = APPROVAL_ROLE ( '' ) ;
#3382 = FACE_OUTER_BOUND ( 'NONE', #718, .T. ) ;
#3383 = CARTESIAN_POINT ( 'NONE',  ( 1.499999999999999778, -0.4701063709417307446, 0.1150000000000000050 ) ) ;
#3384 = PLANE ( 'NONE',  #774 ) ;
#3385 = ORIENTED_EDGE ( 'NONE', *, *, #2572, .F. ) ;
#3386 = VECTOR ( 'NONE', #607, 1000.000000000000000 ) ;
#3387 = CARTESIAN_POINT ( 'NONE',  ( 0.0000000000000000000, 0.8900000000000000133, 0.0000000000000000000 ) ) ;
#3388 = DIRECTION ( 'NONE',  ( -1.000000000000000000, 0.0000000000000000000, 3.491481338843133355E-15 ) ) ;
#3389 = VECTOR ( 'NONE', #1287, 1000.000000000000000 ) ;
#3390 = EDGE_CURVE ( 'NONE', #646, #331, #1947, .T. ) ;
#3391 = ORIENTED_EDGE ( 'NONE', *, *, #2259, .F. ) ;
#3392 = CARTESIAN_POINT ( 'NONE',  ( -0.9999999999999995559, 0.8900000000000000133, -1.000000000000000000 ) ) ;
#3393 = LINE ( 'NONE', #1903, #1557 ) ;
#3394 = DIRECTION ( 'NONE',  ( -1.000000000000000000, 0.0000000000000000000, 1.047444401652940007E-14 ) ) ;
#3395 = AXIS2_PLACEMENT_3D ( 'NONE', #3211, #2252, #304 ) ;
#3396 = CLOSED_SHELL ( 'NONE', ( #2397, #1509, #384, #3535, #666, #2764 ) ) ;
#3397 = EDGE_CURVE ( 'NONE', #2628, #951, #3571, .T. ) ;
#3398 = VERTEX_POINT ( 'NONE', #1267 ) ;
#3399 = CARTESIAN_POINT ( 'NONE',  ( -0.6249999999999962252, 0.2000000000000000111, 1.090000000000002078 ) ) ;
#3400 = CARTESIAN_POINT ( 'NONE',  ( -1.499999999999999556, 0.8900000000000000133, 1.500000000000000222 ) ) ;
#3401 = ORIENTED_EDGE ( 'NONE', *, *, #4196, .F. ) ;
#3402 = CARTESIAN_POINT ( 'NONE',  ( 0.1149999999999842953, 0.2000000000000000111, -1.500000000000001110 ) ) ;
#3403 = DIRECTION ( 'NONE',  ( 0.0000000000000000000, 0.0000000000000000000, -1.000000000000000000 ) ) ;
#3404 = MANIFOLD_SOLID_BREP ( 'Boss-Extrude2[12]', #3373 ) ;
#3405 = EDGE_LOOP ( 'NONE', ( #1216, #2044, #1008, #230 ) ) ;
#3406 = DIRECTION ( 'NONE',  ( 1.000000000000000000, 0.0000000000000000000, -3.491481338843133355E-15 ) ) ;
#3407 = VECTOR ( 'NONE', #3967, 1000.000000000000000 ) ;
#3408 = APPLICATION_PROTOCOL_DEFINITION ( 'international standard', 'config_control_design', 1994, #2412 ) ;
#3409 = ADVANCED_FACE ( 'NONE', ( #797 ), #4186, .F. ) ;
#3410 = CARTESIAN_POINT ( 'NONE',  ( 1.499999999999999778, 0.2000000000000000111, -0.3950000000000000733 ) ) ;
#3411 = ORIENTED_EDGE ( 'NONE', *, *, #3118, .T. ) ;
#3412 = DIRECTION ( 'NONE',  ( 1.057758217059028785E-14, 0.0000000000000000000, 1.000000000000000000 ) ) ;
#3413 = LINE ( 'NONE', #2498, #982 ) ;
#3414 = ORIENTED_EDGE ( 'NONE', *, *, #3310, .F. ) ;
#3415 = EDGE_LOOP ( 'NONE', ( #123, #2238, #4198, #440 ) ) ;
#3416 = DIRECTION ( 'NONE',  ( 1.000000000000000000, 0.0000000000000000000, 0.0000000000000000000 ) ) ;
#3417 = LINE ( 'NONE', #1554, #1046 ) ;
#3418 = CARTESIAN_POINT ( 'NONE',  ( -1.089999999999999858, 0.0000000000000000000, -0.3950000000000000733 ) ) ;
#3419 = LINE ( 'NONE', #1999, #1846 ) ;
#3420 = EDGE_CURVE ( 'NONE', #2897, #1247, #1282, .T. ) ;
#3421 = EDGE_LOOP ( 'NONE', ( #2784, #290, #697, #1120 ) ) ;
#3422 = APPROVAL_ROLE ( '' ) ;
#3423 = EDGE_LOOP ( 'NONE', ( #249, #2951, #1238, #4159 ) ) ;
#3424 = EDGE_CURVE ( 'NONE', #525, #3249, #990, .T. ) ;
#3425 = VECTOR ( 'NONE', #2001, 1000.000000000000000 ) ;
#3426 = ORIENTED_EDGE ( 'NONE', *, *, #3071, .T. ) ;
#3427 = CARTESIAN_POINT ( 'NONE',  ( -0.6250000000000114353, 0.2000000000000000111, -1.089999999999993197 ) ) ;
#3428 = ORIENTED_EDGE ( 'NONE', *, *, #2394, .F. ) ;
#3429 = FACE_OUTER_BOUND ( 'NONE', #4165, .T. ) ;
#3430 = DIRECTION ( 'NONE',  ( -1.000000000000000000, 0.0000000000000000000, 1.445602896647339410E-16 ) ) ;
#3431 = EDGE_CURVE ( 'NONE', #2497, #2217, #480, .T. ) ;
#3432 = VERTEX_POINT ( 'NONE', #1029 ) ;
#3433 = DIRECTION ( 'NONE',  ( -1.047444401652940007E-14, -0.0000000000000000000, -1.000000000000000000 ) ) ;
#3434 = CARTESIAN_POINT ( 'NONE',  ( -1.499999999999999778, 0.2000000000000000111, 0.6250000000000000000 ) ) ;
#3435 = LINE ( 'NONE', #3306, #3130 ) ;
#3436 = DIRECTION ( 'NONE',  ( -0.0000000000000000000, -1.000000000000000000, -0.0000000000000000000 ) ) ;
#3437 = CARTESIAN_POINT ( 'NONE',  ( 0.0000000000000000000, 0.2000000000000000111, 0.0000000000000000000 ) ) ;
#3438 = DIRECTION ( 'NONE',  ( -0.0000000000000000000, -1.000000000000000000, -0.0000000000000000000 ) ) ;
#3439 = DIRECTION ( 'NONE',  ( -3.437714205441843395E-15, 0.0000000000000000000, -1.000000000000000000 ) ) ;
#3440 = LINE ( 'NONE', #3178, #55 ) ;
#3441 = EDGE_LOOP ( 'NONE', ( #3121, #782, #278, #3087, #3302, #927, #3919, #3787, #2287, #1857, #2060, #2607, #92, #1154, #379, #1003 ) ) ;
#3442 = CARTESIAN_POINT ( 'NONE',  ( 0.7249999999999996447, 0.0000000000000000000, 0.7250000000000000888 ) ) ;
#3443 = DIRECTION ( 'NONE',  ( -1.000000000000000000, 0.0000000000000000000, 0.0000000000000000000 ) ) ;
#3444 = CARTESIAN_POINT ( 'NONE',  ( 1.499999999999999778, 0.2000000000000000111, -0.6250000000000000000 ) ) ;
#3445 = CLOSED_SHELL ( 'NONE', ( #704, #3299, #764, #1729, #1706, #3129, #2671, #1010, #2692, #2827, #1716, #1660, #4097, #2884, #3292, #2701, #1992, #901, #2368, #3638, #2244, #66, #374, #1057, #45, #881, #3577, #3616, #1359, #1936, #2326, #3409, #243, #1031, #3806, #2344, #1874, #398, #58, #13, #505, #2940, #3171, #3316, #1833, #3251, #3949, #321, #2968, #944, #3661, #1691, #366, #2652, #3235, #1633, #919, #1311, #3848, #3603, #2009, #3993, #1292, #1670, #2312, #2052, #4113, #648, #3938, #1042, #2032 ) ) ;
#3446 = EDGE_CURVE ( 'NONE', #2212, #2801, #425, .T. ) ;
#3447 = EDGE_CURVE ( 'NONE', #311, #2538, #1844, .T. ) ;
#3448 = DIRECTION ( 'NONE',  ( 1.000000000000000000, 0.0000000000000000000, 0.0000000000000000000 ) ) ;
#3449 = DIRECTION ( 'NONE',  ( -0.0000000000000000000, 1.000000000000000000, -0.0000000000000000000 ) ) ;
#3450 = CARTESIAN_POINT ( 'NONE',  ( 0.6250000000000037748, 0.2000000000000000111, 1.089999999999997637 ) ) ;
#3451 = EDGE_CURVE ( 'NONE', #3198, #2116, #533, .T. ) ;
#3452 = ORIENTED_EDGE ( 'NONE', *, *, #357, .T. ) ;
#3453 = AXIS2_PLACEMENT_3D ( 'NONE', #3245, #1300, #1581 ) ;
#3454 = DATE_AND_TIME ( #125, #978 ) ;
#3455 = ORIENTED_EDGE ( 'NONE', *, *, #1592, .F. ) ;
#3456 = CARTESIAN_POINT ( 'NONE',  ( -1.089999999999999858, -0.0000000000000000000, -0.1150000000000000050 ) ) ;
#3457 = ORIENTED_EDGE ( 'NONE', *, *, #2378, .F. ) ;
#3458 = LINE ( 'NONE', #2947, #2612 ) ;
#3459 = DATE_AND_TIME ( #3352, #1181 ) ;
#3460 = EDGE_LOOP ( 'NONE', ( #1332, #637, #2821, #2214 ) ) ;
#3461 = DIRECTION ( 'NONE',  ( -1.000000000000000000, 0.0000000000000000000, 1.047444401652940007E-14 ) ) ;
#3462 = APPLICATION_PROTOCOL_DEFINITION ( 'international standard', 'config_control_design', 1994, #2079 ) ;
#3463 = ORIENTED_EDGE ( 'NONE', *, *, #2429, .F. ) ;
#3464 = VECTOR ( 'NONE', #3946, 1000.000000000000000 ) ;
#3465 = CARTESIAN_POINT ( 'NONE',  ( 0.6249999999999843459, 0.2000000000000000111, -1.500000000000006217 ) ) ;
#3466 = VECTOR ( 'NONE', #1910, 1000.000000000000000 ) ;
#3467 = EDGE_LOOP ( 'NONE', ( #3127, #3476, #3209, #956 ) ) ;
#3468 = CARTESIAN_POINT ( 'NONE',  ( -1.089999999999999858, -0.4701063709417307446, 0.6250000000000000000 ) ) ;
#3469 = LINE ( 'NONE', #3737, #138 ) ;
#3470 = EDGE_LOOP ( 'NONE', ( #2931, #2859, #1366, #268 ) ) ;
#3471 = CARTESIAN_POINT ( 'NONE',  ( -0.1150000000000157147, 0.0000000000000000000, -1.499999999999998446 ) ) ;
#3472 = EDGE_CURVE ( 'NONE', #2217, #2963, #3771, .T. ) ;
#3473 = LINE ( 'NONE', #2855, #1393 ) ;
#3474 = EDGE_CURVE ( 'NONE', #2565, #1474, #3679, .T. ) ;
#3475 = VERTEX_POINT ( 'NONE', #753 ) ;
#3476 = ORIENTED_EDGE ( 'NONE', *, *, #412, .T. ) ;
#3477 = AXIS2_PLACEMENT_3D ( 'NONE', #2124, #507, #1486 ) ;
#3478 = VECTOR ( 'NONE', #950, 1000.000000000000000 ) ;
#3479 = DIRECTION ( 'NONE',  ( 1.047444401652940007E-14, 0.0000000000000000000, 1.000000000000000000 ) ) ;
#3480 = CARTESIAN_POINT ( 'NONE',  ( -1.499999999999999778, 0.2000000000000000111, 0.1150000000000000050 ) ) ;
#3481 = EDGE_LOOP ( 'NONE', ( #1709, #3973, #456, #2407 ) ) ;
#3482 = PERSON_AND_ORGANIZATION_ROLE ( 'creator' ) ;
#3483 = EDGE_CURVE ( 'NONE', #2212, #2547, #1484, .T. ) ;
#3484 = ORIENTED_EDGE ( 'NONE', *, *, #1955, .F. ) ;
#3485 = AXIS2_PLACEMENT_3D ( 'NONE', #3945, #736, #1358 ) ;
#3486 = FACE_OUTER_BOUND ( 'NONE', #773, .T. ) ;
#3487 = CARTESIAN_POINT ( 'NONE',  ( -0.9342869680558283374, 0.05000000000000000278, -1.089999999999993419 ) ) ;
#3488 = VERTEX_POINT ( 'NONE', #2691 ) ;
#3489 = CARTESIAN_POINT ( 'NONE',  ( -1.089999999999999858, -0.4701063709417307446, 0.1150000000000000050 ) ) ;
#3490 = MANIFOLD_SOLID_BREP ( 'Boss-Extrude2[3]', #532 ) ;
#3491 = VECTOR ( 'NONE', #3941, 1000.000000000000000 ) ;
#3492 = CARTESIAN_POINT ( 'NONE',  ( -1.499999999999999778, 0.2000000000000000111, 0.1150000000000000050 ) ) ;
#3493 = VERTEX_POINT ( 'NONE', #3270 ) ;
#3494 = AXIS2_PLACEMENT_3D ( 'NONE', #2961, #1669, #3942 ) ;
#3495 = FACE_OUTER_BOUND ( 'NONE', #2141, .T. ) ;
#3496 = DIRECTION ( 'NONE',  ( -0.0000000000000000000, -1.000000000000000000, -0.0000000000000000000 ) ) ;
#3497 = CARTESIAN_POINT ( 'NONE',  ( 0.6250000000000053291, -0.4701063709417307446, 1.499999999999997558 ) ) ;
#3498 = DIRECTION ( 'NONE',  ( 1.047841733774100299E-14, 0.0000000000000000000, 1.000000000000000000 ) ) ;
#3499 = LINE ( 'NONE', #738, #3707 ) ;
#3500 = DIRECTION ( 'NONE',  ( -0.0000000000000000000, -1.000000000000000000, -0.0000000000000000000 ) ) ;
#3501 = DIRECTION ( 'NONE',  ( 0.0000000000000000000, 1.000000000000000000, 0.0000000000000000000 ) ) ;
#3502 = ORIENTED_EDGE ( 'NONE', *, *, #3834, .F. ) ;
#3503 = AXIS2_PLACEMENT_3D ( 'NONE', #2780, #3092, #1159 ) ;
#3504 = CARTESIAN_POINT ( 'NONE',  ( 1.089999999999999858, 0.0000000000000000000, -0.6250000000000000000 ) ) ;
#3505 = DIRECTION ( 'NONE',  ( 3.437714205441843395E-15, 0.0000000000000000000, 1.000000000000000000 ) ) ;
#3506 = ORIENTED_EDGE ( 'NONE', *, *, #2910, .T. ) ;
#3507 = EDGE_LOOP ( 'NONE', ( #2707, #1227, #573, #757 ) ) ;
#3508 = EDGE_CURVE ( 'NONE', #141, #3528, #2960, .T. ) ;
#3509 = CARTESIAN_POINT ( 'NONE',  ( -0.9092869680558283152, 0.05000000000000000278, -1.114999999999993330 ) ) ;
#3510 = EDGE_LOOP ( 'NONE', ( #1313, #1652, #221, #602 ) ) ;
#3511 = VERTEX_POINT ( 'NONE', #3645 ) ;
#3512 = DIRECTION ( 'NONE',  ( 0.0000000000000000000, 0.0000000000000000000, -1.000000000000000000 ) ) ;
#3513 = VECTOR ( 'NONE', #1731, 1000.000000000000000 ) ;
#3514 = EDGE_CURVE ( 'NONE', #3051, #1889, #635, .T. ) ;
#3515 = DIRECTION ( 'NONE',  ( -0.0000000000000000000, -1.000000000000000000, -0.0000000000000000000 ) ) ;
#3516 = VERTEX_POINT ( 'NONE', #1658 ) ;
#3517 = AXIS2_PLACEMENT_3D ( 'NONE', #1775, #2117, #2092 ) ;
#3518 = FACE_OUTER_BOUND ( 'NONE', #1189, .T. ) ;
#3519 = DIRECTION ( 'NONE',  ( -0.0000000000000000000, 1.000000000000000000, -0.0000000000000000000 ) ) ;
#3520 = EDGE_LOOP ( 'NONE', ( #4138, #1005, #3008, #3426 ) ) ;
#3521 = CARTESIAN_POINT ( 'NONE',  ( -1.089999999999999858, -0.4701063709417307446, 0.6250000000000000000 ) ) ;
#3522 = LINE ( 'NONE', #1208, #485 ) ;
#3523 = CARTESIAN_POINT ( 'NONE',  ( 0.0000000000000000000, 0.2000000000000000111, -0.5100000000000000089 ) ) ;
#3524 = LINE ( 'NONE', #2574, #3878 ) ;
#3525 = CARTESIAN_POINT ( 'NONE',  ( -1.089999999999999858, 0.0000000000000000000, 0.3950000000000000733 ) ) ;
#3526 = LINE ( 'NONE', #3277, #2677 ) ;
#3527 = CARTESIAN_POINT ( 'NONE',  ( -1.499999999999999556, 0.8900000000000000133, 1.500000000000000222 ) ) ;
#3528 = VERTEX_POINT ( 'NONE', #3660 ) ;
#3529 = LINE ( 'NONE', #2542, #2474 ) ;
#3530 = ORIENTED_EDGE ( 'NONE', *, *, #3699, .F. ) ;
#3531 = CARTESIAN_POINT ( 'NONE',  ( 1.089999999999999858, 0.2000000000000000111, -0.1150000000000000050 ) ) ;
#3532 = EDGE_LOOP ( 'NONE', ( #144, #2395, #809, #3821 ) ) ;
#3533 = CARTESIAN_POINT ( 'NONE',  ( -0.3949999999999947997, 0.2000000000000000111, 1.500000000000001110 ) ) ;
#3534 = EDGE_CURVE ( 'NONE', #777, #150, #1636, .T. ) ;
#3535 = ADVANCED_FACE ( 'NONE', ( #3979 ), #3284, .F. ) ;
#3536 = VECTOR ( 'NONE', #136, 1000.000000000000000 ) ;
#3537 = AXIS2_PLACEMENT_3D ( 'NONE', #3099, #2114, #2473 ) ;
#3538 = EDGE_LOOP ( 'NONE', ( #3966, #199, #1614, #1619 ) ) ;
#3539 = CARTESIAN_POINT ( 'NONE',  ( -0.6250000000000157652, 0.0000000000000000000, -1.499999999999993117 ) ) ;
#3540 = LINE ( 'NONE', #2581, #1818 ) ;
#3541 = EDGE_CURVE ( 'NONE', #2585, #2113, #3818, .T. ) ;
#3542 = VERTEX_POINT ( 'NONE', #1342 ) ;
#3543 = CARTESIAN_POINT ( 'NONE',  ( -0.3950000000000114531, -0.4701063709417307446, -1.089999999999995639 ) ) ;
#3544 = LINE ( 'NONE', #741, #4099 ) ;
#3545 = DIRECTION ( 'NONE',  ( -0.0000000000000000000, -1.000000000000000000, -0.0000000000000000000 ) ) ;
#3546 = VECTOR ( 'NONE', #23, 1000.000000000000000 ) ;
#3547 = CARTESIAN_POINT ( 'NONE',  ( -0.1149999999999947731, 0.0000000000000000000, 1.500000000000000222 ) ) ;
#3548 = ORIENTED_EDGE ( 'NONE', *, *, #3021, .T. ) ;
#3549 = DIRECTION ( 'NONE',  ( -0.0000000000000000000, 0.0000000000000000000, 1.000000000000000000 ) ) ;
#3550 = CARTESIAN_POINT ( 'NONE',  ( 0.6249999999999886757, 0.0000000000000000000, -1.090000000000006297 ) ) ;
#3551 = VERTEX_POINT ( 'NONE', #2051 ) ;
#3552 = CARTESIAN_POINT ( 'NONE',  ( 1.089999999999999858, 0.0000000000000000000, -0.1150000000000000050 ) ) ;
#3553 = DIRECTION ( 'NONE',  ( -1.000000000000000000, 0.0000000000000000000, -0.0000000000000000000 ) ) ;
#3554 = ORIENTED_EDGE ( 'NONE', *, *, #3483, .F. ) ;
#3555 = EDGE_CURVE ( 'NONE', #2367, #3113, #3260, .T. ) ;
#3556 = ORIENTED_EDGE ( 'NONE', *, *, #2939, .T. ) ;
#3557 = EDGE_CURVE ( 'NONE', #2858, #1923, #2917, .T. ) ;
#3558 = CARTESIAN_POINT ( 'NONE',  ( 1.089999999999999858, 0.2000000000000000111, -0.6250000000000000000 ) ) ;
#3559 = DIRECTION ( 'NONE',  ( 1.000000000000000000, 0.0000000000000000000, 0.0000000000000000000 ) ) ;
#3560 = ORIENTED_EDGE ( 'NONE', *, *, #2216, .T. ) ;
#3561 = APPROVAL_PERSON_ORGANIZATION ( #18, #733, #844 ) ;
#3562 = AXIS2_PLACEMENT_3D ( 'NONE', #3371, #1430, #3430 ) ;
#3563 = EDGE_LOOP ( 'NONE', ( #1580, #1832, #1876, #872 ) ) ;
#3564 = DIRECTION ( 'NONE',  ( 1.000000000000000000, 0.0000000000000000000, 0.0000000000000000000 ) ) ;
#3565 = CARTESIAN_POINT ( 'NONE',  ( -1.244903562631567429, 0.05000000000000000278, -1.400616594575732288 ) ) ;
#3566 = VECTOR ( 'NONE', #3783, 1000.000000000000000 ) ;
#3567 = DATE_AND_TIME ( #2809, #2400 ) ;
#3568 = DIRECTION ( 'NONE',  ( -3.491481338843133355E-15, 0.0000000000000000000, -1.000000000000000000 ) ) ;
#3569 = ORIENTED_EDGE ( 'NONE', *, *, #2375, .T. ) ;
#3570 = PLANE ( 'NONE',  #3795 ) ;
#3571 = LINE ( 'NONE', #3533, #2258 ) ;
#3572 = AXIS2_PLACEMENT_3D ( 'NONE', #2647, #3642, #3610 ) ;
#3573 = ORIENTED_EDGE ( 'NONE', *, *, #2137, .F. ) ;
#3574 = CARTESIAN_POINT ( 'NONE',  ( 0.6250000000000053291, 0.0000000000000000000, 1.499999999999997558 ) ) ;
#3575 = CARTESIAN_POINT ( 'NONE',  ( 0.1150000000000052369, 0.2000000000000000111, 1.499999999999999334 ) ) ;
#3576 = LINE ( 'NONE', #1790, #2669 ) ;
#3577 = ADVANCED_FACE ( 'NONE', ( #2462 ), #2664, .F. ) ;
#3578 = ORIENTED_EDGE ( 'NONE', *, *, #1695, .T. ) ;
#3579 = ORIENTED_EDGE ( 'NONE', *, *, #3041, .F. ) ;
#3580 = CARTESIAN_POINT ( 'NONE',  ( 0.1149999999999842953, 0.0000000000000000000, -1.500000000000001110 ) ) ;
#3581 = VECTOR ( 'NONE', #459, 1000.000000000000000 ) ;
#3582 = CARTESIAN_POINT ( 'NONE',  ( 1.089999999999999858, 0.2000000000000000111, -0.3950000000000000733 ) ) ;
#3583 = EDGE_LOOP ( 'NONE', ( #493, #362, #3625, #2135 ) ) ;
#3584 = VECTOR ( 'NONE', #3438, 1000.000000000000000 ) ;
#3585 = ORIENTED_EDGE ( 'NONE', *, *, #3063, .F. ) ;
#3586 = ORIENTED_EDGE ( 'NONE', *, *, #468, .T. ) ;
#3587 = VECTOR ( 'NONE', #175, 1000.000000000000000 ) ;
#3588 = DIRECTION ( 'NONE',  ( 1.000000000000000000, -0.0000000000000000000, 0.0000000000000000000 ) ) ;
#3589 = EDGE_CURVE ( 'NONE', #622, #2291, #2206, .T. ) ;
#3590 = AXIS2_PLACEMENT_3D ( 'NONE', #1291, #3568, #1632 ) ;
#3591 = LINE ( 'NONE', #2218, #3841 ) ;
#3592 = DIRECTION ( 'NONE',  ( -1.000000000000000000, 0.0000000000000000000, -0.0000000000000000000 ) ) ;
#3593 = CARTESIAN_POINT ( 'NONE',  ( 1.500000000000000444, 0.8900000000000000133, 1.499999999999999778 ) ) ;
#3594 = FACE_OUTER_BOUND ( 'NONE', #1193, .T. ) ;
#3595 = EDGE_CURVE ( 'NONE', #3528, #1261, #2408, .T. ) ;
#3596 = ADVANCED_FACE ( 'NONE', ( #1328 ), #3706, .F. ) ;
#3597 = AXIS2_PLACEMENT_3D ( 'NONE', #3374, #1389, #2072 ) ;
#3598 = LINE ( 'NONE', #3747, #3846 ) ;
#3599 = DIRECTION ( 'NONE',  ( -0.0000000000000000000, -1.000000000000000000, -0.0000000000000000000 ) ) ;
#3600 = DIRECTION ( 'NONE',  ( -0.0000000000000000000, -1.000000000000000000, -0.0000000000000000000 ) ) ;
#3601 = ORIENTED_EDGE ( 'NONE', *, *, #1500, .T. ) ;
#3602 = DIRECTION ( 'NONE',  ( -0.0000000000000000000, 1.000000000000000000, -0.0000000000000000000 ) ) ;
#3603 = ADVANCED_FACE ( 'NONE', ( #2617 ), #4025, .F. ) ;
#3604 = ORIENTED_EDGE ( 'NONE', *, *, #3451, .T. ) ;
#3605 = DIRECTION ( 'NONE',  ( -0.0000000000000000000, 1.000000000000000000, -0.0000000000000000000 ) ) ;
#3606 = DIRECTION ( 'NONE',  ( 3.771137991253928672E-15, 0.0000000000000000000, 1.000000000000000000 ) ) ;
#3607 = ORIENTED_EDGE ( 'NONE', *, *, #1622, .F. ) ;
#3608 = DIRECTION ( 'NONE',  ( 0.0000000000000000000, 0.0000000000000000000, -1.000000000000000000 ) ) ;
#3609 = CARTESIAN_POINT ( 'NONE',  ( 1.089999999999999858, -0.4701063709417307446, 0.1150000000000000050 ) ) ;
#3610 = DIRECTION ( 'NONE',  ( 0.0000000000000000000, -0.0000000000000000000, 1.000000000000000000 ) ) ;
#3611 = EDGE_CURVE ( 'NONE', #3113, #1934, #2103, .T. ) ;
#3612 = ORIENTED_EDGE ( 'NONE', *, *, #2342, .T. ) ;
#3613 = LINE ( 'NONE', #1082, #3407 ) ;
#3614 = CARTESIAN_POINT ( 'NONE',  ( -1.499999999999999778, 0.2000000000000000111, 0.6250000000000000000 ) ) ;
#3615 = CARTESIAN_POINT ( 'NONE',  ( 0.1150000000000038075, 0.0000000000000000000, 1.089999999999999414 ) ) ;
#3616 = ADVANCED_FACE ( 'NONE', ( #28 ), #3677, .F. ) ;
#3617 = ORIENTED_EDGE ( 'NONE', *, *, #2452, .T. ) ;
#3618 = LINE ( 'NONE', #3141, #1089 ) ;
#3619 = ORIENTED_EDGE ( 'NONE', *, *, #49, .T. ) ;
#3620 = EDGE_CURVE ( 'NONE', #3742, #154, #1629, .T. ) ;
#3621 = CARTESIAN_POINT ( 'NONE',  ( -1.219903562631567517, -0.0000000000000000000, -1.400616594575732510 ) ) ;
#3622 = LINE ( 'NONE', #621, #3085 ) ;
#3623 = VERTEX_POINT ( 'NONE', #3056 ) ;
#3624 = LINE ( 'NONE', #3219, #1896 ) ;
#3625 = ORIENTED_EDGE ( 'NONE', *, *, #1421, .T. ) ;
#3626 = DIRECTION ( 'NONE',  ( 1.445602896647339410E-16, -0.0000000000000000000, 1.000000000000000000 ) ) ;
#3627 = PLANE ( 'NONE',  #3572 ) ;
#3628 = VECTOR ( 'NONE', #4177, 1000.000000000000000 ) ;
#3629 = AXIS2_PLACEMENT_3D ( 'NONE', #731, #397, #3341 ) ;
#3630 = EDGE_LOOP ( 'NONE', ( #3246, #2733, #4200, #2901 ) ) ;
#3631 = CARTESIAN_POINT ( 'NONE',  ( -0.6249999999999962252, -0.4701063709417307446, 1.090000000000002078 ) ) ;
#3632 = VECTOR ( 'NONE', #583, 1000.000000000000000 ) ;
#3633 = VERTEX_POINT ( 'NONE', #167 ) ;
#3634 = CARTESIAN_POINT ( 'NONE',  ( -1.499999999999999556, 0.0000000000000000000, 1.500000000000000222 ) ) ;
#3635 = LINE ( 'NONE', #1137, #811 ) ;
#3636 = VERTEX_POINT ( 'NONE', #1732 ) ;
#3637 = CARTESIAN_POINT ( 'NONE',  ( 1.499999999999999778, 0.2000000000000000111, 0.1150000000000000050 ) ) ;
#3638 = ADVANCED_FACE ( 'NONE', ( #3518 ), #1458, .F. ) ;
#3639 = EDGE_CURVE ( 'NONE', #2806, #2013, #3974, .T. ) ;
#3640 = LINE ( 'NONE', #1551, #907 ) ;
#3641 = DIRECTION ( 'NONE',  ( 0.0000000000000000000, 0.0000000000000000000, -1.000000000000000000 ) ) ;
#3642 = DIRECTION ( 'NONE',  ( 0.0000000000000000000, 1.000000000000000000, 0.0000000000000000000 ) ) ;
#3643 = ORIENTED_EDGE ( 'NONE', *, *, #1015, .T. ) ;
#3644 = LINE ( 'NONE', #1373, #2080 ) ;
#3645 = CARTESIAN_POINT ( 'NONE',  ( -0.6250000000000114353, 0.2000000000000000111, -1.089999999999993197 ) ) ;
#3646 = EDGE_CURVE ( 'NONE', #465, #1487, #1841, .T. ) ;
#3647 = AXIS2_PLACEMENT_3D ( 'NONE', #947, #2210, #1556 ) ;
#3648 = VECTOR ( 'NONE', #2594, 1000.000000000000000 ) ;
#3649 = DIRECTION ( 'NONE',  ( -0.0000000000000000000, -1.000000000000000000, 0.0000000000000000000 ) ) ;
#3650 = DIRECTION ( 'NONE',  ( -0.0000000000000000000, -1.000000000000000000, -0.0000000000000000000 ) ) ;
#3651 = ORIENTED_EDGE ( 'NONE', *, *, #298, .T. ) ;
#3652 = VECTOR ( 'NONE', #4010, 1000.000000000000000 ) ;
#3653 = EDGE_CURVE ( 'NONE', #2858, #74, #127, .T. ) ;
#3654 = CARTESIAN_POINT ( 'NONE',  ( -0.3949999999999947997, 0.0000000000000000000, 1.500000000000001110 ) ) ;
#3655 = AXIS2_PLACEMENT_3D ( 'NONE', #1099, #818, #1773 ) ;
#3656 = CARTESIAN_POINT ( 'NONE',  ( -0.1149999999999961886, 0.0000000000000000000, 1.090000000000000302 ) ) ;
#3657 = CARTESIAN_POINT ( 'NONE',  ( -0.7250000000000000888, -0.0000000000000000000, -0.7249999999999998668 ) ) ;
#3658 = ORIENTED_EDGE ( 'NONE', *, *, #873, .F. ) ;
#3659 = DIRECTION ( 'NONE',  ( -1.047444401652940007E-14, -0.0000000000000000000, -1.000000000000000000 ) ) ;
#3660 = CARTESIAN_POINT ( 'NONE',  ( -1.499999999999999778, 0.0000000000000000000, 0.6250000000000000000 ) ) ;
#3661 = ADVANCED_FACE ( 'NONE', ( #2147 ), #2704, .F. ) ;
#3662 = ORIENTED_EDGE ( 'NONE', *, *, #2836, .F. ) ;
#3663 = PLANE ( 'NONE',  #756 ) ;
#3664 = ORIENTED_EDGE ( 'NONE', *, *, #2178, .T. ) ;
#3665 = DIRECTION ( 'NONE',  ( 3.470769149724937955E-15, 0.0000000000000000000, 1.000000000000000000 ) ) ;
#3666 = CALENDAR_DATE ( 2021, 3, 4 ) ;
#3667 = ORIENTED_EDGE ( 'NONE', *, *, #3887, .F. ) ;
#3668 = ORIENTED_EDGE ( 'NONE', *, *, #2553, .F. ) ;
#3669 = CARTESIAN_POINT ( 'NONE',  ( -0.1149999999999947731, -0.0000000000000000000, 1.500000000000000222 ) ) ;
#3670 = LINE ( 'NONE', #2311, #222 ) ;
#3671 = ADVANCED_FACE ( 'NONE', ( #2055 ), #3695, .F. ) ;
#3672 = APPROVAL_PERSON_ORGANIZATION ( #877, #2330, #1826 ) ;
#3673 = EDGE_CURVE ( 'NONE', #1708, #1847, #1180, .T. ) ;
#3674 = EDGE_CURVE ( 'NONE', #909, #2761, #3106, .T. ) ;
#3675 = EDGE_LOOP ( 'NONE', ( #3725, #3455, #1435, #1400 ) ) ;
#3676 = CARTESIAN_POINT ( 'NONE',  ( 0.3950000000000038480, 0.2000000000000000111, 1.089999999999998526 ) ) ;
#3678 = CARTESIAN_POINT ( 'NONE',  ( -0.1150000000000157147, 0.0000000000000000000, -1.499999999999998446 ) ) ;
#3677 = PLANE ( 'NONE',  #3376 ) ;
#3679 = LINE ( 'NONE', #3296, #3464 ) ;
#3680 = VECTOR ( 'NONE', #352, 1000.000000000000000 ) ;
#3681 = CARTESIAN_POINT ( 'NONE',  ( -0.3950000000000157274, -0.4701063709417307446, -1.499999999999995781 ) ) ;
#3682 = ORIENTED_EDGE ( 'NONE', *, *, #508, .F. ) ;
#3683 = EDGE_CURVE ( 'NONE', #1249, #3742, #318, .T. ) ;
#3684 = VECTOR ( 'NONE', #506, 1000.000000000000000 ) ;
#3685 = AXIS2_PLACEMENT_3D ( 'NONE', #2102, #2710, #4116 ) ;
#3686 = DIRECTION ( 'NONE',  ( 1.000000000000000000, -0.0000000000000000000, -1.445602896647339163E-16 ) ) ;
#3687 = VERTEX_POINT ( 'NONE', #2812 ) ;
#3688 = VECTOR ( 'NONE', #1562, 1000.000000000000000 ) ;
#3689 = ORIENTED_EDGE ( 'NONE', *, *, #3826, .F. ) ;
#3690 = CARTESIAN_POINT ( 'NONE',  ( -1.499999999999999778, 0.0000000000000000000, -0.3950000000000000733 ) ) ;
#3691 = CARTESIAN_POINT ( 'NONE',  ( -1.499999999999999778, -0.4701063709417307446, -0.6250000000000000000 ) ) ;
#3692 = EDGE_LOOP ( 'NONE', ( #4091, #2903, #67, #4044 ) ) ;
#3693 = LINE ( 'NONE', #3465, #3584 ) ;
#3694 = ORIENTED_EDGE ( 'NONE', *, *, #3339, .T. ) ;
#3695 = PLANE ( 'NONE',  #2086 ) ;
#3696 = VECTOR ( 'NONE', #2089, 1000.000000000000000 ) ;
#3697 = PLANE ( 'NONE',  #502 ) ;
#3698 = VECTOR ( 'NONE', #416, 1000.000000000000000 ) ;
#3699 = EDGE_CURVE ( 'NONE', #952, #2963, #2503, .T. ) ;
#3700 = DIRECTION ( 'NONE',  ( 3.491481338843133355E-15, -0.0000000000000000000, 1.000000000000000000 ) ) ;
#3701 = CLOSED_SHELL ( 'NONE', ( #588, #32, #1413, #2200, #413, #346 ) ) ;
#3702 = EDGE_CURVE ( 'NONE', #2547, #3816, #421, .T. ) ;
#3703 = CARTESIAN_POINT ( 'NONE',  ( 0.3949999999999886380, 0.2000000000000000111, -1.090000000000003633 ) ) ;
#3704 = FACE_OUTER_BOUND ( 'NONE', #3467, .T. ) ;
#3705 = CARTESIAN_POINT ( 'NONE',  ( 0.6249999999999843459, 0.0000000000000000000, -1.500000000000006217 ) ) ;
#3706 = PLANE ( 'NONE',  #788 ) ;
#3707 = VECTOR ( 'NONE', #1675, 1000.000000000000000 ) ;
#3708 = EDGE_CURVE ( 'NONE', #286, #2695, #2666, .T. ) ;
#3710 = LINE ( 'NONE', #3163, #2851 ) ;
#3709 = CARTESIAN_POINT ( 'NONE',  ( 1.089999999999999858, 0.2000000000000000111, -0.6250000000000000000 ) ) ;
#3711 = DIRECTION ( 'NONE',  ( -1.000000000000000000, 0.0000000000000000000, 1.131341397376178602E-14 ) ) ;
#3712 = AXIS2_PLACEMENT_3D ( 'NONE', #3920, #1646, #1627 ) ;
#3713 = ORIENTED_EDGE ( 'NONE', *, *, #3826, .T. ) ;
#3714 = DIRECTION ( 'NONE',  ( 0.0000000000000000000, 0.0000000000000000000, -1.000000000000000000 ) ) ;
#3715 = ORIENTED_EDGE ( 'NONE', *, *, #4003, .F. ) ;
#3716 = CARTESIAN_POINT ( 'NONE',  ( 0.1150000000000052369, 0.2000000000000000111, 1.499999999999999334 ) ) ;
#3717 = DIRECTION ( 'NONE',  ( 0.0000000000000000000, 0.0000000000000000000, -1.000000000000000000 ) ) ;
#3718 = EDGE_LOOP ( 'NONE', ( #1398, #3658, #2906, #3154 ) ) ;
#3719 = DIRECTION ( 'NONE',  ( 1.000000000000000000, 0.0000000000000000000, -1.047841733774100299E-14 ) ) ;
#3720 = CARTESIAN_POINT ( 'NONE',  ( 0.0000000000000000000, 0.0000000000000000000, 0.0000000000000000000 ) ) ;
#3721 = ORIENTED_EDGE ( 'NONE', *, *, #1268, .T. ) ;
#3722 = FACE_OUTER_BOUND ( 'NONE', #3532, .T. ) ;
#3723 = CARTESIAN_POINT ( 'NONE',  ( -1.499999999999999778, 0.0000000000000000000, 0.1150000000000000050 ) ) ;
#3724 = DIRECTION ( 'NONE',  ( 0.0000000000000000000, 0.0000000000000000000, -1.000000000000000000 ) ) ;
#3725 = ORIENTED_EDGE ( 'NONE', *, *, #228, .T. ) ;
#3726 = LINE ( 'NONE', #882, #1480 ) ;
#3727 = ORIENTED_EDGE ( 'NONE', *, *, #2596, .T. ) ;
#3728 = CARTESIAN_POINT ( 'NONE',  ( 0.6250000000000053291, 0.0000000000000000000, 1.499999999999997558 ) ) ;
#3729 = CARTESIAN_POINT ( 'NONE',  ( 1.500000000000000444, 0.8900000000000000133, 1.499999999999999778 ) ) ;
#3730 = AXIS2_PLACEMENT_3D ( 'NONE', #1713, #2989, #50 ) ;
#3731 = VERTEX_POINT ( 'NONE', #2831 ) ;
#3732 = CARTESIAN_POINT ( 'NONE',  ( -0.1150000000000114125, 0.2000000000000000111, -1.089999999999998526 ) ) ;
#3733 = VECTOR ( 'NONE', #3686, 1000.000000000000000 ) ;
#3734 = CARTESIAN_POINT ( 'NONE',  ( 0.6250000000000037748, -0.4701063709417307446, 1.089999999999997637 ) ) ;
#3735 = VERTEX_POINT ( 'NONE', #3450 ) ;
#3736 = AXIS2_PLACEMENT_3D ( 'NONE', #3288, #1347, #1995 ) ;
#3737 = CARTESIAN_POINT ( 'NONE',  ( -1.089999999999999858, 0.2000000000000000111, -0.1150000000000000050 ) ) ;
#3738 = CARTESIAN_POINT ( 'NONE',  ( -1.219903562631567517, 0.05000000000000000278, -1.400616594575732510 ) ) ;
#3739 = ORIENTED_EDGE ( 'NONE', *, *, #501, .F. ) ;
#3740 = ORIENTED_EDGE ( 'NONE', *, *, #1303, .T. ) ;
#3741 = LINE ( 'NONE', #1742, #1062 ) ;
#3742 = VERTEX_POINT ( 'NONE', #1819 ) ;
#3743 = CARTESIAN_POINT ( 'NONE',  ( -1.244903562631567429, 0.05000000000000000278, -1.114999999999993330 ) ) ;
#3744 = LINE ( 'NONE', #2534, #606 ) ;
#3745 = CARTESIAN_POINT ( 'NONE',  ( 0.1150000000000052369, 0.2000000000000000111, 1.499999999999999334 ) ) ;
#3746 = VERTEX_POINT ( 'NONE', #1499 ) ;
#3747 = CARTESIAN_POINT ( 'NONE',  ( 1.089999999999999858, 0.2000000000000000111, 0.1150000000000000050 ) ) ;
#3748 = FACE_OUTER_BOUND ( 'NONE', #553, .T. ) ;
#3749 = CARTESIAN_POINT ( 'NONE',  ( -0.1150000000000157147, 0.0000000000000000000, -1.499999999999998446 ) ) ;
#3750 = DIRECTION ( 'NONE',  ( -0.0000000000000000000, 1.000000000000000000, -0.0000000000000000000 ) ) ;
#3751 = LINE ( 'NONE', #1121, #3140 ) ;
#3752 = EDGE_CURVE ( 'NONE', #909, #2529, #842, .T. ) ;
#3753 = ORIENTED_EDGE ( 'NONE', *, *, #1127, .F. ) ;
#3754 = PLANE ( 'NONE',  #3537 ) ;
#3755 = DIRECTION ( 'NONE',  ( 0.0000000000000000000, 0.0000000000000000000, -1.000000000000000000 ) ) ;
#3756 = CARTESIAN_POINT ( 'NONE',  ( 0.1150000000000052369, 0.0000000000000000000, 1.499999999999999334 ) ) ;
#3757 = PLANE ( 'NONE',  #3914 ) ;
#3758 = ORIENTED_EDGE ( 'NONE', *, *, #2618, .T. ) ;
#3759 = CARTESIAN_POINT ( 'NONE',  ( 0.7249999999999998668, 0.05000000000000000278, -0.7249999999999998668 ) ) ;
#3760 = DIRECTION ( 'NONE',  ( 1.495451272393799296E-16, -0.0000000000000000000, -1.000000000000000000 ) ) ;
#3761 = LINE ( 'NONE', #1355, #4175 ) ;
#3762 = DIRECTION ( 'NONE',  ( -0.0000000000000000000, -1.000000000000000000, -0.0000000000000000000 ) ) ;
#3763 = ORIENTED_EDGE ( 'NONE', *, *, #722, .F. ) ;
#3764 = DIRECTION ( 'NONE',  ( -3.491481338843133355E-15, 0.0000000000000000000, -1.000000000000000000 ) ) ;
#3765 = VECTOR ( 'NONE', #562, 1000.000000000000000 ) ;
#3766 = DIRECTION ( 'NONE',  ( 0.0000000000000000000, 0.0000000000000000000, -1.000000000000000000 ) ) ;
#3767 = APPROVAL_DATE_TIME ( #1736, #971 ) ;
#3768 = FACE_OUTER_BOUND ( 'NONE', #3931, .T. ) ;
#3769 = EDGE_LOOP ( 'NONE', ( #2514, #3667, #2221, #520 ) ) ;
#3770 = ADVANCED_FACE ( 'NONE', ( #2813 ), #2133, .F. ) ;
#3771 = LINE ( 'NONE', #424, #1434 ) ;
#3772 = EDGE_CURVE ( 'NONE', #2499, #97, #1940, .T. ) ;
#3773 = VERTEX_POINT ( 'NONE', #4124 ) ;
#3774 = DIRECTION ( 'NONE',  ( 0.0000000000000000000, 0.0000000000000000000, -1.000000000000000000 ) ) ;
#3775 = VECTOR ( 'NONE', #287, 1000.000000000000000 ) ;
#3776 = CARTESIAN_POINT ( 'NONE',  ( 0.6249999999999843459, -0.4701063709417307446, -1.500000000000006217 ) ) ;
#3777 = APPLICATION_PROTOCOL_DEFINITION ( 'international standard', 'config_control_design', 1994, #2786 ) ;
#3778 = ORIENTED_EDGE ( 'NONE', *, *, #3022, .T. ) ;
#3779 = CARTESIAN_POINT ( 'NONE',  ( -1.499999999999999778, 0.2000000000000000111, -0.3950000000000000733 ) ) ;
#3780 = VECTOR ( 'NONE', #265, 1000.000000000000000 ) ;
#3781 = AXIS2_PLACEMENT_3D ( 'NONE', #3929, #2275, #2285 ) ;
#3782 = ORIENTED_EDGE ( 'NONE', *, *, #912, .T. ) ;
#3783 = DIRECTION ( 'NONE',  ( -0.0000000000000000000, -1.000000000000000000, -0.0000000000000000000 ) ) ;
#3784 = AXIS2_PLACEMENT_3D ( 'NONE', #1420, #2828, #212 ) ;
#3785 = PLANE ( 'NONE',  #2205 ) ;
#3786 = FACE_OUTER_BOUND ( 'NONE', #2423, .T. ) ;
#3787 = ORIENTED_EDGE ( 'NONE', *, *, #3447, .T. ) ;
#3788 = VECTOR ( 'NONE', #3760, 1000.000000000000000 ) ;
#3789 = ORIENTED_EDGE ( 'NONE', *, *, #2705, .F. ) ;
#3790 = DIRECTION ( 'NONE',  ( 1.057758217059028785E-14, 0.0000000000000000000, 1.000000000000000000 ) ) ;
#3791 = LINE ( 'NONE', #2305, #2988 ) ;
#3792 = FACE_OUTER_BOUND ( 'NONE', #1838, .T. ) ;
#3793 = MANIFOLD_SOLID_BREP ( 'Boss-Extrude2[1]', #2949 ) ;
#3794 = ORIENTED_EDGE ( 'NONE', *, *, #3595, .F. ) ;
#3795 = AXIS2_PLACEMENT_3D ( 'NONE', #4156, #1265, #4182 ) ;
#3796 = VECTOR ( 'NONE', #1808, 1000.000000000000000 ) ;
#3797 = PLANE ( 'NONE',  #1552 ) ;
#3798 = VECTOR ( 'NONE', #1195, 1000.000000000000000 ) ;
#3799 = CARTESIAN_POINT ( 'NONE',  ( -0.3949999999999947997, 0.2000000000000000111, 1.500000000000001110 ) ) ;
#3800 = VERTEX_POINT ( 'NONE', #1840 ) ;
#3801 = EDGE_CURVE ( 'NONE', #1470, #17, #372, .T. ) ;
#3802 = CARTESIAN_POINT ( 'NONE',  ( -1.089999999999999858, 0.2000000000000000111, -0.3950000000000000733 ) ) ;
#3803 = DATE_TIME_ROLE ( 'creation_date' ) ;
#3804 = EDGE_LOOP ( 'NONE', ( #1949, #3668, #1384, #3579, #2620, #682, #382, #2399, #2927, #2592, #851, #1269, #3194, #747, #3915, #3573, #526, #1224, #266, #3058, #2019, #2450, #2459, #3294, #437, #2668, #2209, #2551, #2558, #432, #1360, #3023, #3, #2720, #99, #3689, #62, #3662, #1233, #551, #2250, #1930, #3585, #1272, #2476, #2975, #364, #135, #166, #942, #3607, #3502 ) ) ;
#3805 = VERTEX_POINT ( 'NONE', #514 ) ;
#3806 = ADVANCED_FACE ( 'NONE', ( #2355 ), #1174, .F. ) ;
#3807 = CARTESIAN_POINT ( 'NONE',  ( -0.3950000000000157274, -0.4701063709417307446, -1.499999999999995781 ) ) ;
#3808 = EDGE_CURVE ( 'NONE', #2865, #1751, #3726, .T. ) ;
#3809 = CARTESIAN_POINT ( 'NONE',  ( 1.499999999999999778, 0.2000000000000000111, -0.3950000000000000733 ) ) ;
#3810 = ORIENTED_EDGE ( 'NONE', *, *, #2506, .F. ) ;
#3811 = EDGE_LOOP ( 'NONE', ( #106, #3258, #1512, #3727 ) ) ;
#3812 = CARTESIAN_POINT ( 'NONE',  ( 0.3949999999999886380, 0.2000000000000000111, -1.090000000000003633 ) ) ;
#3813 = ORIENTED_EDGE ( 'NONE', *, *, #2095, .T. ) ;
#3814 = COORDINATED_UNIVERSAL_TIME_OFFSET ( 5, 30, .AHEAD. ) ;
#3815 = DIRECTION ( 'NONE',  ( 0.0000000000000000000, -1.000000000000000000, 0.0000000000000000000 ) ) ;
#3816 = VERTEX_POINT ( 'NONE', #2789 ) ;
#3817 = CARTESIAN_POINT ( 'NONE',  ( -1.219903562631567517, 0.05000000000000000278, -1.400616594575732510 ) ) ;
#3818 = LINE ( 'NONE', #3615, #1748 ) ;
#3819 = ORIENTED_EDGE ( 'NONE', *, *, #1830, .T. ) ;
#3820 = VECTOR ( 'NONE', #464, 1000.000000000000000 ) ;
#3821 = ORIENTED_EDGE ( 'NONE', *, *, #2651, .T. ) ;
#3822 = VECTOR ( 'NONE', #1514, 1000.000000000000000 ) ;
#3823 = LINE ( 'NONE', #1024, #745 ) ;
#3824 = ORIENTED_EDGE ( 'NONE', *, *, #3752, .T. ) ;
#3825 = VECTOR ( 'NONE', #3333, 1000.000000000000000 ) ;
#3826 = EDGE_CURVE ( 'NONE', #1843, #2796, #3618, .T. ) ;
#3827 = ADVANCED_FACE ( 'NONE', ( #1380 ), #2159, .F. ) ;
#3828 = VERTEX_POINT ( 'NONE', #4108 ) ;
#3829 = PLANE ( 'NONE',  #1906 ) ;
#3830 = LINE ( 'NONE', #4041, #492 ) ;
#3831 = CARTESIAN_POINT ( 'NONE',  ( -1.089999999999999858, 0.2000000000000000111, 0.1150000000000000050 ) ) ;
#3832 = PLANE ( 'NONE',  #4191 ) ;
#3833 = ORIENTED_EDGE ( 'NONE', *, *, #3255, .F. ) ;
#3834 = EDGE_CURVE ( 'NONE', #1591, #2645, #83, .T. ) ;
#3835 = ORIENTED_EDGE ( 'NONE', *, *, #2452, .F. ) ;
#3836 = DIRECTION ( 'NONE',  ( -1.000000000000000000, 0.0000000000000000000, 0.0000000000000000000 ) ) ;
#3837 = AXIS2_PLACEMENT_3D ( 'NONE', #4193, #335, #964 ) ;
#3838 = VERTEX_POINT ( 'NONE', #4084 ) ;
#3839 = EDGE_LOOP ( 'NONE', ( #3125, #3342, #3201, #3782 ) ) ;
#3840 = CARTESIAN_POINT ( 'NONE',  ( -0.3950000000000114531, 0.0000000000000000000, -1.089999999999995639 ) ) ;
#3841 = VECTOR ( 'NONE', #1295, 1000.000000000000000 ) ;
#3842 = CARTESIAN_POINT ( 'NONE',  ( 0.6250000000000037748, 0.0000000000000000000, 1.089999999999997637 ) ) ;
#3843 = LINE ( 'NONE', #120, #2276 ) ;
#3844 = CARTESIAN_POINT ( 'NONE',  ( 0.0000000000000000000, 0.2000000000000000111, 0.0000000000000000000 ) ) ;
#3845 = DIRECTION ( 'NONE',  ( 1.000000000000000000, 0.0000000000000000000, -3.491481338843133355E-15 ) ) ;
#3846 = VECTOR ( 'NONE', #1418, 1000.000000000000000 ) ;
#3847 = CARTESIAN_POINT ( 'NONE',  ( -1.499999999999999778, -0.4701063709417307446, 0.1150000000000000050 ) ) ;
#3848 = ADVANCED_FACE ( 'NONE', ( #2713 ), #1802, .F. ) ;
#3849 = ORIENTED_EDGE ( 'NONE', *, *, #151, .F. ) ;
#3850 = DIRECTION ( 'NONE',  ( 3.491481338843133355E-15, -0.0000000000000000000, 1.000000000000000000 ) ) ;
#3851 = DIRECTION ( 'NONE',  ( 1.044536239345790803E-14, 0.0000000000000000000, 1.000000000000000000 ) ) ;
#3852 = CARTESIAN_POINT ( 'NONE',  ( 1.089999999999999858, 0.2000000000000000111, -0.3950000000000000733 ) ) ;
#3853 = DIRECTION ( 'NONE',  ( 1.000000000000000000, 0.0000000000000000000, -0.0000000000000000000 ) ) ;
#3854 = ORIENTED_EDGE ( 'NONE', *, *, #3702, .F. ) ;
#3855 = DIRECTION ( 'NONE',  ( 0.0000000000000000000, -0.0000000000000000000, -1.000000000000000000 ) ) ;
#3856 = EDGE_CURVE ( 'NONE', #3185, #1751, #2003, .T. ) ;
#3857 = VERTEX_POINT ( 'NONE', #1987 ) ;
#3858 = EDGE_LOOP ( 'NONE', ( #1939, #928, #3940, #847 ) ) ;
#3859 = AXIS2_PLACEMENT_3D ( 'NONE', #1980, #2916, #302 ) ;
#3860 = CARTESIAN_POINT ( 'NONE',  ( 1.089999999999999858, 0.0000000000000000000, -0.3950000000000000733 ) ) ;
#3861 = ORIENTED_EDGE ( 'NONE', *, *, #329, .T. ) ;
#3862 = DIRECTION ( 'NONE',  ( 1.000000000000000000, 0.0000000000000000000, -0.0000000000000000000 ) ) ;
#3863 = VECTOR ( 'NONE', #716, 1000.000000000000000 ) ;
#3864 = VERTEX_POINT ( 'NONE', #1654 ) ;
#3865 = EDGE_CURVE ( 'NONE', #349, #3355, #3413, .T. ) ;
#3866 = DIRECTION ( 'NONE',  ( 0.0000000000000000000, 1.000000000000000000, 0.0000000000000000000 ) ) ;
#3867 = ORIENTED_EDGE ( 'NONE', *, *, #3254, .F. ) ;
#3868 = PRODUCT_DEFINITION ( 'UNKNOWN', '', #2852, #173 ) ;
#3869 = CIRCLE ( 'NONE', #1452, 0.02500000000000006384 ) ;
#3870 = CARTESIAN_POINT ( 'NONE',  ( 0.1149999999999885975, 0.2000000000000000111, -1.090000000000001190 ) ) ;
#3871 = PERSON_AND_ORGANIZATION ( #751, #3054 ) ;
#3872 = ORIENTED_EDGE ( 'NONE', *, *, #1071, .T. ) ;
#3873 = CARTESIAN_POINT ( 'NONE',  ( 1.499999999999999556, 0.0000000000000000000, 0.3950000000000000733 ) ) ;
#3874 = VECTOR ( 'NONE', #2621, 1000.000000000000000 ) ;
#3875 = DIRECTION ( 'NONE',  ( -0.0000000000000000000, 0.0000000000000000000, 1.000000000000000000 ) ) ;
#3876 = CARTESIAN_POINT ( 'NONE',  ( 1.089999999999999858, 0.0000000000000000000, -0.1150000000000000050 ) ) ;
#3877 = ORIENTED_EDGE ( 'NONE', *, *, #2438, .F. ) ;
#3878 = VECTOR ( 'NONE', #3564, 1000.000000000000000 ) ;
#3879 = VECTOR ( 'NONE', #2570, 1000.000000000000000 ) ;
#3880 = VERTEX_POINT ( 'NONE', #1240 ) ;
#3881 = CARTESIAN_POINT ( 'NONE',  ( -0.3949999999999947997, -0.4701063709417307446, 1.500000000000001110 ) ) ;
#3882 = LINE ( 'NONE', #3380, #2369 ) ;
#3883 = ORIENTED_EDGE ( 'NONE', *, *, #578, .F. ) ;
#3884 = DIRECTION ( 'NONE',  ( 1.047444401652940007E-14, 0.0000000000000000000, 1.000000000000000000 ) ) ;
#3885 = VERTEX_POINT ( 'NONE', #3189 ) ;
#3886 = CARTESIAN_POINT ( 'NONE',  ( -0.6250000000000157652, 0.2000000000000000111, -1.499999999999993117 ) ) ;
#3887 = EDGE_CURVE ( 'NONE', #1261, #622, #528, .T. ) ;
#3888 = FACE_OUTER_BOUND ( 'NONE', #2844, .T. ) ;
#3889 = EDGE_CURVE ( 'NONE', #2881, #1860, #1892, .T. ) ;
#3890 = EDGE_LOOP ( 'NONE', ( #3457, #2665, #4050, #592 ) ) ;
#3891 = VERTEX_POINT ( 'NONE', #1548 ) ;
#3892 = CARTESIAN_POINT ( 'NONE',  ( -0.1149999999999947731, 0.2000000000000000111, 1.500000000000000222 ) ) ;
#3893 = LINE ( 'NONE', #999, #1764 ) ;
#3894 = EDGE_CURVE ( 'NONE', #1623, #661, #3670, .T. ) ;
#3895 = CARTESIAN_POINT ( 'NONE',  ( 7.984738021192883479E-17, 0.2000000000000000111, 0.5100000000000000089 ) ) ;
#3896 = ADVANCED_FACE ( 'NONE', ( #2566 ), #1254, .F. ) ;
#3897 = AXIS2_PLACEMENT_3D ( 'NONE', #4063, #2164, #2439 ) ;
#3898 = CYLINDRICAL_SURFACE ( 'NONE', #1617, 0.02500000000000006384 ) ;
#3899 = DIRECTION ( 'NONE',  ( -3.470769149724937955E-15, 0.0000000000000000000, -1.000000000000000000 ) ) ;
#3900 = VECTOR ( 'NONE', #3295, 1000.000000000000000 ) ;
#3901 = DIRECTION ( 'NONE',  ( 3.491481338843133355E-15, -0.0000000000000000000, 1.000000000000000000 ) ) ;
#3902 = SECURITY_CLASSIFICATION ( '', '', #1494 ) ;
#3903 = VERTEX_POINT ( 'NONE', #3527 ) ;
#3904 = CARTESIAN_POINT ( 'NONE',  ( 1.499999999999999778, 0.0000000000000000000, -0.1150000000000000050 ) ) ;
#3905 = VECTOR ( 'NONE', #3592, 1000.000000000000000 ) ;
#3906 = CARTESIAN_POINT ( 'NONE',  ( 0.7249999999999996447, 0.05000000000000000278, 0.7250000000000000888 ) ) ;
#3907 = CARTESIAN_POINT ( 'NONE',  ( -0.6249999999999962252, -0.4701063709417307446, 1.090000000000002078 ) ) ;
#3908 = PLANE ( 'NONE',  #1569 ) ;
#3909 = EDGE_CURVE ( 'NONE', #1860, #2804, #3869, .T. ) ;
#3910 = ORIENTED_EDGE ( 'NONE', *, *, #3952, .T. ) ;
#3911 = EDGE_CURVE ( 'NONE', #3297, #930, #3458, .T. ) ;
#3912 = PLANE ( 'NONE',  #1806 ) ;
#3913 = DIRECTION ( 'NONE',  ( -0.0000000000000000000, 1.000000000000000000, -0.0000000000000000000 ) ) ;
#3914 = AXIS2_PLACEMENT_3D ( 'NONE', #1462, #3443, #1791 ) ;
#3915 = ORIENTED_EDGE ( 'NONE', *, *, #3911, .F. ) ;
#3916 = ADVANCED_FACE ( 'NONE', ( #22 ), #3155, .F. ) ;
#3917 = DIRECTION ( 'NONE',  ( 1.000000000000000000, -0.0000000000000000000, 7.592011060113659166E-16 ) ) ;
#3918 = EDGE_CURVE ( 'NONE', #3355, #734, #3307, .T. ) ;
#3919 = ORIENTED_EDGE ( 'NONE', *, *, #4132, .F. ) ;
#3920 = CARTESIAN_POINT ( 'NONE',  ( 1.499999999999999778, -0.4701063709417307446, -0.1150000000000000050 ) ) ;
#3921 = CARTESIAN_POINT ( 'NONE',  ( -0.3949999999999947997, 0.2000000000000000111, 1.500000000000001110 ) ) ;
#3922 = DIRECTION ( 'NONE',  ( -1.000000000000000000, 0.0000000000000000000, -0.0000000000000000000 ) ) ;
#3923 = LINE ( 'NONE', #640, #1226 ) ;
#3924 = VERTEX_POINT ( 'NONE', #3487 ) ;
#3925 = DIRECTION ( 'NONE',  ( 0.0000000000000000000, 0.0000000000000000000, 1.000000000000000000 ) ) ;
#3926 = LINE ( 'NONE', #3886, #1532 ) ;
#3927 = DIRECTION ( 'NONE',  ( -0.0000000000000000000, -1.000000000000000000, -0.0000000000000000000 ) ) ;
#3928 = EDGE_LOOP ( 'NONE', ( #2121, #758, #3221, #179 ) ) ;
#3929 = CARTESIAN_POINT ( 'NONE',  ( 7.984738021192888409E-17, 0.2000000000000000111, -0.5100000000000000089 ) ) ;
#3930 = VECTOR ( 'NONE', #3077, 1000.000000000000000 ) ;
#3931 = EDGE_LOOP ( 'NONE', ( #2655, #2392, #1657, #39 ) ) ;
#3932 = LINE ( 'NONE', #1109, #3066 ) ;
#3933 = DIRECTION ( 'NONE',  ( -1.000000000000000000, 0.0000000000000000000, -0.0000000000000000000 ) ) ;
#3934 = CARTESIAN_POINT ( 'NONE',  ( 0.3950000000000038480, -0.4701063709417307446, 1.089999999999998526 ) ) ;
#3935 = ORIENTED_EDGE ( 'NONE', *, *, #2482, .T. ) ;
#3936 = ORIENTED_EDGE ( 'NONE', *, *, #1912, .T. ) ;
#3937 = CARTESIAN_POINT ( 'NONE',  ( 0.6249999999999843459, 0.0000000000000000000, -1.500000000000006217 ) ) ;
#3938 = ADVANCED_FACE ( 'NONE', ( #2253 ), #2869, .F. ) ;
#3939 = VECTOR ( 'NONE', #3498, 1000.000000000000000 ) ;
#3940 = ORIENTED_EDGE ( 'NONE', *, *, #2939, .F. ) ;
#3941 = DIRECTION ( 'NONE',  ( -1.057758217059028785E-14, 0.0000000000000000000, -1.000000000000000000 ) ) ;
#3942 = DIRECTION ( 'NONE',  ( 0.0000000000000000000, 0.0000000000000000000, -1.000000000000000000 ) ) ;
#3943 = EDGE_LOOP ( 'NONE', ( #3414, #1483, #1156, #3322 ) ) ;
#3944 = VECTOR ( 'NONE', #542, 1000.000000000000000 ) ;
#3945 = CARTESIAN_POINT ( 'NONE',  ( -1.263869961068817407E-16, 0.2000000000000000111, 0.5100000000000000089 ) ) ;
#3946 = DIRECTION ( 'NONE',  ( 1.000000000000000000, -0.0000000000000000000, 0.0000000000000000000 ) ) ;
#3947 = EDGE_CURVE ( 'NONE', #1218, #3687, #1039, .T. ) ;
#3948 = LINE ( 'NONE', #3200, #4098 ) ;
#3949 = ADVANCED_FACE ( 'NONE', ( #1579 ), #282, .F. ) ;
#3950 = EDGE_LOOP ( 'NONE', ( #2555, #1649, #3006, #3721 ) ) ;
#3951 = LINE ( 'NONE', #163, #2232 ) ;
#3952 = EDGE_CURVE ( 'NONE', #2871, #205, #3007, .T. ) ;
#3953 = CARTESIAN_POINT ( 'NONE',  ( -0.9999999999999995559, 0.8400000000000000799, -1.175000000000000044 ) ) ;
#3954 = ORIENTED_EDGE ( 'NONE', *, *, #611, .T. ) ;
#3955 = PLANE ( 'NONE',  #2026 ) ;
#3956 = VECTOR ( 'NONE', #3711, 1000.000000000000000 ) ;
#3957 = CARTESIAN_POINT ( 'NONE',  ( -1.089999999999999858, 0.0000000000000000000, 0.1150000000000000050 ) ) ;
#3958 = CLOSED_SHELL ( 'NONE', ( #1021, #3827, #1108, #3916, #4133, #2957 ) ) ;
#3959 = VECTOR ( 'NONE', #2697, 1000.000000000000000 ) ;
#3960 = PLANE ( 'NONE',  #663 ) ;
#3961 = CARTESIAN_POINT ( 'NONE',  ( -0.9999999999999995559, 0.8900000000000000133, -1.000000000000000000 ) ) ;
#3962 = ADVANCED_FACE ( 'NONE', ( #4179 ), #3199, .F. ) ;
#3963 = ORIENTED_EDGE ( 'NONE', *, *, #3447, .F. ) ;
#3964 = CARTESIAN_POINT ( 'NONE',  ( -0.3949999999999962430, 0.0000000000000000000, 1.090000000000001190 ) ) ;
#3965 = DIRECTION ( 'NONE',  ( -0.0000000000000000000, -1.000000000000000000, -0.0000000000000000000 ) ) ;
#3966 = ORIENTED_EDGE ( 'NONE', *, *, #3674, .F. ) ;
#3967 = DIRECTION ( 'NONE',  ( -0.0000000000000000000, -1.000000000000000000, -0.0000000000000000000 ) ) ;
#3968 = EDGE_CURVE ( 'NONE', #4083, #3885, #3761, .T. ) ;
#3969 = EDGE_LOOP ( 'NONE', ( #1023, #1425, #3039, #2363 ) ) ;
#3970 = DIRECTION ( 'NONE',  ( -0.0000000000000000000, -1.000000000000000000, -0.0000000000000000000 ) ) ;
#3971 = DIRECTION ( 'NONE',  ( 1.000000000000000000, 0.0000000000000000000, -3.491481338843133355E-15 ) ) ;
#3972 = AXIS2_PLACEMENT_3D ( 'NONE', #2328, #1635, #1337 ) ;
#3973 = ORIENTED_EDGE ( 'NONE', *, *, #3120, .F. ) ;
#3974 = LINE ( 'NONE', #126, #2912 ) ;
#3975 = ORIENTED_EDGE ( 'NONE', *, *, #1724, .T. ) ;
#3976 = EDGE_CURVE ( 'NONE', #1623, #1909, #267, .T. ) ;
#3977 = COORDINATED_UNIVERSAL_TIME_OFFSET ( 5, 30, .AHEAD. ) ;
#3978 = ORIENTED_EDGE ( 'NONE', *, *, #1204, .F. ) ;
#3979 = FACE_OUTER_BOUND ( 'NONE', #3241, .T. ) ;
#3980 = DIRECTION ( 'NONE',  ( -0.0000000000000000000, -1.000000000000000000, -0.0000000000000000000 ) ) ;
#3981 = ADVANCED_FACE ( 'NONE', ( #3722 ), #65, .F. ) ;
#3982 = LINE ( 'NONE', #2973, #3820 ) ;
#3983 = ORIENTED_EDGE ( 'NONE', *, *, #3909, .T. ) ;
#3984 = MANIFOLD_SOLID_BREP ( 'Boss-Extrude2[4]', #3958 ) ;
#3985 = VECTOR ( 'NONE', #2656, 1000.000000000000000 ) ;
#3986 = CC_DESIGN_SECURITY_CLASSIFICATION ( #3902, ( #1606 ) ) ;
#3987 = CARTESIAN_POINT ( 'NONE',  ( 0.1149999999999885975, 0.0000000000000000000, -1.090000000000001190 ) ) ;
#3988 = ORIENTED_EDGE ( 'NONE', *, *, #2516, .F. ) ;
#3989 = CARTESIAN_POINT ( 'NONE',  ( 1.089999999999999636, 0.2000000000000000111, 0.3950000000000000733 ) ) ;
#3990 = LINE ( 'NONE', #2773, #2829 ) ;
#3991 = ORIENTED_EDGE ( 'NONE', *, *, #3390, .T. ) ;
#3992 = ORIENTED_EDGE ( 'NONE', *, *, #3752, .F. ) ;
#3993 = ADVANCED_FACE ( 'NONE', ( #1528 ), #2976, .T. ) ;
#3994 = LINE ( 'NONE', #3151, #1004 ) ;
#3995 = ORIENTED_EDGE ( 'NONE', *, *, #2045, .T. ) ;
#3996 = EDGE_CURVE ( 'NONE', #2616, #1733, #417, .T. ) ;
#3997 = EDGE_CURVE ( 'NONE', #3516, #1642, #2863, .T. ) ;
#3998 = FACE_OUTER_BOUND ( 'NONE', #1077, .T. ) ;
#3999 = CARTESIAN_POINT ( 'NONE',  ( -0.7250000000000003109, 0.05000000000000000278, 0.7250000000000000888 ) ) ;
#4000 = FACE_OUTER_BOUND ( 'NONE', #3890, .T. ) ;
#4001 = CARTESIAN_POINT ( 'NONE',  ( -1.499999999999999778, -0.4701063709417307446, 0.6250000000000000000 ) ) ;
#4002 = CARTESIAN_POINT ( 'NONE',  ( -1.499999999999999778, 0.2000000000000000111, 0.3950000000000000733 ) ) ;
#4003 = EDGE_CURVE ( 'NONE', #4033, #1694, #735, .T. ) ;
#4004 = EDGE_LOOP ( 'NONE', ( #1175, #414, #3183, #3569 ) ) ;
#4005 = LINE ( 'NONE', #2222, #658 ) ;
#4006 = PLANE ( 'NONE',  #3597 ) ;
#4007 = CARTESIAN_POINT ( 'NONE',  ( -0.3950000000000157274, 0.2000000000000000111, -1.499999999999995781 ) ) ;
#4008 = EDGE_LOOP ( 'NONE', ( #2985, #2194, #2717, #692 ) ) ;
#4009 = VECTOR ( 'NONE', #2902, 1000.000000000000000 ) ;
#4010 = DIRECTION ( 'NONE',  ( -3.491481338843133355E-15, 0.0000000000000000000, -1.000000000000000000 ) ) ;
#4011 = CARTESIAN_POINT ( 'NONE',  ( -0.9999999999999995559, 0.8400000000000000799, -1.000000000000000000 ) ) ;
#4012 = ADVANCED_FACE ( 'NONE', ( #176 ), #3627, .F. ) ;
#4013 = ORIENTED_EDGE ( 'NONE', *, *, #3236, .F. ) ;
#4014 = CARTESIAN_POINT ( 'NONE',  ( 0.0000000000000000000, 0.0000000000000000000, 0.0000000000000000000 ) ) ;
#4015 = ORIENTED_EDGE ( 'NONE', *, *, #1096, .T. ) ;
#4016 = ORIENTED_EDGE ( 'NONE', *, *, #2431, .T. ) ;
#4017 = DIRECTION ( 'NONE',  ( -1.000000000000000000, 0.0000000000000000000, -0.0000000000000000000 ) ) ;
#4018 = DIRECTION ( 'NONE',  ( 1.047444401652940007E-14, 0.0000000000000000000, 1.000000000000000000 ) ) ;
#4019 = COORDINATED_UNIVERSAL_TIME_OFFSET ( 5, 30, .AHEAD. ) ;
#4020 = CARTESIAN_POINT ( 'NONE',  ( 1.499999999999999556, 0.2000000000000000111, 0.6250000000000000000 ) ) ;
#4021 = EDGE_LOOP ( 'NONE', ( #3854, #2068, #3739, #3877 ) ) ;
#4022 = ORIENTED_EDGE ( 'NONE', *, *, #587, .T. ) ;
#4023 = CARTESIAN_POINT ( 'NONE',  ( -1.499999999999999778, 0.2000000000000000111, -0.6250000000000000000 ) ) ;
#4024 = ORIENTED_EDGE ( 'NONE', *, *, #1103, .T. ) ;
#4025 = PLANE ( 'NONE',  #3517 ) ;
#4026 = AXIS2_PLACEMENT_3D ( 'NONE', #264, #3195, #2186 ) ;
#4027 = EDGE_LOOP ( 'NONE', ( #3992, #1049, #586, #824 ) ) ;
#4028 = ORIENTED_EDGE ( 'NONE', *, *, #3555, .T. ) ;
#4029 = CARTESIAN_POINT ( 'NONE',  ( 1.089999999999999636, 0.0000000000000000000, 0.6250000000000000000 ) ) ;
#4030 = EDGE_CURVE ( 'NONE', #3493, #646, #1684, .T. ) ;
#4031 = VECTOR ( 'NONE', #554, 1000.000000000000000 ) ;
#4032 = CARTESIAN_POINT ( 'NONE',  ( -0.3949999999999961875, 0.0000000000000000000, 1.090000000000001190 ) ) ;
#4033 = VERTEX_POINT ( 'NONE', #3005 ) ;
#4034 = DIRECTION ( 'NONE',  ( 1.000000000000000000, 0.0000000000000000000, 0.0000000000000000000 ) ) ;
#4035 = FACE_OUTER_BOUND ( 'NONE', #1245, .T. ) ;
#4036 = ORIENTED_EDGE ( 'NONE', *, *, #958, .T. ) ;
#4037 = CARTESIAN_POINT ( 'NONE',  ( -0.3950000000000114531, 0.2000000000000000111, -1.089999999999995639 ) ) ;
#4038 = ORIENTED_EDGE ( 'NONE', *, *, #3541, .T. ) ;
#4039 = LINE ( 'NONE', #4178, #2318 ) ;
#4040 = PLANE ( 'NONE',  #3685 ) ;
#4041 = CARTESIAN_POINT ( 'NONE',  ( 0.6249999999999886757, -0.4701063709417307446, -1.090000000000006297 ) ) ;
#4042 = ORIENTED_EDGE ( 'NONE', *, *, #1933, .F. ) ;
#4043 = DIRECTION ( 'NONE',  ( -1.000000000000000000, 0.0000000000000000000, 1.445602896647339163E-16 ) ) ;
#4044 = ORIENTED_EDGE ( 'NONE', *, *, #1490, .T. ) ;
#4045 = VECTOR ( 'NONE', #2560, 1000.000000000000000 ) ;
#4046 = CARTESIAN_POINT ( 'NONE',  ( -1.089999999999999858, 0.0000000000000000000, -0.1150000000000000050 ) ) ;
#4047 = CARTESIAN_POINT ( 'NONE',  ( 1.499999999999999556, 0.0000000000000000000, 0.6250000000000000000 ) ) ;
#4048 = LINE ( 'NONE', #1026, #3491 ) ;
#4049 = CARTESIAN_POINT ( 'NONE',  ( 1.089999999999999858, 0.2000000000000000111, 0.1150000000000000050 ) ) ;
#4050 = ORIENTED_EDGE ( 'NONE', *, *, #2396, .F. ) ;
#4051 = EDGE_CURVE ( 'NONE', #2745, #3805, #3206, .T. ) ;
#4052 = ORIENTED_EDGE ( 'NONE', *, *, #1933, .T. ) ;
#4053 = LINE ( 'NONE', #3934, #3190 ) ;
#4054 = CARTESIAN_POINT ( 'NONE',  ( 0.0000000000000000000, 0.0000000000000000000, 0.0000000000000000000 ) ) ;
#4055 = AXIS2_PLACEMENT_3D ( 'NONE', #3609, #3281, #683 ) ;
#4056 = CARTESIAN_POINT ( 'NONE',  ( 1.500000000000000444, 0.0000000000000000000, -1.500000000000000000 ) ) ;
#4057 = VECTOR ( 'NONE', #3416, 1000.000000000000000 ) ;
#4058 = EDGE_CURVE ( 'NONE', #3542, #2728, #1138, .T. ) ;
#4059 = LINE ( 'NONE', #1529, #2941 ) ;
#4060 = VERTEX_POINT ( 'NONE', #2700 ) ;
#4061 = CARTESIAN_POINT ( 'NONE',  ( -1.089999999999999858, 0.0000000000000000000, 0.6250000000000000000 ) ) ;
#4062 = AXIS2_PLACEMENT_3D ( 'NONE', #3320, #1423, #1710 ) ;
#4063 = CARTESIAN_POINT ( 'NONE',  ( 0.3949999999999843636, -0.4701063709417307446, -1.500000000000003775 ) ) ;
#4064 = PLANE ( 'NONE',  #3503 ) ;
#4065 = VERTEX_POINT ( 'NONE', #3327 ) ;
#4066 = CARTESIAN_POINT ( 'NONE',  ( -1.089999999999999858, 0.0000000000000000000, 0.6250000000000000000 ) ) ;
#4067 = ORIENTED_EDGE ( 'NONE', *, *, #1171, .T. ) ;
#4068 = CARTESIAN_POINT ( 'NONE',  ( 0.6249999999999843459, 0.2000000000000000111, -1.500000000000006217 ) ) ;
#4069 = CARTESIAN_POINT ( 'NONE',  ( 0.0000000000000000000, 0.2000000000000000111, 0.0000000000000000000 ) ) ;
#4070 = ORIENTED_EDGE ( 'NONE', *, *, #995, .T. ) ;
#4071 = CARTESIAN_POINT ( 'NONE',  ( -1.089999999999999858, 0.0000000000000000000, -0.3950000000000000733 ) ) ;
#4072 = LINE ( 'NONE', #3743, #1271 ) ;
#4073 = CARTESIAN_POINT ( 'NONE',  ( 0.3949999999999886380, -0.4701063709417307446, -1.090000000000003633 ) ) ;
#4074 = FACE_OUTER_BOUND ( 'NONE', #1771, .T. ) ;
#4075 = EDGE_LOOP ( 'NONE', ( #2928, #1573, #855, #807 ) ) ;
#4076 = VECTOR ( 'NONE', #2799, 1000.000000000000000 ) ;
#4077 = ORIENTED_EDGE ( 'NONE', *, *, #4051, .F. ) ;
#4078 = CARTESIAN_POINT ( 'NONE',  ( -0.7250000000000003109, 0.05000000000000000278, 0.7250000000000000888 ) ) ;
#4079 = FACE_OUTER_BOUND ( 'NONE', #4027, .T. ) ;
#4080 = EDGE_CURVE ( 'NONE', #2728, #3746, #3613, .T. ) ;
#4081 = DIRECTION ( 'NONE',  ( 0.0000000000000000000, -0.0000000000000000000, -1.000000000000000000 ) ) ;
#4082 = LINE ( 'NONE', #2424, #888 ) ;
#4083 = VERTEX_POINT ( 'NONE', #1381 ) ;
#4084 = CARTESIAN_POINT ( 'NONE',  ( -0.3949999999999961875, 0.0000000000000000000, 1.090000000000001190 ) ) ;
#4085 = PLANE ( 'NONE',  #1408 ) ;
#4086 = ORIENTED_EDGE ( 'NONE', *, *, #3214, .F. ) ;
#4087 = DIRECTION ( 'NONE',  ( 0.0000000000000000000, 0.0000000000000000000, -1.000000000000000000 ) ) ;
#4088 = LINE ( 'NONE', #576, #3688 ) ;
#4089 = CC_DESIGN_SECURITY_CLASSIFICATION ( #816, ( #2852 ) ) ;
#4090 = EDGE_LOOP ( 'NONE', ( #2662, #1472, #897, #548 ) ) ;
#4091 = ORIENTED_EDGE ( 'NONE', *, *, #730, .F. ) ;
#4092 = VECTOR ( 'NONE', #1799, 1000.000000000000000 ) ;
#4093 = DIRECTION ( 'NONE',  ( -0.0000000000000000000, 1.000000000000000000, -0.0000000000000000000 ) ) ;
#4094 = CARTESIAN_POINT ( 'NONE',  ( -1.219903562631567295, 0.0000000000000000000, -1.425616594575732643 ) ) ;
#4095 = ORIENTED_EDGE ( 'NONE', *, *, #691, .T. ) ;
#4096 = APPROVAL_STATUS ( 'not_yet_approved' ) ;
#4097 = ADVANCED_FACE ( 'NONE', ( #2049 ), #1397, .F. ) ;
#4098 = VECTOR ( 'NONE', #296, 1000.000000000000000 ) ;
#4099 = VECTOR ( 'NONE', #712, 1000.000000000000000 ) ;
#4100 = DIRECTION ( 'NONE',  ( 1.131341397376178602E-14, 0.0000000000000000000, 1.000000000000000000 ) ) ;
#4101 = VECTOR ( 'NONE', #4158, 1000.000000000000000 ) ;
#4102 = DIRECTION ( 'NONE',  ( -1.000000000000000000, 0.0000000000000000000, 3.437714205441843395E-15 ) ) ;
#4103 = EDGE_CURVE ( 'NONE', #3213, #734, #2763, .T. ) ;
#4104 = ORIENTED_EDGE ( 'NONE', *, *, #1297, .T. ) ;
#4105 = CARTESIAN_POINT ( 'NONE',  ( -0.6249999999999947820, 0.2000000000000000111, 1.500000000000001998 ) ) ;
#4106 = PERSON_AND_ORGANIZATION_ROLE ( 'design_supplier' ) ;
#4107 = VECTOR ( 'NONE', #3602, 1000.000000000000000 ) ;
#4108 = CARTESIAN_POINT ( 'NONE',  ( 1.499999999999999778, 0.0000000000000000000, -0.3950000000000000733 ) ) ;
#4109 = EDGE_CURVE ( 'NONE', #1372, #3185, #2663, .T. ) ;
#4110 = CARTESIAN_POINT ( 'NONE',  ( 0.3950000000000038480, -0.4701063709417307446, 1.089999999999998526 ) ) ;
#4111 = VERTEX_POINT ( 'NONE', #2065 ) ;
#4112 = AXIS2_PLACEMENT_3D ( 'NONE', #2971, #3606, #727 ) ;
#4113 = ADVANCED_FACE ( 'NONE', ( #1431 ), #1997, .F. ) ;
#4114 = PLANE ( 'NONE',  #1727 ) ;
#4115 = EDGE_LOOP ( 'NONE', ( #116, #300, #3975, #1135 ) ) ;
#4116 = DIRECTION ( 'NONE',  ( -0.0000000000000000000, 0.0000000000000000000, 1.000000000000000000 ) ) ;
#4117 = ORIENTED_EDGE ( 'NONE', *, *, #744, .T. ) ;
#4118 = DIRECTION ( 'NONE',  ( -0.0000000000000000000, 0.0000000000000000000, 1.000000000000000000 ) ) ;
#4119 = DIRECTION ( 'NONE',  ( 1.047444401652940007E-14, 0.0000000000000000000, 1.000000000000000000 ) ) ;
#4120 = COORDINATED_UNIVERSAL_TIME_OFFSET ( 5, 30, .AHEAD. ) ;
#4121 = ORIENTED_EDGE ( 'NONE', *, *, #2516, .T. ) ;
#4122 = CARTESIAN_POINT ( 'NONE',  ( 0.1150000000000052369, 0.0000000000000000000, 1.499999999999999334 ) ) ;
#4123 = VERTEX_POINT ( 'NONE', #1412 ) ;
#4124 = CARTESIAN_POINT ( 'NONE',  ( -0.3950000000000157274, 0.2000000000000000111, -1.499999999999995781 ) ) ;
#4125 = PERSON_AND_ORGANIZATION ( #751, #3054 ) ;
#4126 = DIRECTION ( 'NONE',  ( -0.0000000000000000000, 1.000000000000000000, -0.0000000000000000000 ) ) ;
#4127 = PERSON_AND_ORGANIZATION ( #751, #3054 ) ;
#4128 = ORIENTED_EDGE ( 'NONE', *, *, #279, .F. ) ;
#4129 = VECTOR ( 'NONE', #472, 1000.000000000000000 ) ;
#4130 = DIRECTION ( 'NONE',  ( 0.0000000000000000000, -0.0000000000000000000, -1.000000000000000000 ) ) ;
#4131 = EDGE_CURVE ( 'NONE', #1336, #517, #1035, .T. ) ;
#4132 = EDGE_CURVE ( 'NONE', #311, #1249, #2455, .T. ) ;
#4133 = ADVANCED_FACE ( 'NONE', ( #475 ), #1139, .F. ) ;
#4134 = ORIENTED_EDGE ( 'NONE', *, *, #772, .T. ) ;
#4135 = DIRECTION ( 'NONE',  ( 1.000000000000000000, 0.0000000000000000000, -3.491481338843133355E-15 ) ) ;
#4136 = VECTOR ( 'NONE', #3135, 1000.000000000000000 ) ;
#4137 = PLANE ( 'NONE',  #1875 ) ;
#4138 = ORIENTED_EDGE ( 'NONE', *, *, #3390, .F. ) ;
#4139 = EDGE_CURVE ( 'NONE', #154, #3516, #677, .T. ) ;
#4140 = VECTOR ( 'NONE', #3845, 1000.000000000000000 ) ;
#4141 = CLOSED_SHELL ( 'NONE', ( #2948, #986, #405, #3271, #2605, #3770 ) ) ;
#4142 = CARTESIAN_POINT ( 'NONE',  ( 1.499999999999999778, 0.0000000000000000000, -0.6250000000000000000 ) ) ;
#4143 = CARTESIAN_POINT ( 'NONE',  ( 0.6250000000000037748, -0.4701063709417307446, 1.089999999999997637 ) ) ;
#4144 = DIRECTION ( 'NONE',  ( 1.000000000000000000, 0.0000000000000000000, 0.0000000000000000000 ) ) ;
#4145 = LINE ( 'NONE', #3265, #436 ) ;
#4146 = ORIENTED_EDGE ( 'NONE', *, *, #1356, .T. ) ;
#4147 = AXIS2_PLACEMENT_3D ( 'NONE', #2846, #2201, #1225 ) ;
#4148 = VECTOR ( 'NONE', #2372, 1000.000000000000000 ) ;
#4149 = ORIENTED_EDGE ( 'NONE', *, *, #926, .F. ) ;
#4150 = PLANE ( 'NONE',  #3647 ) ;
#4151 = CARTESIAN_POINT ( 'NONE',  ( 1.089999999999999858, 0.2000000000000000111, -0.1150000000000000050 ) ) ;
#4152 = LINE ( 'NONE', #259, #2686 ) ;
#4153 = EDGE_LOOP ( 'NONE', ( #826, #2623, #1310, #4146 ) ) ;
#4154 = CARTESIAN_POINT ( 'NONE',  ( 1.499999999999999556, 0.2000000000000000111, 0.3950000000000000733 ) ) ;
#4155 = LINE ( 'NONE', #1299, #2794 ) ;
#4156 = CARTESIAN_POINT ( 'NONE',  ( 0.1149999999999842953, -0.4701063709417307446, -1.500000000000001110 ) ) ;
#4157 = VECTOR ( 'NONE', #1403, 1000.000000000000000 ) ;
#4158 = DIRECTION ( 'NONE',  ( -1.000000000000000000, 0.0000000000000000000, 0.0000000000000000000 ) ) ;
#4159 = ORIENTED_EDGE ( 'NONE', *, *, #4080, .T. ) ;
#4160 = VERTEX_POINT ( 'NONE', #776 ) ;
#4161 = AXIS2_PLACEMENT_3D ( 'NONE', #3847, #2614, #614 ) ;
#4162 = PLANE ( 'NONE',  #2188 ) ;
#4163 = DIRECTION ( 'NONE',  ( 0.0000000000000000000, 0.0000000000000000000, 1.000000000000000000 ) ) ;
#4164 = ORIENTED_EDGE ( 'NONE', *, *, #1749, .T. ) ;
#4165 = EDGE_LOOP ( 'NONE', ( #43, #3204, #998, #1817 ) ) ;
#4166 = CARTESIAN_POINT ( 'NONE',  ( -0.9342869680558283374, 0.05000000000000000278, -1.400616594575732288 ) ) ;
#4167 = EDGE_CURVE ( 'NONE', #3551, #2771, #1476, .T. ) ;
#4168 = DIRECTION ( 'NONE',  ( -1.000000000000000000, 0.0000000000000000000, 1.131341397376178602E-14 ) ) ;
#4169 = AXIS2_PLACEMENT_3D ( 'NONE', #1991, #108, #47 ) ;
#4170 = ORIENTED_EDGE ( 'NONE', *, *, #1443, .F. ) ;
#4171 = CLOSED_SHELL ( 'NONE', ( #2281, #2820, #2845, #1644, #2922, #2301 ) ) ;
#4172 = AXIS2_PLACEMENT_3D ( 'NONE', #2929, #2888, #1925 ) ;
#4173 = DIRECTION ( 'NONE',  ( 1.047444401652940007E-14, -0.0000000000000000000, 1.000000000000000000 ) ) ;
#4174 = ORIENTED_EDGE ( 'NONE', *, *, #3000, .T. ) ;
#4175 = VECTOR ( 'NONE', #1338, 1000.000000000000000 ) ;
#4176 = VERTEX_POINT ( 'NONE', #1438 ) ;
#4177 = DIRECTION ( 'NONE',  ( -0.0000000000000000000, -1.000000000000000000, -0.0000000000000000000 ) ) ;
#4178 = CARTESIAN_POINT ( 'NONE',  ( 1.500000000000000444, 0.0000000000000000000, 1.499999999999999778 ) ) ;
#4179 = FACE_OUTER_BOUND ( 'NONE', #1450, .T. ) ;
#4180 = DIRECTION ( 'NONE',  ( -1.000000000000000000, 0.0000000000000000000, 3.491481338843133355E-15 ) ) ;
#4181 = ORIENTED_EDGE ( 'NONE', *, *, #3947, .F. ) ;
#4182 = DIRECTION ( 'NONE',  ( 1.047841733774100299E-14, 0.0000000000000000000, 1.000000000000000000 ) ) ;
#4183 = FACE_OUTER_BOUND ( 'NONE', #2319, .T. ) ;
#4184 = DIRECTION ( 'NONE',  ( 0.0000000000000000000, 0.0000000000000000000, -1.000000000000000000 ) ) ;
#4185 = ORIENTED_EDGE ( 'NONE', *, *, #3181, .F. ) ;
#4186 = PLANE ( 'NONE',  #51 ) ;
#4187 = VECTOR ( 'NONE', #3287, 1000.000000000000000 ) ;
#4188 = EDGE_CURVE ( 'NONE', #150, #777, #2563, .T. ) ;
#4189 = EDGE_LOOP ( 'NONE', ( #4038, #2609, #3789, #1523 ) ) ;
#4190 = CARTESIAN_POINT ( 'NONE',  ( -0.7250000000000003109, 0.05000000000000000278, 0.7250000000000000888 ) ) ;
#4191 = AXIS2_PLACEMENT_3D ( 'NONE', #3480, #4163, #572 ) ;
#4192 = LINE ( 'NONE', #3852, #1343 ) ;
#4193 = CARTESIAN_POINT ( 'NONE',  ( 0.0000000000000000000, 0.0000000000000000000, 0.0000000000000000000 ) ) ;
#4194 = CARTESIAN_POINT ( 'NONE',  ( 1.499999999999999778, -0.4701063709417307446, -0.3950000000000000733 ) ) ;
#4195 = VERTEX_POINT ( 'NONE', #3069 ) ;
#4196 = EDGE_CURVE ( 'NONE', #2246, #3857, #4072, .T. ) ;
#4197 = FACE_OUTER_BOUND ( 'NONE', #674, .T. ) ;
#4198 = ORIENTED_EDGE ( 'NONE', *, *, #810, .T. ) ;
#4199 = CARTESIAN_POINT ( 'NONE',  ( 1.500000000000000444, 0.0000000000000000000, -1.500000000000000000 ) ) ;
#4200 = ORIENTED_EDGE ( 'NONE', *, *, #3646, .F. ) ;
#4201 = LINE ( 'NONE', #2143, #2983 ) ;
#4202 = CARTESIAN_POINT ( 'NONE',  ( -0.3950000000000114531, 0.2000000000000000111, -1.089999999999995639 ) ) ;
#4203 = CARTESIAN_POINT ( 'NONE',  ( 0.6249999999999843459, -0.4701063709417307446, -1.500000000000006217 ) ) ;
ENDSEC;
END-ISO-10303-21;
